date,phc_id,phc_name,district,state,lat,lon,medicine,unit,stock_level,sanctioned_beds,beds_occupied,sanctioned_staff,staff_present
2026-08-28,PHC-001,Lucknow PHC-1,Lucknow,Uttar Pradesh,26.5749,78.7776,Paracetamol,units,665.1,18,15,13,13
2026-08-29,PHC-001,Lucknow PHC-1,Lucknow,Uttar Pradesh,26.5749,78.7776,Paracetamol,units,656.6,18,9,13,12
2026-08-30,PHC-001,Lucknow PHC-1,Lucknow,Uttar Pradesh,26.5749,78.7776,Paracetamol,units,638.7,18,14,13,9
2026-08-31,PHC-001,Lucknow PHC-1,Lucknow,Uttar Pradesh,26.5749,78.7776,Paracetamol,units,622.1,18,9,13,11
2026-09-01,PHC-001,Lucknow PHC-1,Lucknow,Uttar Pradesh,26.5749,78.7776,Paracetamol,units,613.8,18,11,13,12
2026-09-02,PHC-001,Lucknow PHC-1,Lucknow,Uttar Pradesh,26.5749,78.7776,Paracetamol,units,605.5,18,12,13,8
2026-09-03,PHC-001,Lucknow PHC-1,Lucknow,Uttar Pradesh,26.5749,78.7776,Paracetamol,units,592.5,18,8,13,9
2026-09-04,PHC-001,Lucknow PHC-1,Lucknow,Uttar Pradesh,26.5749,78.7776,Paracetamol,units,583.4,18,9,13,12
2026-09-05,PHC-001,Lucknow PHC-1,Lucknow,Uttar Pradesh,26.5749,78.7776,Paracetamol,units,567.3,18,10,13,10
2026-09-06,PHC-001,Lucknow PHC-1,Lucknow,Uttar Pradesh,26.5749,78.7776,Paracetamol,units,556.8,18,13,13,11
2026-09-07,PHC-001,Lucknow PHC-1,Lucknow,Uttar Pradesh,26.5749,78.7776,Paracetamol,units,537.9,18,10,13,10
2026-09-08,PHC-001,Lucknow PHC-1,Lucknow,Uttar Pradesh,26.5749,78.7776,Paracetamol,units,531.1,18,11,13,11
2026-09-09,PHC-001,Lucknow PHC-1,Lucknow,Uttar Pradesh,26.5749,78.7776,Paracetamol,units,523.2,18,11,13,11
2026-09-10,PHC-001,Lucknow PHC-1,Lucknow,Uttar Pradesh,26.5749,78.7776,Paracetamol,units,504.2,18,15,13,10
2026-09-11,PHC-001,Lucknow PHC-1,Lucknow,Uttar Pradesh,26.5749,78.7776,Paracetamol,units,487.2,18,6,13,10
2026-09-12,PHC-001,Lucknow PHC-1,Lucknow,Uttar Pradesh,26.5749,78.7776,Paracetamol,units,480.5,18,14,13,10
2026-09-13,PHC-001,Lucknow PHC-1,Lucknow,Uttar Pradesh,26.5749,78.7776,Paracetamol,units,463.6,18,5,13,10
2026-09-14,PHC-001,Lucknow PHC-1,Lucknow,Uttar Pradesh,26.5749,78.7776,Paracetamol,units,449.2,18,9,13,9
2026-09-15,PHC-001,Lucknow PHC-1,Lucknow,Uttar Pradesh,26.5749,78.7776,Paracetamol,units,434.3,18,6,13,9
2026-09-16,PHC-001,Lucknow PHC-1,Lucknow,Uttar Pradesh,26.5749,78.7776,Paracetamol,units,424.5,18,7,13,9
2026-09-17,PHC-001,Lucknow PHC-1,Lucknow,Uttar Pradesh,26.5749,78.7776,Paracetamol,units,407.4,18,18,13,9
2026-09-18,PHC-001,Lucknow PHC-1,Lucknow,Uttar Pradesh,26.5749,78.7776,Paracetamol,units,393.2,18,11,13,13
2026-09-19,PHC-001,Lucknow PHC-1,Lucknow,Uttar Pradesh,26.5749,78.7776,Paracetamol,units,382.7,18,10,13,11
2026-09-20,PHC-001,Lucknow PHC-1,Lucknow,Uttar Pradesh,26.5749,78.7776,Paracetamol,units,374.0,18,9,13,10
2026-09-21,PHC-001,Lucknow PHC-1,Lucknow,Uttar Pradesh,26.5749,78.7776,Paracetamol,units,366.0,18,10,13,10
2026-09-22,PHC-001,Lucknow PHC-1,Lucknow,Uttar Pradesh,26.5749,78.7776,Paracetamol,units,357.2,18,9,13,11
2026-09-23,PHC-001,Lucknow PHC-1,Lucknow,Uttar Pradesh,26.5749,78.7776,Paracetamol,units,341.9,18,11,13,11
2026-09-24,PHC-001,Lucknow PHC-1,Lucknow,Uttar Pradesh,26.5749,78.7776,Paracetamol,units,328.8,18,10,13,10
2026-09-25,PHC-001,Lucknow PHC-1,Lucknow,Uttar Pradesh,26.5749,78.7776,Paracetamol,units,321.8,18,10,13,13
2026-09-26,PHC-001,Lucknow PHC-1,Lucknow,Uttar Pradesh,26.5749,78.7776,Paracetamol,units,307.8,18,11,13,10
2026-08-28,PHC-001,Lucknow PHC-1,Lucknow,Uttar Pradesh,26.5749,78.7776,ORS Sachets,packets,301.0,18,14,13,11
2026-08-29,PHC-001,Lucknow PHC-1,Lucknow,Uttar Pradesh,26.5749,78.7776,ORS Sachets,packets,289.9,18,6,13,12
2026-08-30,PHC-001,Lucknow PHC-1,Lucknow,Uttar Pradesh,26.5749,78.7776,ORS Sachets,packets,279.0,18,7,13,10
2026-08-31,PHC-001,Lucknow PHC-1,Lucknow,Uttar Pradesh,26.5749,78.7776,ORS Sachets,packets,269.0,18,10,13,10
2026-09-01,PHC-001,Lucknow PHC-1,Lucknow,Uttar Pradesh,26.5749,78.7776,ORS Sachets,packets,264.0,18,10,13,11
2026-09-02,PHC-001,Lucknow PHC-1,Lucknow,Uttar Pradesh,26.5749,78.7776,ORS Sachets,packets,253.4,18,3,13,10
2026-09-03,PHC-001,Lucknow PHC-1,Lucknow,Uttar Pradesh,26.5749,78.7776,ORS Sachets,packets,244.5,18,11,13,10
2026-09-04,PHC-001,Lucknow PHC-1,Lucknow,Uttar Pradesh,26.5749,78.7776,ORS Sachets,packets,236.9,18,11,13,13
2026-09-05,PHC-001,Lucknow PHC-1,Lucknow,Uttar Pradesh,26.5749,78.7776,ORS Sachets,packets,230.2,18,13,13,10
2026-09-06,PHC-001,Lucknow PHC-1,Lucknow,Uttar Pradesh,26.5749,78.7776,ORS Sachets,packets,223.3,18,7,13,10
2026-09-07,PHC-001,Lucknow PHC-1,Lucknow,Uttar Pradesh,26.5749,78.7776,ORS Sachets,packets,212.0,18,12,13,13
2026-09-08,PHC-001,Lucknow PHC-1,Lucknow,Uttar Pradesh,26.5749,78.7776,ORS Sachets,packets,205.5,18,11,13,13
2026-09-09,PHC-001,Lucknow PHC-1,Lucknow,Uttar Pradesh,26.5749,78.7776,ORS Sachets,packets,196.5,18,13,13,10
2026-09-10,PHC-001,Lucknow PHC-1,Lucknow,Uttar Pradesh,26.5749,78.7776,ORS Sachets,packets,187.7,18,8,13,12
2026-09-11,PHC-001,Lucknow PHC-1,Lucknow,Uttar Pradesh,26.5749,78.7776,ORS Sachets,packets,182.2,18,12,13,10
2026-09-12,PHC-001,Lucknow PHC-1,Lucknow,Uttar Pradesh,26.5749,78.7776,ORS Sachets,packets,173.5,18,12,13,13
2026-09-13,PHC-001,Lucknow PHC-1,Lucknow,Uttar Pradesh,26.5749,78.7776,ORS Sachets,packets,169.0,18,6,13,10
2026-09-14,PHC-001,Lucknow PHC-1,Lucknow,Uttar Pradesh,26.5749,78.7776,ORS Sachets,packets,157.6,18,9,13,12
2026-09-15,PHC-001,Lucknow PHC-1,Lucknow,Uttar Pradesh,26.5749,78.7776,ORS Sachets,packets,147.6,18,8,13,9
2026-09-16,PHC-001,Lucknow PHC-1,Lucknow,Uttar Pradesh,26.5749,78.7776,ORS Sachets,packets,141.7,18,7,13,10
2026-09-17,PHC-001,Lucknow PHC-1,Lucknow,Uttar Pradesh,26.5749,78.7776,ORS Sachets,packets,133.0,18,9,13,12
2026-09-18,PHC-001,Lucknow PHC-1,Lucknow,Uttar Pradesh,26.5749,78.7776,ORS Sachets,packets,124.6,18,4,13,11
2026-09-19,PHC-001,Lucknow PHC-1,Lucknow,Uttar Pradesh,26.5749,78.7776,ORS Sachets,packets,114.8,18,11,13,12
2026-09-20,PHC-001,Lucknow PHC-1,Lucknow,Uttar Pradesh,26.5749,78.7776,ORS Sachets,packets,106.2,18,9,13,11
2026-09-21,PHC-001,Lucknow PHC-1,Lucknow,Uttar Pradesh,26.5749,78.7776,ORS Sachets,packets,101.4,18,14,13,11
2026-09-22,PHC-001,Lucknow PHC-1,Lucknow,Uttar Pradesh,26.5749,78.7776,ORS Sachets,packets,94.2,18,9,13,12
2026-09-23,PHC-001,Lucknow PHC-1,Lucknow,Uttar Pradesh,26.5749,78.7776,ORS Sachets,packets,87.7,18,11,13,11
2026-09-24,PHC-001,Lucknow PHC-1,Lucknow,Uttar Pradesh,26.5749,78.7776,ORS Sachets,packets,81.7,18,8,13,10
2026-09-25,PHC-001,Lucknow PHC-1,Lucknow,Uttar Pradesh,26.5749,78.7776,ORS Sachets,packets,76.6,18,11,13,12
2026-09-26,PHC-001,Lucknow PHC-1,Lucknow,Uttar Pradesh,26.5749,78.7776,ORS Sachets,packets,69.3,18,10,13,12
2026-08-28,PHC-001,Lucknow PHC-1,Lucknow,Uttar Pradesh,26.5749,78.7776,Insulin,vials,136.0,18,10,13,12
2026-08-29,PHC-001,Lucknow PHC-1,Lucknow,Uttar Pradesh,26.5749,78.7776,Insulin,vials,137.0,18,12,13,13
2026-08-30,PHC-001,Lucknow PHC-1,Lucknow,Uttar Pradesh,26.5749,78.7776,Insulin,vials,134.7,18,15,13,10
2026-08-31,PHC-001,Lucknow PHC-1,Lucknow,Uttar Pradesh,26.5749,78.7776,Insulin,vials,135.4,18,6,13,9
2026-09-01,PHC-001,Lucknow PHC-1,Lucknow,Uttar Pradesh,26.5749,78.7776,Insulin,vials,134.6,18,11,13,11
2026-09-02,PHC-001,Lucknow PHC-1,Lucknow,Uttar Pradesh,26.5749,78.7776,Insulin,vials,132.8,18,4,13,11
2026-09-03,PHC-001,Lucknow PHC-1,Lucknow,Uttar Pradesh,26.5749,78.7776,Insulin,vials,133.2,18,12,13,11
2026-09-04,PHC-001,Lucknow PHC-1,Lucknow,Uttar Pradesh,26.5749,78.7776,Insulin,vials,133.3,18,12,13,10
2026-09-05,PHC-001,Lucknow PHC-1,Lucknow,Uttar Pradesh,26.5749,78.7776,Insulin,vials,133.4,18,13,13,10
2026-09-06,PHC-001,Lucknow PHC-1,Lucknow,Uttar Pradesh,26.5749,78.7776,Insulin,vials,133.1,18,10,13,12
2026-09-07,PHC-001,Lucknow PHC-1,Lucknow,Uttar Pradesh,26.5749,78.7776,Insulin,vials,131.7,18,6,13,8
2026-09-08,PHC-001,Lucknow PHC-1,Lucknow,Uttar Pradesh,26.5749,78.7776,Insulin,vials,132.1,18,10,13,11
2026-09-09,PHC-001,Lucknow PHC-1,Lucknow,Uttar Pradesh,26.5749,78.7776,Insulin,vials,133.7,18,10,13,12
2026-09-10,PHC-001,Lucknow PHC-1,Lucknow,Uttar Pradesh,26.5749,78.7776,Insulin,vials,132.8,18,9,13,9
2026-09-11,PHC-001,Lucknow PHC-1,Lucknow,Uttar Pradesh,26.5749,78.7776,Insulin,vials,132.5,18,12,13,13
2026-09-12,PHC-001,Lucknow PHC-1,Lucknow,Uttar Pradesh,26.5749,78.7776,Insulin,vials,133.0,18,7,13,11
2026-09-13,PHC-001,Lucknow PHC-1,Lucknow,Uttar Pradesh,26.5749,78.7776,Insulin,vials,130.4,18,13,13,10
2026-09-14,PHC-001,Lucknow PHC-1,Lucknow,Uttar Pradesh,26.5749,78.7776,Insulin,vials,129.7,18,9,13,11
2026-09-15,PHC-001,Lucknow PHC-1,Lucknow,Uttar Pradesh,26.5749,78.7776,Insulin,vials,130.1,18,11,13,12
2026-09-16,PHC-001,Lucknow PHC-1,Lucknow,Uttar Pradesh,26.5749,78.7776,Insulin,vials,128.9,18,13,13,10
2026-09-17,PHC-001,Lucknow PHC-1,Lucknow,Uttar Pradesh,26.5749,78.7776,Insulin,vials,129.4,18,10,13,11
2026-09-18,PHC-001,Lucknow PHC-1,Lucknow,Uttar Pradesh,26.5749,78.7776,Insulin,vials,131.5,18,10,13,11
2026-09-19,PHC-001,Lucknow PHC-1,Lucknow,Uttar Pradesh,26.5749,78.7776,Insulin,vials,130.8,18,11,13,11
2026-09-20,PHC-001,Lucknow PHC-1,Lucknow,Uttar Pradesh,26.5749,78.7776,Insulin,vials,130.0,18,6,13,8
2026-09-21,PHC-001,Lucknow PHC-1,Lucknow,Uttar Pradesh,26.5749,78.7776,Insulin,vials,129.6,18,10,13,13
2026-09-22,PHC-001,Lucknow PHC-1,Lucknow,Uttar Pradesh,26.5749,78.7776,Insulin,vials,128.9,18,11,13,10
2026-09-23,PHC-001,Lucknow PHC-1,Lucknow,Uttar Pradesh,26.5749,78.7776,Insulin,vials,129.1,18,12,13,10
2026-09-24,PHC-001,Lucknow PHC-1,Lucknow,Uttar Pradesh,26.5749,78.7776,Insulin,vials,128.0,18,10,13,13
2026-09-25,PHC-001,Lucknow PHC-1,Lucknow,Uttar Pradesh,26.5749,78.7776,Insulin,vials,129.4,18,11,13,11
2026-09-26,PHC-001,Lucknow PHC-1,Lucknow,Uttar Pradesh,26.5749,78.7776,Insulin,vials,129.2,18,8,13,11
2026-08-28,PHC-001,Lucknow PHC-1,Lucknow,Uttar Pradesh,26.5749,78.7776,Amoxicillin,strips,400.6,18,12,13,12
2026-08-29,PHC-001,Lucknow PHC-1,Lucknow,Uttar Pradesh,26.5749,78.7776,Amoxicillin,strips,402.8,18,10,13,11
2026-08-30,PHC-001,Lucknow PHC-1,Lucknow,Uttar Pradesh,26.5749,78.7776,Amoxicillin,strips,405.5,18,13,13,8
2026-08-31,PHC-001,Lucknow PHC-1,Lucknow,Uttar Pradesh,26.5749,78.7776,Amoxicillin,strips,407.6,18,5,13,9
2026-09-01,PHC-001,Lucknow PHC-1,Lucknow,Uttar Pradesh,26.5749,78.7776,Amoxicillin,strips,411.1,18,13,13,10
2026-09-02,PHC-001,Lucknow PHC-1,Lucknow,Uttar Pradesh,26.5749,78.7776,Amoxicillin,strips,413.5,18,2,13,10
2026-09-03,PHC-001,Lucknow PHC-1,Lucknow,Uttar Pradesh,26.5749,78.7776,Amoxicillin,strips,419.5,18,11,13,10
2026-09-04,PHC-001,Lucknow PHC-1,Lucknow,Uttar Pradesh,26.5749,78.7776,Amoxicillin,strips,424.3,18,6,13,10
2026-09-05,PHC-001,Lucknow PHC-1,Lucknow,Uttar Pradesh,26.5749,78.7776,Amoxicillin,strips,428.8,18,10,13,11
2026-09-06,PHC-001,Lucknow PHC-1,Lucknow,Uttar Pradesh,26.5749,78.7776,Amoxicillin,strips,432.9,18,12,13,10
2026-09-07,PHC-001,Lucknow PHC-1,Lucknow,Uttar Pradesh,26.5749,78.7776,Amoxicillin,strips,438.3,18,15,13,9
2026-09-08,PHC-001,Lucknow PHC-1,Lucknow,Uttar Pradesh,26.5749,78.7776,Amoxicillin,strips,443.6,18,14,13,10
2026-09-09,PHC-001,Lucknow PHC-1,Lucknow,Uttar Pradesh,26.5749,78.7776,Amoxicillin,strips,447.4,18,9,13,12
2026-09-10,PHC-001,Lucknow PHC-1,Lucknow,Uttar Pradesh,26.5749,78.7776,Amoxicillin,strips,452.4,18,11,13,12
2026-09-11,PHC-001,Lucknow PHC-1,Lucknow,Uttar Pradesh,26.5749,78.7776,Amoxicillin,strips,455.0,18,8,13,10
2026-09-12,PHC-001,Lucknow PHC-1,Lucknow,Uttar Pradesh,26.5749,78.7776,Amoxicillin,strips,457.2,18,6,13,11
2026-09-13,PHC-001,Lucknow PHC-1,Lucknow,Uttar Pradesh,26.5749,78.7776,Amoxicillin,strips,461.2,18,13,13,8
2026-09-14,PHC-001,Lucknow PHC-1,Lucknow,Uttar Pradesh,26.5749,78.7776,Amoxicillin,strips,463.5,18,6,13,10
2026-09-15,PHC-001,Lucknow PHC-1,Lucknow,Uttar Pradesh,26.5749,78.7776,Amoxicillin,strips,468.1,18,10,13,10
2026-09-16,PHC-001,Lucknow PHC-1,Lucknow,Uttar Pradesh,26.5749,78.7776,Amoxicillin,strips,473.1,18,11,13,9
2026-09-17,PHC-001,Lucknow PHC-1,Lucknow,Uttar Pradesh,26.5749,78.7776,Amoxicillin,strips,477.3,18,12,13,11
2026-09-18,PHC-001,Lucknow PHC-1,Lucknow,Uttar Pradesh,26.5749,78.7776,Amoxicillin,strips,481.2,18,11,13,13
2026-09-19,PHC-001,Lucknow PHC-1,Lucknow,Uttar Pradesh,26.5749,78.7776,Amoxicillin,strips,485.2,18,9,13,10
2026-09-20,PHC-001,Lucknow PHC-1,Lucknow,Uttar Pradesh,26.5749,78.7776,Amoxicillin,strips,490.6,18,7,13,9
2026-09-21,PHC-001,Lucknow PHC-1,Lucknow,Uttar Pradesh,26.5749,78.7776,Amoxicillin,strips,494.2,18,11,13,11
2026-09-22,PHC-001,Lucknow PHC-1,Lucknow,Uttar Pradesh,26.5749,78.7776,Amoxicillin,strips,496.9,18,13,13,11
2026-09-23,PHC-001,Lucknow PHC-1,Lucknow,Uttar Pradesh,26.5749,78.7776,Amoxicillin,strips,499.0,18,9,13,11
2026-09-24,PHC-001,Lucknow PHC-1,Lucknow,Uttar Pradesh,26.5749,78.7776,Amoxicillin,strips,502.3,18,6,13,10
2026-09-25,PHC-001,Lucknow PHC-1,Lucknow,Uttar Pradesh,26.5749,78.7776,Amoxicillin,strips,505.4,18,8,13,11
2026-09-26,PHC-001,Lucknow PHC-1,Lucknow,Uttar Pradesh,26.5749,78.7776,Amoxicillin,strips,511.3,18,14,13,12
2026-08-28,PHC-001,Lucknow PHC-1,Lucknow,Uttar Pradesh,26.5749,78.7776,Iron Folic Acid Tablets,strips,785.1,18,10,13,9
2026-08-29,PHC-001,Lucknow PHC-1,Lucknow,Uttar Pradesh,26.5749,78.7776,Iron Folic Acid Tablets,strips,792.5,18,7,13,10
2026-08-30,PHC-001,Lucknow PHC-1,Lucknow,Uttar Pradesh,26.5749,78.7776,Iron Folic Acid Tablets,strips,803.6,18,7,13,11
2026-08-31,PHC-001,Lucknow PHC-1,Lucknow,Uttar Pradesh,26.5749,78.7776,Iron Folic Acid Tablets,strips,791.4,18,7,13,10
2026-09-01,PHC-001,Lucknow PHC-1,Lucknow,Uttar Pradesh,26.5749,78.7776,Iron Folic Acid Tablets,strips,796.2,18,11,13,8
2026-09-02,PHC-001,Lucknow PHC-1,Lucknow,Uttar Pradesh,26.5749,78.7776,Iron Folic Acid Tablets,strips,793.1,18,14,13,10
2026-09-03,PHC-001,Lucknow PHC-1,Lucknow,Uttar Pradesh,26.5749,78.7776,Iron Folic Acid Tablets,strips,797.3,18,12,13,11
2026-09-04,PHC-001,Lucknow PHC-1,Lucknow,Uttar Pradesh,26.5749,78.7776,Iron Folic Acid Tablets,strips,800.1,18,8,13,11
2026-09-05,PHC-001,Lucknow PHC-1,Lucknow,Uttar Pradesh,26.5749,78.7776,Iron Folic Acid Tablets,strips,803.4,18,8,13,9
2026-09-06,PHC-001,Lucknow PHC-1,Lucknow,Uttar Pradesh,26.5749,78.7776,Iron Folic Acid Tablets,strips,805.3,18,9,13,12
2026-09-07,PHC-001,Lucknow PHC-1,Lucknow,Uttar Pradesh,26.5749,78.7776,Iron Folic Acid Tablets,strips,805.5,18,11,13,10
2026-09-08,PHC-001,Lucknow PHC-1,Lucknow,Uttar Pradesh,26.5749,78.7776,Iron Folic Acid Tablets,strips,803.8,18,9,13,12
2026-09-09,PHC-001,Lucknow PHC-1,Lucknow,Uttar Pradesh,26.5749,78.7776,Iron Folic Acid Tablets,strips,793.2,18,15,13,13
2026-09-10,PHC-001,Lucknow PHC-1,Lucknow,Uttar Pradesh,26.5749,78.7776,Iron Folic Acid Tablets,strips,783.9,18,9,13,10
2026-09-11,PHC-001,Lucknow PHC-1,Lucknow,Uttar Pradesh,26.5749,78.7776,Iron Folic Acid Tablets,strips,774.6,18,12,13,11
2026-09-12,PHC-001,Lucknow PHC-1,Lucknow,Uttar Pradesh,26.5749,78.7776,Iron Folic Acid Tablets,strips,779.7,18,16,13,11
2026-09-13,PHC-001,Lucknow PHC-1,Lucknow,Uttar Pradesh,26.5749,78.7776,Iron Folic Acid Tablets,strips,778.9,18,12,13,8
2026-09-14,PHC-001,Lucknow PHC-1,Lucknow,Uttar Pradesh,26.5749,78.7776,Iron Folic Acid Tablets,strips,776.8,18,15,13,10
2026-09-15,PHC-001,Lucknow PHC-1,Lucknow,Uttar Pradesh,26.5749,78.7776,Iron Folic Acid Tablets,strips,771.1,18,12,13,11
2026-09-16,PHC-001,Lucknow PHC-1,Lucknow,Uttar Pradesh,26.5749,78.7776,Iron Folic Acid Tablets,strips,772.1,18,14,13,10
2026-09-17,PHC-001,Lucknow PHC-1,Lucknow,Uttar Pradesh,26.5749,78.7776,Iron Folic Acid Tablets,strips,772.0,18,8,13,10
2026-09-18,PHC-001,Lucknow PHC-1,Lucknow,Uttar Pradesh,26.5749,78.7776,Iron Folic Acid Tablets,strips,757.7,18,6,13,11
2026-09-19,PHC-001,Lucknow PHC-1,Lucknow,Uttar Pradesh,26.5749,78.7776,Iron Folic Acid Tablets,strips,741.8,18,12,13,11
2026-09-20,PHC-001,Lucknow PHC-1,Lucknow,Uttar Pradesh,26.5749,78.7776,Iron Folic Acid Tablets,strips,735.5,18,13,13,11
2026-09-21,PHC-001,Lucknow PHC-1,Lucknow,Uttar Pradesh,26.5749,78.7776,Iron Folic Acid Tablets,strips,738.7,18,11,13,11
2026-09-22,PHC-001,Lucknow PHC-1,Lucknow,Uttar Pradesh,26.5749,78.7776,Iron Folic Acid Tablets,strips,745.0,18,12,13,12
2026-09-23,PHC-001,Lucknow PHC-1,Lucknow,Uttar Pradesh,26.5749,78.7776,Iron Folic Acid Tablets,strips,741.9,18,9,13,11
2026-09-24,PHC-001,Lucknow PHC-1,Lucknow,Uttar Pradesh,26.5749,78.7776,Iron Folic Acid Tablets,strips,740.3,18,9,13,11
2026-09-25,PHC-001,Lucknow PHC-1,Lucknow,Uttar Pradesh,26.5749,78.7776,Iron Folic Acid Tablets,strips,745.6,18,4,13,10
2026-09-26,PHC-001,Lucknow PHC-1,Lucknow,Uttar Pradesh,26.5749,78.7776,Iron Folic Acid Tablets,strips,738.1,18,8,13,9
2026-08-28,PHC-002,Lucknow PHC-2,Lucknow,Uttar Pradesh,24.7368,71.8835,Paracetamol,units,422.2,20,11,14,13
2026-08-29,PHC-002,Lucknow PHC-2,Lucknow,Uttar Pradesh,24.7368,71.8835,Paracetamol,units,416.7,20,13,14,11
2026-08-30,PHC-002,Lucknow PHC-2,Lucknow,Uttar Pradesh,24.7368,71.8835,Paracetamol,units,416.7,20,14,14,10
2026-08-31,PHC-002,Lucknow PHC-2,Lucknow,Uttar Pradesh,24.7368,71.8835,Paracetamol,units,416.1,20,8,14,10
2026-09-01,PHC-002,Lucknow PHC-2,Lucknow,Uttar Pradesh,24.7368,71.8835,Paracetamol,units,414.5,20,8,14,11
2026-09-02,PHC-002,Lucknow PHC-2,Lucknow,Uttar Pradesh,24.7368,71.8835,Paracetamol,units,405.1,20,7,14,10
2026-09-03,PHC-002,Lucknow PHC-2,Lucknow,Uttar Pradesh,24.7368,71.8835,Paracetamol,units,406.2,20,14,14,10
2026-09-04,PHC-002,Lucknow PHC-2,Lucknow,Uttar Pradesh,24.7368,71.8835,Paracetamol,units,408.3,20,12,14,12
2026-09-05,PHC-002,Lucknow PHC-2,Lucknow,Uttar Pradesh,24.7368,71.8835,Paracetamol,units,409.2,20,12,14,12
2026-09-06,PHC-002,Lucknow PHC-2,Lucknow,Uttar Pradesh,24.7368,71.8835,Paracetamol,units,404.9,20,5,14,13
2026-09-07,PHC-002,Lucknow PHC-2,Lucknow,Uttar Pradesh,24.7368,71.8835,Paracetamol,units,399.4,20,6,14,12
2026-09-08,PHC-002,Lucknow PHC-2,Lucknow,Uttar Pradesh,24.7368,71.8835,Paracetamol,units,411.6,20,13,14,11
2026-09-09,PHC-002,Lucknow PHC-2,Lucknow,Uttar Pradesh,24.7368,71.8835,Paracetamol,units,411.7,20,11,14,10
2026-09-10,PHC-002,Lucknow PHC-2,Lucknow,Uttar Pradesh,24.7368,71.8835,Paracetamol,units,421.5,20,15,14,10
2026-09-11,PHC-002,Lucknow PHC-2,Lucknow,Uttar Pradesh,24.7368,71.8835,Paracetamol,units,424.1,20,13,14,13
2026-09-12,PHC-002,Lucknow PHC-2,Lucknow,Uttar Pradesh,24.7368,71.8835,Paracetamol,units,427.5,20,13,14,12
2026-09-13,PHC-002,Lucknow PHC-2,Lucknow,Uttar Pradesh,24.7368,71.8835,Paracetamol,units,427.9,20,10,14,10
2026-09-14,PHC-002,Lucknow PHC-2,Lucknow,Uttar Pradesh,24.7368,71.8835,Paracetamol,units,438.3,20,16,14,12
2026-09-15,PHC-002,Lucknow PHC-2,Lucknow,Uttar Pradesh,24.7368,71.8835,Paracetamol,units,438.4,20,12,14,10
2026-09-16,PHC-002,Lucknow PHC-2,Lucknow,Uttar Pradesh,24.7368,71.8835,Paracetamol,units,438.6,20,8,14,11
2026-09-17,PHC-002,Lucknow PHC-2,Lucknow,Uttar Pradesh,24.7368,71.8835,Paracetamol,units,443.2,20,14,14,11
2026-09-18,PHC-002,Lucknow PHC-2,Lucknow,Uttar Pradesh,24.7368,71.8835,Paracetamol,units,443.5,20,11,14,10
2026-09-19,PHC-002,Lucknow PHC-2,Lucknow,Uttar Pradesh,24.7368,71.8835,Paracetamol,units,440.7,20,8,14,12
2026-09-20,PHC-002,Lucknow PHC-2,Lucknow,Uttar Pradesh,24.7368,71.8835,Paracetamol,units,430.3,20,11,14,13
2026-09-21,PHC-002,Lucknow PHC-2,Lucknow,Uttar Pradesh,24.7368,71.8835,Paracetamol,units,434.0,20,12,14,10
2026-09-22,PHC-002,Lucknow PHC-2,Lucknow,Uttar Pradesh,24.7368,71.8835,Paracetamol,units,435.8,20,13,14,13
2026-09-23,PHC-002,Lucknow PHC-2,Lucknow,Uttar Pradesh,24.7368,71.8835,Paracetamol,units,435.1,20,8,14,11
2026-09-24,PHC-002,Lucknow PHC-2,Lucknow,Uttar Pradesh,24.7368,71.8835,Paracetamol,units,434.1,20,10,14,12
2026-09-25,PHC-002,Lucknow PHC-2,Lucknow,Uttar Pradesh,24.7368,71.8835,Paracetamol,units,431.3,20,12,14,11
2026-09-26,PHC-002,Lucknow PHC-2,Lucknow,Uttar Pradesh,24.7368,71.8835,Paracetamol,units,432.9,20,8,14,11
2026-08-28,PHC-002,Lucknow PHC-2,Lucknow,Uttar Pradesh,24.7368,71.8835,ORS Sachets,packets,375.1,20,8,14,9
2026-08-29,PHC-002,Lucknow PHC-2,Lucknow,Uttar Pradesh,24.7368,71.8835,ORS Sachets,packets,365.5,20,12,14,11
2026-08-30,PHC-002,Lucknow PHC-2,Lucknow,Uttar Pradesh,24.7368,71.8835,ORS Sachets,packets,357.6,20,15,14,8
2026-08-31,PHC-002,Lucknow PHC-2,Lucknow,Uttar Pradesh,24.7368,71.8835,ORS Sachets,packets,347.6,20,16,14,10
2026-09-01,PHC-002,Lucknow PHC-2,Lucknow,Uttar Pradesh,24.7368,71.8835,ORS Sachets,packets,336.6,20,9,14,10
2026-09-02,PHC-002,Lucknow PHC-2,Lucknow,Uttar Pradesh,24.7368,71.8835,ORS Sachets,packets,331.9,20,16,14,14
2026-09-03,PHC-002,Lucknow PHC-2,Lucknow,Uttar Pradesh,24.7368,71.8835,ORS Sachets,packets,327.9,20,17,14,11
2026-09-04,PHC-002,Lucknow PHC-2,Lucknow,Uttar Pradesh,24.7368,71.8835,ORS Sachets,packets,318.4,20,11,14,12
2026-09-05,PHC-002,Lucknow PHC-2,Lucknow,Uttar Pradesh,24.7368,71.8835,ORS Sachets,packets,312.0,20,20,14,12
2026-09-06,PHC-002,Lucknow PHC-2,Lucknow,Uttar Pradesh,24.7368,71.8835,ORS Sachets,packets,304.9,20,14,14,11
2026-09-07,PHC-002,Lucknow PHC-2,Lucknow,Uttar Pradesh,24.7368,71.8835,ORS Sachets,packets,297.3,20,14,14,11
2026-09-08,PHC-002,Lucknow PHC-2,Lucknow,Uttar Pradesh,24.7368,71.8835,ORS Sachets,packets,290.4,20,12,14,12
2026-09-09,PHC-002,Lucknow PHC-2,Lucknow,Uttar Pradesh,24.7368,71.8835,ORS Sachets,packets,281.1,20,6,14,12
2026-09-10,PHC-002,Lucknow PHC-2,Lucknow,Uttar Pradesh,24.7368,71.8835,ORS Sachets,packets,275.3,20,7,14,11
2026-09-11,PHC-002,Lucknow PHC-2,Lucknow,Uttar Pradesh,24.7368,71.8835,ORS Sachets,packets,264.5,20,9,14,12
2026-09-12,PHC-002,Lucknow PHC-2,Lucknow,Uttar Pradesh,24.7368,71.8835,ORS Sachets,packets,259.2,20,10,14,11
2026-09-13,PHC-002,Lucknow PHC-2,Lucknow,Uttar Pradesh,24.7368,71.8835,ORS Sachets,packets,253.3,20,12,14,10
2026-09-14,PHC-002,Lucknow PHC-2,Lucknow,Uttar Pradesh,24.7368,71.8835,ORS Sachets,packets,241.9,20,12,14,9
2026-09-15,PHC-002,Lucknow PHC-2,Lucknow,Uttar Pradesh,24.7368,71.8835,ORS Sachets,packets,237.1,20,11,14,11
2026-09-16,PHC-002,Lucknow PHC-2,Lucknow,Uttar Pradesh,24.7368,71.8835,ORS Sachets,packets,227.3,20,11,14,12
2026-09-17,PHC-002,Lucknow PHC-2,Lucknow,Uttar Pradesh,24.7368,71.8835,ORS Sachets,packets,215.7,20,8,14,10
2026-09-18,PHC-002,Lucknow PHC-2,Lucknow,Uttar Pradesh,24.7368,71.8835,ORS Sachets,packets,211.2,20,12,14,13
2026-09-19,PHC-002,Lucknow PHC-2,Lucknow,Uttar Pradesh,24.7368,71.8835,ORS Sachets,packets,203.0,20,4,14,9
2026-09-20,PHC-002,Lucknow PHC-2,Lucknow,Uttar Pradesh,24.7368,71.8835,ORS Sachets,packets,194.3,20,10,14,11
2026-09-21,PHC-002,Lucknow PHC-2,Lucknow,Uttar Pradesh,24.7368,71.8835,ORS Sachets,packets,188.4,20,11,14,13
2026-09-22,PHC-002,Lucknow PHC-2,Lucknow,Uttar Pradesh,24.7368,71.8835,ORS Sachets,packets,180.0,20,9,14,12
2026-09-23,PHC-002,Lucknow PHC-2,Lucknow,Uttar Pradesh,24.7368,71.8835,ORS Sachets,packets,173.2,20,13,14,12
2026-09-24,PHC-002,Lucknow PHC-2,Lucknow,Uttar Pradesh,24.7368,71.8835,ORS Sachets,packets,163.2,20,16,14,11
2026-09-25,PHC-002,Lucknow PHC-2,Lucknow,Uttar Pradesh,24.7368,71.8835,ORS Sachets,packets,158.4,20,11,14,10
2026-09-26,PHC-002,Lucknow PHC-2,Lucknow,Uttar Pradesh,24.7368,71.8835,ORS Sachets,packets,152.4,20,8,14,10
2026-08-28,PHC-002,Lucknow PHC-2,Lucknow,Uttar Pradesh,24.7368,71.8835,Insulin,vials,96.7,20,15,14,13
2026-08-29,PHC-002,Lucknow PHC-2,Lucknow,Uttar Pradesh,24.7368,71.8835,Insulin,vials,98.1,20,6,14,11
2026-08-30,PHC-002,Lucknow PHC-2,Lucknow,Uttar Pradesh,24.7368,71.8835,Insulin,vials,98.3,20,10,14,11
2026-08-31,PHC-002,Lucknow PHC-2,Lucknow,Uttar Pradesh,24.7368,71.8835,Insulin,vials,98.1,20,13,14,11
2026-09-01,PHC-002,Lucknow PHC-2,Lucknow,Uttar Pradesh,24.7368,71.8835,Insulin,vials,98.1,20,13,14,13
2026-09-02,PHC-002,Lucknow PHC-2,Lucknow,Uttar Pradesh,24.7368,71.8835,Insulin,vials,98.6,20,13,14,10
2026-09-03,PHC-002,Lucknow PHC-2,Lucknow,Uttar Pradesh,24.7368,71.8835,Insulin,vials,99.3,20,14,14,12
2026-09-04,PHC-002,Lucknow PHC-2,Lucknow,Uttar Pradesh,24.7368,71.8835,Insulin,vials,99.7,20,15,14,12
2026-09-05,PHC-002,Lucknow PHC-2,Lucknow,Uttar Pradesh,24.7368,71.8835,Insulin,vials,100.0,20,3,14,12
2026-09-06,PHC-002,Lucknow PHC-2,Lucknow,Uttar Pradesh,24.7368,71.8835,Insulin,vials,97.9,20,13,14,12
2026-09-07,PHC-002,Lucknow PHC-2,Lucknow,Uttar Pradesh,24.7368,71.8835,Insulin,vials,97.3,20,16,14,11
2026-09-08,PHC-002,Lucknow PHC-2,Lucknow,Uttar Pradesh,24.7368,71.8835,Insulin,vials,97.3,20,13,14,13
2026-09-09,PHC-002,Lucknow PHC-2,Lucknow,Uttar Pradesh,24.7368,71.8835,Insulin,vials,95.9,20,11,14,11
2026-09-10,PHC-002,Lucknow PHC-2,Lucknow,Uttar Pradesh,24.7368,71.8835,Insulin,vials,95.5,20,9,14,13
2026-09-11,PHC-002,Lucknow PHC-2,Lucknow,Uttar Pradesh,24.7368,71.8835,Insulin,vials,95.3,20,11,14,12
2026-09-12,PHC-002,Lucknow PHC-2,Lucknow,Uttar Pradesh,24.7368,71.8835,Insulin,vials,93.9,20,8,14,13
2026-09-13,PHC-002,Lucknow PHC-2,Lucknow,Uttar Pradesh,24.7368,71.8835,Insulin,vials,92.3,20,13,14,12
2026-09-14,PHC-002,Lucknow PHC-2,Lucknow,Uttar Pradesh,24.7368,71.8835,Insulin,vials,92.4,20,14,14,12
2026-09-15,PHC-002,Lucknow PHC-2,Lucknow,Uttar Pradesh,24.7368,71.8835,Insulin,vials,91.7,20,12,14,11
2026-09-16,PHC-002,Lucknow PHC-2,Lucknow,Uttar Pradesh,24.7368,71.8835,Insulin,vials,92.7,20,16,14,14
2026-09-17,PHC-002,Lucknow PHC-2,Lucknow,Uttar Pradesh,24.7368,71.8835,Insulin,vials,92.6,20,13,14,12
2026-09-18,PHC-002,Lucknow PHC-2,Lucknow,Uttar Pradesh,24.7368,71.8835,Insulin,vials,92.7,20,14,14,11
2026-09-19,PHC-002,Lucknow PHC-2,Lucknow,Uttar Pradesh,24.7368,71.8835,Insulin,vials,92.3,20,13,14,11
2026-09-20,PHC-002,Lucknow PHC-2,Lucknow,Uttar Pradesh,24.7368,71.8835,Insulin,vials,92.7,20,10,14,12
2026-09-21,PHC-002,Lucknow PHC-2,Lucknow,Uttar Pradesh,24.7368,71.8835,Insulin,vials,92.1,20,16,14,11
2026-09-22,PHC-002,Lucknow PHC-2,Lucknow,Uttar Pradesh,24.7368,71.8835,Insulin,vials,90.7,20,8,14,11
2026-09-23,PHC-002,Lucknow PHC-2,Lucknow,Uttar Pradesh,24.7368,71.8835,Insulin,vials,90.4,20,13,14,12
2026-09-24,PHC-002,Lucknow PHC-2,Lucknow,Uttar Pradesh,24.7368,71.8835,Insulin,vials,91.0,20,13,14,9
2026-09-25,PHC-002,Lucknow PHC-2,Lucknow,Uttar Pradesh,24.7368,71.8835,Insulin,vials,87.8,20,12,14,11
2026-09-26,PHC-002,Lucknow PHC-2,Lucknow,Uttar Pradesh,24.7368,71.8835,Insulin,vials,88.8,20,12,14,11
2026-08-28,PHC-002,Lucknow PHC-2,Lucknow,Uttar Pradesh,24.7368,71.8835,Amoxicillin,strips,335.0,20,14,14,11
2026-08-29,PHC-002,Lucknow PHC-2,Lucknow,Uttar Pradesh,24.7368,71.8835,Amoxicillin,strips,300.6,20,14,14,10
2026-08-30,PHC-002,Lucknow PHC-2,Lucknow,Uttar Pradesh,24.7368,71.8835,Amoxicillin,strips,275.5,20,14,14,12
2026-08-31,PHC-002,Lucknow PHC-2,Lucknow,Uttar Pradesh,24.7368,71.8835,Amoxicillin,strips,255.5,20,9,14,11
2026-09-01,PHC-002,Lucknow PHC-2,Lucknow,Uttar Pradesh,24.7368,71.8835,Amoxicillin,strips,221.3,20,9,14,12
2026-09-02,PHC-002,Lucknow PHC-2,Lucknow,Uttar Pradesh,24.7368,71.8835,Amoxicillin,strips,191.4,20,11,14,12
2026-09-03,PHC-002,Lucknow PHC-2,Lucknow,Uttar Pradesh,24.7368,71.8835,Amoxicillin,strips,167.9,20,7,14,13
2026-09-04,PHC-002,Lucknow PHC-2,Lucknow,Uttar Pradesh,24.7368,71.8835,Amoxicillin,strips,140.4,20,13,14,12
2026-09-05,PHC-002,Lucknow PHC-2,Lucknow,Uttar Pradesh,24.7368,71.8835,Amoxicillin,strips,114.3,20,11,14,13
2026-09-06,PHC-002,Lucknow PHC-2,Lucknow,Uttar Pradesh,24.7368,71.8835,Amoxicillin,strips,82.8,20,15,14,11
2026-09-07,PHC-002,Lucknow PHC-2,Lucknow,Uttar Pradesh,24.7368,71.8835,Amoxicillin,strips,70.6,20,8,14,12
2026-09-08,PHC-002,Lucknow PHC-2,Lucknow,Uttar Pradesh,24.7368,71.8835,Amoxicillin,strips,38.4,20,11,14,11
2026-09-09,PHC-002,Lucknow PHC-2,Lucknow,Uttar Pradesh,24.7368,71.8835,Amoxicillin,strips,23.7,20,11,14,9
2026-09-10,PHC-002,Lucknow PHC-2,Lucknow,Uttar Pradesh,24.7368,71.8835,Amoxicillin,strips,7.0,20,12,14,13
2026-09-11,PHC-002,Lucknow PHC-2,Lucknow,Uttar Pradesh,24.7368,71.8835,Amoxicillin,strips,0.0,20,10,14,13
2026-09-12,PHC-002,Lucknow PHC-2,Lucknow,Uttar Pradesh,24.7368,71.8835,Amoxicillin,strips,0.0,20,11,14,12
2026-09-13,PHC-002,Lucknow PHC-2,Lucknow,Uttar Pradesh,24.7368,71.8835,Amoxicillin,strips,0.0,20,12,14,11
2026-09-14,PHC-002,Lucknow PHC-2,Lucknow,Uttar Pradesh,24.7368,71.8835,Amoxicillin,strips,0.0,20,7,14,12
2026-09-15,PHC-002,Lucknow PHC-2,Lucknow,Uttar Pradesh,24.7368,71.8835,Amoxicillin,strips,0.0,20,10,14,11
2026-09-16,PHC-002,Lucknow PHC-2,Lucknow,Uttar Pradesh,24.7368,71.8835,Amoxicillin,strips,0.0,20,12,14,11
2026-09-17,PHC-002,Lucknow PHC-2,Lucknow,Uttar Pradesh,24.7368,71.8835,Amoxicillin,strips,0.0,20,11,14,13
2026-09-18,PHC-002,Lucknow PHC-2,Lucknow,Uttar Pradesh,24.7368,71.8835,Amoxicillin,strips,0.0,20,14,14,13
2026-09-19,PHC-002,Lucknow PHC-2,Lucknow,Uttar Pradesh,24.7368,71.8835,Amoxicillin,strips,0.0,20,13,14,12
2026-09-20,PHC-002,Lucknow PHC-2,Lucknow,Uttar Pradesh,24.7368,71.8835,Amoxicillin,strips,0.0,20,8,14,12
2026-09-21,PHC-002,Lucknow PHC-2,Lucknow,Uttar Pradesh,24.7368,71.8835,Amoxicillin,strips,0.0,20,9,14,13
2026-09-22,PHC-002,Lucknow PHC-2,Lucknow,Uttar Pradesh,24.7368,71.8835,Amoxicillin,strips,0.0,20,16,14,11
2026-09-23,PHC-002,Lucknow PHC-2,Lucknow,Uttar Pradesh,24.7368,71.8835,Amoxicillin,strips,0.0,20,11,14,12
2026-09-24,PHC-002,Lucknow PHC-2,Lucknow,Uttar Pradesh,24.7368,71.8835,Amoxicillin,strips,0.0,20,15,14,11
2026-09-25,PHC-002,Lucknow PHC-2,Lucknow,Uttar Pradesh,24.7368,71.8835,Amoxicillin,strips,0.0,20,9,14,12
2026-09-26,PHC-002,Lucknow PHC-2,Lucknow,Uttar Pradesh,24.7368,71.8835,Amoxicillin,strips,0.0,20,9,14,11
2026-08-28,PHC-002,Lucknow PHC-2,Lucknow,Uttar Pradesh,24.7368,71.8835,Iron Folic Acid Tablets,strips,625.5,20,11,14,11
2026-08-29,PHC-002,Lucknow PHC-2,Lucknow,Uttar Pradesh,24.7368,71.8835,Iron Folic Acid Tablets,strips,576.5,20,9,14,11
2026-08-30,PHC-002,Lucknow PHC-2,Lucknow,Uttar Pradesh,24.7368,71.8835,Iron Folic Acid Tablets,strips,529.0,20,16,14,11
2026-08-31,PHC-002,Lucknow PHC-2,Lucknow,Uttar Pradesh,24.7368,71.8835,Iron Folic Acid Tablets,strips,484.4,20,12,14,11
2026-09-01,PHC-002,Lucknow PHC-2,Lucknow,Uttar Pradesh,24.7368,71.8835,Iron Folic Acid Tablets,strips,448.3,20,12,14,13
2026-09-02,PHC-002,Lucknow PHC-2,Lucknow,Uttar Pradesh,24.7368,71.8835,Iron Folic Acid Tablets,strips,417.0,20,5,14,11
2026-09-03,PHC-002,Lucknow PHC-2,Lucknow,Uttar Pradesh,24.7368,71.8835,Iron Folic Acid Tablets,strips,372.0,20,14,14,12
2026-09-04,PHC-002,Lucknow PHC-2,Lucknow,Uttar Pradesh,24.7368,71.8835,Iron Folic Acid Tablets,strips,347.6,20,15,14,13
2026-09-05,PHC-002,Lucknow PHC-2,Lucknow,Uttar Pradesh,24.7368,71.8835,Iron Folic Acid Tablets,strips,315.3,20,14,14,12
2026-09-06,PHC-002,Lucknow PHC-2,Lucknow,Uttar Pradesh,24.7368,71.8835,Iron Folic Acid Tablets,strips,273.7,20,14,14,12
2026-09-07,PHC-002,Lucknow PHC-2,Lucknow,Uttar Pradesh,24.7368,71.8835,Iron Folic Acid Tablets,strips,224.2,20,16,14,8
2026-09-08,PHC-002,Lucknow PHC-2,Lucknow,Uttar Pradesh,24.7368,71.8835,Iron Folic Acid Tablets,strips,199.3,20,8,14,11
2026-09-09,PHC-002,Lucknow PHC-2,Lucknow,Uttar Pradesh,24.7368,71.8835,Iron Folic Acid Tablets,strips,170.9,20,7,14,10
2026-09-10,PHC-002,Lucknow PHC-2,Lucknow,Uttar Pradesh,24.7368,71.8835,Iron Folic Acid Tablets,strips,133.1,20,19,14,14
2026-09-11,PHC-002,Lucknow PHC-2,Lucknow,Uttar Pradesh,24.7368,71.8835,Iron Folic Acid Tablets,strips,114.1,20,10,14,10
2026-09-12,PHC-002,Lucknow PHC-2,Lucknow,Uttar Pradesh,24.7368,71.8835,Iron Folic Acid Tablets,strips,78.6,20,11,14,10
2026-09-13,PHC-002,Lucknow PHC-2,Lucknow,Uttar Pradesh,24.7368,71.8835,Iron Folic Acid Tablets,strips,33.3,20,7,14,10
2026-09-14,PHC-002,Lucknow PHC-2,Lucknow,Uttar Pradesh,24.7368,71.8835,Iron Folic Acid Tablets,strips,1.5,20,13,14,12
2026-09-15,PHC-002,Lucknow PHC-2,Lucknow,Uttar Pradesh,24.7368,71.8835,Iron Folic Acid Tablets,strips,0.0,20,14,14,10
2026-09-16,PHC-002,Lucknow PHC-2,Lucknow,Uttar Pradesh,24.7368,71.8835,Iron Folic Acid Tablets,strips,0.0,20,11,14,10
2026-09-17,PHC-002,Lucknow PHC-2,Lucknow,Uttar Pradesh,24.7368,71.8835,Iron Folic Acid Tablets,strips,0.0,20,13,14,12
2026-09-18,PHC-002,Lucknow PHC-2,Lucknow,Uttar Pradesh,24.7368,71.8835,Iron Folic Acid Tablets,strips,0.0,20,16,14,13
2026-09-19,PHC-002,Lucknow PHC-2,Lucknow,Uttar Pradesh,24.7368,71.8835,Iron Folic Acid Tablets,strips,0.0,20,14,14,14
2026-09-20,PHC-002,Lucknow PHC-2,Lucknow,Uttar Pradesh,24.7368,71.8835,Iron Folic Acid Tablets,strips,0.0,20,8,14,10
2026-09-21,PHC-002,Lucknow PHC-2,Lucknow,Uttar Pradesh,24.7368,71.8835,Iron Folic Acid Tablets,strips,0.0,20,8,14,10
2026-09-22,PHC-002,Lucknow PHC-2,Lucknow,Uttar Pradesh,24.7368,71.8835,Iron Folic Acid Tablets,strips,0.0,20,13,14,11
2026-09-23,PHC-002,Lucknow PHC-2,Lucknow,Uttar Pradesh,24.7368,71.8835,Iron Folic Acid Tablets,strips,0.0,20,9,14,11
2026-09-24,PHC-002,Lucknow PHC-2,Lucknow,Uttar Pradesh,24.7368,71.8835,Iron Folic Acid Tablets,strips,0.0,20,18,14,12
2026-09-25,PHC-002,Lucknow PHC-2,Lucknow,Uttar Pradesh,24.7368,71.8835,Iron Folic Acid Tablets,strips,0.0,20,10,14,11
2026-09-26,PHC-002,Lucknow PHC-2,Lucknow,Uttar Pradesh,24.7368,71.8835,Iron Folic Acid Tablets,strips,0.0,20,4,14,10
2026-08-28,PHC-003,Lucknow PHC-3,Lucknow,Uttar Pradesh,26.2674,85.7213,Paracetamol,units,529.2,20,15,6,5
2026-08-29,PHC-003,Lucknow PHC-3,Lucknow,Uttar Pradesh,26.2674,85.7213,Paracetamol,units,489.6,20,13,6,6
2026-08-30,PHC-003,Lucknow PHC-3,Lucknow,Uttar Pradesh,26.2674,85.7213,Paracetamol,units,473.2,20,13,6,5
2026-08-31,PHC-003,Lucknow PHC-3,Lucknow,Uttar Pradesh,26.2674,85.7213,Paracetamol,units,429.8,20,13,6,5
2026-09-01,PHC-003,Lucknow PHC-3,Lucknow,Uttar Pradesh,26.2674,85.7213,Paracetamol,units,409.7,20,8,6,3
2026-09-02,PHC-003,Lucknow PHC-3,Lucknow,Uttar Pradesh,26.2674,85.7213,Paracetamol,units,379.9,20,5,6,5
2026-09-03,PHC-003,Lucknow PHC-3,Lucknow,Uttar Pradesh,26.2674,85.7213,Paracetamol,units,352.9,20,9,6,5
2026-09-04,PHC-003,Lucknow PHC-3,Lucknow,Uttar Pradesh,26.2674,85.7213,Paracetamol,units,328.3,20,13,6,6
2026-09-05,PHC-003,Lucknow PHC-3,Lucknow,Uttar Pradesh,26.2674,85.7213,Paracetamol,units,287.3,20,8,6,6
2026-09-06,PHC-003,Lucknow PHC-3,Lucknow,Uttar Pradesh,26.2674,85.7213,Paracetamol,units,260.1,20,15,6,5
2026-09-07,PHC-003,Lucknow PHC-3,Lucknow,Uttar Pradesh,26.2674,85.7213,Paracetamol,units,217.3,20,6,6,4
2026-09-08,PHC-003,Lucknow PHC-3,Lucknow,Uttar Pradesh,26.2674,85.7213,Paracetamol,units,192.4,20,14,6,6
2026-09-09,PHC-003,Lucknow PHC-3,Lucknow,Uttar Pradesh,26.2674,85.7213,Paracetamol,units,163.5,20,12,6,4
2026-09-10,PHC-003,Lucknow PHC-3,Lucknow,Uttar Pradesh,26.2674,85.7213,Paracetamol,units,138.9,20,14,6,5
2026-09-11,PHC-003,Lucknow PHC-3,Lucknow,Uttar Pradesh,26.2674,85.7213,Paracetamol,units,121.1,20,10,6,6
2026-09-12,PHC-003,Lucknow PHC-3,Lucknow,Uttar Pradesh,26.2674,85.7213,Paracetamol,units,94.4,20,14,6,4
2026-09-13,PHC-003,Lucknow PHC-3,Lucknow,Uttar Pradesh,26.2674,85.7213,Paracetamol,units,56.7,20,11,6,4
2026-09-14,PHC-003,Lucknow PHC-3,Lucknow,Uttar Pradesh,26.2674,85.7213,Paracetamol,units,13.9,20,13,6,5
2026-09-15,PHC-003,Lucknow PHC-3,Lucknow,Uttar Pradesh,26.2674,85.7213,Paracetamol,units,0.0,20,16,6,4
2026-09-16,PHC-003,Lucknow PHC-3,Lucknow,Uttar Pradesh,26.2674,85.7213,Paracetamol,units,0.0,20,10,6,5
2026-09-17,PHC-003,Lucknow PHC-3,Lucknow,Uttar Pradesh,26.2674,85.7213,Paracetamol,units,0.0,20,16,6,5
2026-09-18,PHC-003,Lucknow PHC-3,Lucknow,Uttar Pradesh,26.2674,85.7213,Paracetamol,units,0.0,20,15,6,2
2026-09-19,PHC-003,Lucknow PHC-3,Lucknow,Uttar Pradesh,26.2674,85.7213,Paracetamol,units,0.0,20,14,6,5
2026-09-20,PHC-003,Lucknow PHC-3,Lucknow,Uttar Pradesh,26.2674,85.7213,Paracetamol,units,0.0,20,8,6,5
2026-09-21,PHC-003,Lucknow PHC-3,Lucknow,Uttar Pradesh,26.2674,85.7213,Paracetamol,units,0.0,20,14,6,5
2026-09-22,PHC-003,Lucknow PHC-3,Lucknow,Uttar Pradesh,26.2674,85.7213,Paracetamol,units,0.0,20,10,6,2
2026-09-23,PHC-003,Lucknow PHC-3,Lucknow,Uttar Pradesh,26.2674,85.7213,Paracetamol,units,0.0,20,14,6,3
2026-09-24,PHC-003,Lucknow PHC-3,Lucknow,Uttar Pradesh,26.2674,85.7213,Paracetamol,units,0.0,20,8,6,3
2026-09-25,PHC-003,Lucknow PHC-3,Lucknow,Uttar Pradesh,26.2674,85.7213,Paracetamol,units,0.0,20,5,6,5
2026-09-26,PHC-003,Lucknow PHC-3,Lucknow,Uttar Pradesh,26.2674,85.7213,Paracetamol,units,0.0,20,11,6,2
2026-08-28,PHC-003,Lucknow PHC-3,Lucknow,Uttar Pradesh,26.2674,85.7213,ORS Sachets,packets,281.1,20,8,6,6
2026-08-29,PHC-003,Lucknow PHC-3,Lucknow,Uttar Pradesh,26.2674,85.7213,ORS Sachets,packets,282.7,20,13,6,6
2026-08-30,PHC-003,Lucknow PHC-3,Lucknow,Uttar Pradesh,26.2674,85.7213,ORS Sachets,packets,283.3,20,7,6,6
2026-08-31,PHC-003,Lucknow PHC-3,Lucknow,Uttar Pradesh,26.2674,85.7213,ORS Sachets,packets,282.2,20,11,6,3
2026-09-01,PHC-003,Lucknow PHC-3,Lucknow,Uttar Pradesh,26.2674,85.7213,ORS Sachets,packets,283.8,20,12,6,3
2026-09-02,PHC-003,Lucknow PHC-3,Lucknow,Uttar Pradesh,26.2674,85.7213,ORS Sachets,packets,285.2,20,6,6,3
2026-09-03,PHC-003,Lucknow PHC-3,Lucknow,Uttar Pradesh,26.2674,85.7213,ORS Sachets,packets,286.3,20,13,6,6
2026-09-04,PHC-003,Lucknow PHC-3,Lucknow,Uttar Pradesh,26.2674,85.7213,ORS Sachets,packets,287.5,20,20,6,4
2026-09-05,PHC-003,Lucknow PHC-3,Lucknow,Uttar Pradesh,26.2674,85.7213,ORS Sachets,packets,288.7,20,13,6,4
2026-09-06,PHC-003,Lucknow PHC-3,Lucknow,Uttar Pradesh,26.2674,85.7213,ORS Sachets,packets,299.0,20,12,6,4
2026-09-07,PHC-003,Lucknow PHC-3,Lucknow,Uttar Pradesh,26.2674,85.7213,ORS Sachets,packets,298.8,20,11,6,5
2026-09-08,PHC-003,Lucknow PHC-3,Lucknow,Uttar Pradesh,26.2674,85.7213,ORS Sachets,packets,300.2,20,17,6,5
2026-09-09,PHC-003,Lucknow PHC-3,Lucknow,Uttar Pradesh,26.2674,85.7213,ORS Sachets,packets,298.6,20,10,6,4
2026-09-10,PHC-003,Lucknow PHC-3,Lucknow,Uttar Pradesh,26.2674,85.7213,ORS Sachets,packets,301.2,20,6,6,6
2026-09-11,PHC-003,Lucknow PHC-3,Lucknow,Uttar Pradesh,26.2674,85.7213,ORS Sachets,packets,302.0,20,8,6,6
2026-09-12,PHC-003,Lucknow PHC-3,Lucknow,Uttar Pradesh,26.2674,85.7213,ORS Sachets,packets,305.9,20,7,6,6
2026-09-13,PHC-003,Lucknow PHC-3,Lucknow,Uttar Pradesh,26.2674,85.7213,ORS Sachets,packets,299.5,20,11,6,5
2026-09-14,PHC-003,Lucknow PHC-3,Lucknow,Uttar Pradesh,26.2674,85.7213,ORS Sachets,packets,300.0,20,12,6,6
2026-09-15,PHC-003,Lucknow PHC-3,Lucknow,Uttar Pradesh,26.2674,85.7213,ORS Sachets,packets,289.7,20,11,6,4
2026-09-16,PHC-003,Lucknow PHC-3,Lucknow,Uttar Pradesh,26.2674,85.7213,ORS Sachets,packets,289.9,20,15,6,3
2026-09-17,PHC-003,Lucknow PHC-3,Lucknow,Uttar Pradesh,26.2674,85.7213,ORS Sachets,packets,286.4,20,9,6,6
2026-09-18,PHC-003,Lucknow PHC-3,Lucknow,Uttar Pradesh,26.2674,85.7213,ORS Sachets,packets,287.1,20,6,6,6
2026-09-19,PHC-003,Lucknow PHC-3,Lucknow,Uttar Pradesh,26.2674,85.7213,ORS Sachets,packets,286.7,20,13,6,3
2026-09-20,PHC-003,Lucknow PHC-3,Lucknow,Uttar Pradesh,26.2674,85.7213,ORS Sachets,packets,286.0,20,11,6,4
2026-09-21,PHC-003,Lucknow PHC-3,Lucknow,Uttar Pradesh,26.2674,85.7213,ORS Sachets,packets,287.5,20,12,6,5
2026-09-22,PHC-003,Lucknow PHC-3,Lucknow,Uttar Pradesh,26.2674,85.7213,ORS Sachets,packets,289.2,20,10,6,6
2026-09-23,PHC-003,Lucknow PHC-3,Lucknow,Uttar Pradesh,26.2674,85.7213,ORS Sachets,packets,294.4,20,16,6,4
2026-09-24,PHC-003,Lucknow PHC-3,Lucknow,Uttar Pradesh,26.2674,85.7213,ORS Sachets,packets,296.5,20,14,6,5
2026-09-25,PHC-003,Lucknow PHC-3,Lucknow,Uttar Pradesh,26.2674,85.7213,ORS Sachets,packets,295.7,20,13,6,6
2026-09-26,PHC-003,Lucknow PHC-3,Lucknow,Uttar Pradesh,26.2674,85.7213,ORS Sachets,packets,292.6,20,14,6,6
2026-08-28,PHC-003,Lucknow PHC-3,Lucknow,Uttar Pradesh,26.2674,85.7213,Insulin,vials,72.2,20,9,6,3
2026-08-29,PHC-003,Lucknow PHC-3,Lucknow,Uttar Pradesh,26.2674,85.7213,Insulin,vials,72.1,20,10,6,1
2026-08-30,PHC-003,Lucknow PHC-3,Lucknow,Uttar Pradesh,26.2674,85.7213,Insulin,vials,73.2,20,10,6,5
2026-08-31,PHC-003,Lucknow PHC-3,Lucknow,Uttar Pradesh,26.2674,85.7213,Insulin,vials,74.8,20,11,6,5
2026-09-01,PHC-003,Lucknow PHC-3,Lucknow,Uttar Pradesh,26.2674,85.7213,Insulin,vials,77.0,20,11,6,4
2026-09-02,PHC-003,Lucknow PHC-3,Lucknow,Uttar Pradesh,26.2674,85.7213,Insulin,vials,77.3,20,11,6,4
2026-09-03,PHC-003,Lucknow PHC-3,Lucknow,Uttar Pradesh,26.2674,85.7213,Insulin,vials,77.2,20,18,6,5
2026-09-04,PHC-003,Lucknow PHC-3,Lucknow,Uttar Pradesh,26.2674,85.7213,Insulin,vials,77.5,20,14,6,4
2026-09-05,PHC-003,Lucknow PHC-3,Lucknow,Uttar Pradesh,26.2674,85.7213,Insulin,vials,77.9,20,14,6,5
2026-09-06,PHC-003,Lucknow PHC-3,Lucknow,Uttar Pradesh,26.2674,85.7213,Insulin,vials,76.2,20,7,6,2
2026-09-07,PHC-003,Lucknow PHC-3,Lucknow,Uttar Pradesh,26.2674,85.7213,Insulin,vials,76.9,20,11,6,2
2026-09-08,PHC-003,Lucknow PHC-3,Lucknow,Uttar Pradesh,26.2674,85.7213,Insulin,vials,76.7,20,18,6,3
2026-09-09,PHC-003,Lucknow PHC-3,Lucknow,Uttar Pradesh,26.2674,85.7213,Insulin,vials,77.8,20,13,6,5
2026-09-10,PHC-003,Lucknow PHC-3,Lucknow,Uttar Pradesh,26.2674,85.7213,Insulin,vials,78.3,20,14,6,4
2026-09-11,PHC-003,Lucknow PHC-3,Lucknow,Uttar Pradesh,26.2674,85.7213,Insulin,vials,77.1,20,12,6,5
2026-09-12,PHC-003,Lucknow PHC-3,Lucknow,Uttar Pradesh,26.2674,85.7213,Insulin,vials,77.1,20,10,6,3
2026-09-13,PHC-003,Lucknow PHC-3,Lucknow,Uttar Pradesh,26.2674,85.7213,Insulin,vials,76.4,20,12,6,3
2026-09-14,PHC-003,Lucknow PHC-3,Lucknow,Uttar Pradesh,26.2674,85.7213,Insulin,vials,74.9,20,10,6,4
2026-09-15,PHC-003,Lucknow PHC-3,Lucknow,Uttar Pradesh,26.2674,85.7213,Insulin,vials,75.2,20,11,6,5
2026-09-16,PHC-003,Lucknow PHC-3,Lucknow,Uttar Pradesh,26.2674,85.7213,Insulin,vials,75.1,20,17,6,5
2026-09-17,PHC-003,Lucknow PHC-3,Lucknow,Uttar Pradesh,26.2674,85.7213,Insulin,vials,75.5,20,14,6,2
2026-09-18,PHC-003,Lucknow PHC-3,Lucknow,Uttar Pradesh,26.2674,85.7213,Insulin,vials,75.6,20,9,6,6
2026-09-19,PHC-003,Lucknow PHC-3,Lucknow,Uttar Pradesh,26.2674,85.7213,Insulin,vials,73.4,20,8,6,1
2026-09-20,PHC-003,Lucknow PHC-3,Lucknow,Uttar Pradesh,26.2674,85.7213,Insulin,vials,73.2,20,10,6,6
2026-09-21,PHC-003,Lucknow PHC-3,Lucknow,Uttar Pradesh,26.2674,85.7213,Insulin,vials,73.1,20,5,6,5
2026-09-22,PHC-003,Lucknow PHC-3,Lucknow,Uttar Pradesh,26.2674,85.7213,Insulin,vials,73.4,20,14,6,3
2026-09-23,PHC-003,Lucknow PHC-3,Lucknow,Uttar Pradesh,26.2674,85.7213,Insulin,vials,72.8,20,14,6,3
2026-09-24,PHC-003,Lucknow PHC-3,Lucknow,Uttar Pradesh,26.2674,85.7213,Insulin,vials,75.0,20,11,6,6
2026-09-25,PHC-003,Lucknow PHC-3,Lucknow,Uttar Pradesh,26.2674,85.7213,Insulin,vials,74.9,20,16,6,4
2026-09-26,PHC-003,Lucknow PHC-3,Lucknow,Uttar Pradesh,26.2674,85.7213,Insulin,vials,74.3,20,13,6,5
2026-08-28,PHC-003,Lucknow PHC-3,Lucknow,Uttar Pradesh,26.2674,85.7213,Amoxicillin,strips,243.5,20,10,6,3
2026-08-29,PHC-003,Lucknow PHC-3,Lucknow,Uttar Pradesh,26.2674,85.7213,Amoxicillin,strips,231.2,20,9,6,6
2026-08-30,PHC-003,Lucknow PHC-3,Lucknow,Uttar Pradesh,26.2674,85.7213,Amoxicillin,strips,217.5,20,11,6,4
2026-08-31,PHC-003,Lucknow PHC-3,Lucknow,Uttar Pradesh,26.2674,85.7213,Amoxicillin,strips,210.9,20,9,6,3
2026-09-01,PHC-003,Lucknow PHC-3,Lucknow,Uttar Pradesh,26.2674,85.7213,Amoxicillin,strips,203.2,20,10,6,3
2026-09-02,PHC-003,Lucknow PHC-3,Lucknow,Uttar Pradesh,26.2674,85.7213,Amoxicillin,strips,195.3,20,14,6,3
2026-09-03,PHC-003,Lucknow PHC-3,Lucknow,Uttar Pradesh,26.2674,85.7213,Amoxicillin,strips,187.5,20,11,6,5
2026-09-04,PHC-003,Lucknow PHC-3,Lucknow,Uttar Pradesh,26.2674,85.7213,Amoxicillin,strips,178.3,20,7,6,3
2026-09-05,PHC-003,Lucknow PHC-3,Lucknow,Uttar Pradesh,26.2674,85.7213,Amoxicillin,strips,173.1,20,15,6,2
2026-09-06,PHC-003,Lucknow PHC-3,Lucknow,Uttar Pradesh,26.2674,85.7213,Amoxicillin,strips,167.5,20,15,6,4
2026-09-07,PHC-003,Lucknow PHC-3,Lucknow,Uttar Pradesh,26.2674,85.7213,Amoxicillin,strips,153.8,20,9,6,4
2026-09-08,PHC-003,Lucknow PHC-3,Lucknow,Uttar Pradesh,26.2674,85.7213,Amoxicillin,strips,140.9,20,4,6,6
2026-09-09,PHC-003,Lucknow PHC-3,Lucknow,Uttar Pradesh,26.2674,85.7213,Amoxicillin,strips,133.6,20,10,6,3
2026-09-10,PHC-003,Lucknow PHC-3,Lucknow,Uttar Pradesh,26.2674,85.7213,Amoxicillin,strips,119.5,20,11,6,4
2026-09-11,PHC-003,Lucknow PHC-3,Lucknow,Uttar Pradesh,26.2674,85.7213,Amoxicillin,strips,104.1,20,13,6,5
2026-09-12,PHC-003,Lucknow PHC-3,Lucknow,Uttar Pradesh,26.2674,85.7213,Amoxicillin,strips,89.3,20,16,6,3
2026-09-13,PHC-003,Lucknow PHC-3,Lucknow,Uttar Pradesh,26.2674,85.7213,Amoxicillin,strips,76.2,20,15,6,6
2026-09-14,PHC-003,Lucknow PHC-3,Lucknow,Uttar Pradesh,26.2674,85.7213,Amoxicillin,strips,68.9,20,11,6,6
2026-09-15,PHC-003,Lucknow PHC-3,Lucknow,Uttar Pradesh,26.2674,85.7213,Amoxicillin,strips,60.7,20,12,6,4
2026-09-16,PHC-003,Lucknow PHC-3,Lucknow,Uttar Pradesh,26.2674,85.7213,Amoxicillin,strips,47.2,20,12,6,4
2026-09-17,PHC-003,Lucknow PHC-3,Lucknow,Uttar Pradesh,26.2674,85.7213,Amoxicillin,strips,39.3,20,12,6,4
2026-09-18,PHC-003,Lucknow PHC-3,Lucknow,Uttar Pradesh,26.2674,85.7213,Amoxicillin,strips,29.9,20,20,6,2
2026-09-19,PHC-003,Lucknow PHC-3,Lucknow,Uttar Pradesh,26.2674,85.7213,Amoxicillin,strips,20.6,20,9,6,5
2026-09-20,PHC-003,Lucknow PHC-3,Lucknow,Uttar Pradesh,26.2674,85.7213,Amoxicillin,strips,8.7,20,14,6,6
2026-09-21,PHC-003,Lucknow PHC-3,Lucknow,Uttar Pradesh,26.2674,85.7213,Amoxicillin,strips,0.0,20,15,6,2
2026-09-22,PHC-003,Lucknow PHC-3,Lucknow,Uttar Pradesh,26.2674,85.7213,Amoxicillin,strips,0.0,20,13,6,6
2026-09-23,PHC-003,Lucknow PHC-3,Lucknow,Uttar Pradesh,26.2674,85.7213,Amoxicillin,strips,0.0,20,9,6,5
2026-09-24,PHC-003,Lucknow PHC-3,Lucknow,Uttar Pradesh,26.2674,85.7213,Amoxicillin,strips,0.0,20,12,6,6
2026-09-25,PHC-003,Lucknow PHC-3,Lucknow,Uttar Pradesh,26.2674,85.7213,Amoxicillin,strips,0.0,20,14,6,5
2026-09-26,PHC-003,Lucknow PHC-3,Lucknow,Uttar Pradesh,26.2674,85.7213,Amoxicillin,strips,0.0,20,7,6,5
2026-08-28,PHC-003,Lucknow PHC-3,Lucknow,Uttar Pradesh,26.2674,85.7213,Iron Folic Acid Tablets,strips,492.6,20,12,6,4
2026-08-29,PHC-003,Lucknow PHC-3,Lucknow,Uttar Pradesh,26.2674,85.7213,Iron Folic Acid Tablets,strips,491.5,20,9,6,4
2026-08-30,PHC-003,Lucknow PHC-3,Lucknow,Uttar Pradesh,26.2674,85.7213,Iron Folic Acid Tablets,strips,493.9,20,10,6,4
2026-08-31,PHC-003,Lucknow PHC-3,Lucknow,Uttar Pradesh,26.2674,85.7213,Iron Folic Acid Tablets,strips,495.5,20,6,6,6
2026-09-01,PHC-003,Lucknow PHC-3,Lucknow,Uttar Pradesh,26.2674,85.7213,Iron Folic Acid Tablets,strips,515.8,20,8,6,4
2026-09-02,PHC-003,Lucknow PHC-3,Lucknow,Uttar Pradesh,26.2674,85.7213,Iron Folic Acid Tablets,strips,522.8,20,9,6,5
2026-09-03,PHC-003,Lucknow PHC-3,Lucknow,Uttar Pradesh,26.2674,85.7213,Iron Folic Acid Tablets,strips,525.1,20,9,6,4
2026-09-04,PHC-003,Lucknow PHC-3,Lucknow,Uttar Pradesh,26.2674,85.7213,Iron Folic Acid Tablets,strips,526.3,20,13,6,4
2026-09-05,PHC-003,Lucknow PHC-3,Lucknow,Uttar Pradesh,26.2674,85.7213,Iron Folic Acid Tablets,strips,531.2,20,13,6,4
2026-09-06,PHC-003,Lucknow PHC-3,Lucknow,Uttar Pradesh,26.2674,85.7213,Iron Folic Acid Tablets,strips,526.5,20,8,6,4
2026-09-07,PHC-003,Lucknow PHC-3,Lucknow,Uttar Pradesh,26.2674,85.7213,Iron Folic Acid Tablets,strips,522.7,20,13,6,4
2026-09-08,PHC-003,Lucknow PHC-3,Lucknow,Uttar Pradesh,26.2674,85.7213,Iron Folic Acid Tablets,strips,522.3,20,14,6,4
2026-09-09,PHC-003,Lucknow PHC-3,Lucknow,Uttar Pradesh,26.2674,85.7213,Iron Folic Acid Tablets,strips,521.1,20,7,6,4
2026-09-10,PHC-003,Lucknow PHC-3,Lucknow,Uttar Pradesh,26.2674,85.7213,Iron Folic Acid Tablets,strips,522.9,20,10,6,6
2026-09-11,PHC-003,Lucknow PHC-3,Lucknow,Uttar Pradesh,26.2674,85.7213,Iron Folic Acid Tablets,strips,523.7,20,8,6,4
2026-09-12,PHC-003,Lucknow PHC-3,Lucknow,Uttar Pradesh,26.2674,85.7213,Iron Folic Acid Tablets,strips,507.9,20,12,6,6
2026-09-13,PHC-003,Lucknow PHC-3,Lucknow,Uttar Pradesh,26.2674,85.7213,Iron Folic Acid Tablets,strips,509.4,20,15,6,4
2026-09-14,PHC-003,Lucknow PHC-3,Lucknow,Uttar Pradesh,26.2674,85.7213,Iron Folic Acid Tablets,strips,491.5,20,13,6,4
2026-09-15,PHC-003,Lucknow PHC-3,Lucknow,Uttar Pradesh,26.2674,85.7213,Iron Folic Acid Tablets,strips,492.6,20,10,6,4
2026-09-16,PHC-003,Lucknow PHC-3,Lucknow,Uttar Pradesh,26.2674,85.7213,Iron Folic Acid Tablets,strips,487.2,20,15,6,3
2026-09-17,PHC-003,Lucknow PHC-3,Lucknow,Uttar Pradesh,26.2674,85.7213,Iron Folic Acid Tablets,strips,493.8,20,15,6,5
2026-09-18,PHC-003,Lucknow PHC-3,Lucknow,Uttar Pradesh,26.2674,85.7213,Iron Folic Acid Tablets,strips,489.6,20,12,6,5
2026-09-19,PHC-003,Lucknow PHC-3,Lucknow,Uttar Pradesh,26.2674,85.7213,Iron Folic Acid Tablets,strips,489.3,20,11,6,3
2026-09-20,PHC-003,Lucknow PHC-3,Lucknow,Uttar Pradesh,26.2674,85.7213,Iron Folic Acid Tablets,strips,494.5,20,7,6,4
2026-09-21,PHC-003,Lucknow PHC-3,Lucknow,Uttar Pradesh,26.2674,85.7213,Iron Folic Acid Tablets,strips,495.4,20,10,6,6
2026-09-22,PHC-003,Lucknow PHC-3,Lucknow,Uttar Pradesh,26.2674,85.7213,Iron Folic Acid Tablets,strips,484.8,20,14,6,4
2026-09-23,PHC-003,Lucknow PHC-3,Lucknow,Uttar Pradesh,26.2674,85.7213,Iron Folic Acid Tablets,strips,485.9,20,10,6,6
2026-09-24,PHC-003,Lucknow PHC-3,Lucknow,Uttar Pradesh,26.2674,85.7213,Iron Folic Acid Tablets,strips,481.5,20,10,6,4
2026-09-25,PHC-003,Lucknow PHC-3,Lucknow,Uttar Pradesh,26.2674,85.7213,Iron Folic Acid Tablets,strips,484.5,20,17,6,6
2026-09-26,PHC-003,Lucknow PHC-3,Lucknow,Uttar Pradesh,26.2674,85.7213,Iron Folic Acid Tablets,strips,485.0,20,8,6,4
2026-08-28,PHC-004,Varanasi PHC-1,Varanasi,Uttar Pradesh,18.8093,77.416,Paracetamol,units,328.9,13,5,14,12
2026-08-29,PHC-004,Varanasi PHC-1,Varanasi,Uttar Pradesh,18.8093,77.416,Paracetamol,units,342.2,13,6,14,11
2026-08-30,PHC-004,Varanasi PHC-1,Varanasi,Uttar Pradesh,18.8093,77.416,Paracetamol,units,350.5,13,9,14,12
2026-08-31,PHC-004,Varanasi PHC-1,Varanasi,Uttar Pradesh,18.8093,77.416,Paracetamol,units,351.5,13,5,14,13
2026-09-01,PHC-004,Varanasi PHC-1,Varanasi,Uttar Pradesh,18.8093,77.416,Paracetamol,units,351.8,13,3,14,10
2026-09-02,PHC-004,Varanasi PHC-1,Varanasi,Uttar Pradesh,18.8093,77.416,Paracetamol,units,357.8,13,9,14,9
2026-09-03,PHC-004,Varanasi PHC-1,Varanasi,Uttar Pradesh,18.8093,77.416,Paracetamol,units,361.3,13,4,14,11
2026-09-04,PHC-004,Varanasi PHC-1,Varanasi,Uttar Pradesh,18.8093,77.416,Paracetamol,units,359.9,13,4,14,11
2026-09-05,PHC-004,Varanasi PHC-1,Varanasi,Uttar Pradesh,18.8093,77.416,Paracetamol,units,359.1,13,6,14,11
2026-09-06,PHC-004,Varanasi PHC-1,Varanasi,Uttar Pradesh,18.8093,77.416,Paracetamol,units,361.6,13,7,14,11
2026-09-07,PHC-004,Varanasi PHC-1,Varanasi,Uttar Pradesh,18.8093,77.416,Paracetamol,units,349.5,13,8,14,11
2026-09-08,PHC-004,Varanasi PHC-1,Varanasi,Uttar Pradesh,18.8093,77.416,Paracetamol,units,355.5,13,3,14,9
2026-09-09,PHC-004,Varanasi PHC-1,Varanasi,Uttar Pradesh,18.8093,77.416,Paracetamol,units,355.5,13,8,14,11
2026-09-10,PHC-004,Varanasi PHC-1,Varanasi,Uttar Pradesh,18.8093,77.416,Paracetamol,units,362.4,13,8,14,11
2026-09-11,PHC-004,Varanasi PHC-1,Varanasi,Uttar Pradesh,18.8093,77.416,Paracetamol,units,367.7,13,10,14,12
2026-09-12,PHC-004,Varanasi PHC-1,Varanasi,Uttar Pradesh,18.8093,77.416,Paracetamol,units,372.2,13,9,14,13
2026-09-13,PHC-004,Varanasi PHC-1,Varanasi,Uttar Pradesh,18.8093,77.416,Paracetamol,units,370.5,13,9,14,11
2026-09-14,PHC-004,Varanasi PHC-1,Varanasi,Uttar Pradesh,18.8093,77.416,Paracetamol,units,372.2,13,8,14,12
2026-09-15,PHC-004,Varanasi PHC-1,Varanasi,Uttar Pradesh,18.8093,77.416,Paracetamol,units,370.7,13,10,14,10
2026-09-16,PHC-004,Varanasi PHC-1,Varanasi,Uttar Pradesh,18.8093,77.416,Paracetamol,units,370.7,13,9,14,10
2026-09-17,PHC-004,Varanasi PHC-1,Varanasi,Uttar Pradesh,18.8093,77.416,Paracetamol,units,361.1,13,7,14,10
2026-09-18,PHC-004,Varanasi PHC-1,Varanasi,Uttar Pradesh,18.8093,77.416,Paracetamol,units,362.8,13,6,14,12
2026-09-19,PHC-004,Varanasi PHC-1,Varanasi,Uttar Pradesh,18.8093,77.416,Paracetamol,units,365.4,13,8,14,11
2026-09-20,PHC-004,Varanasi PHC-1,Varanasi,Uttar Pradesh,18.8093,77.416,Paracetamol,units,368.2,13,8,14,10
2026-09-21,PHC-004,Varanasi PHC-1,Varanasi,Uttar Pradesh,18.8093,77.416,Paracetamol,units,363.0,13,10,14,13
2026-09-22,PHC-004,Varanasi PHC-1,Varanasi,Uttar Pradesh,18.8093,77.416,Paracetamol,units,364.1,13,7,14,12
2026-09-23,PHC-004,Varanasi PHC-1,Varanasi,Uttar Pradesh,18.8093,77.416,Paracetamol,units,365.4,13,9,14,11
2026-09-24,PHC-004,Varanasi PHC-1,Varanasi,Uttar Pradesh,18.8093,77.416,Paracetamol,units,358.1,13,5,14,9
2026-09-25,PHC-004,Varanasi PHC-1,Varanasi,Uttar Pradesh,18.8093,77.416,Paracetamol,units,365.3,13,10,14,9
2026-09-26,PHC-004,Varanasi PHC-1,Varanasi,Uttar Pradesh,18.8093,77.416,Paracetamol,units,369.2,13,6,14,12
2026-08-28,PHC-004,Varanasi PHC-1,Varanasi,Uttar Pradesh,18.8093,77.416,ORS Sachets,packets,335.2,13,4,14,12
2026-08-29,PHC-004,Varanasi PHC-1,Varanasi,Uttar Pradesh,18.8093,77.416,ORS Sachets,packets,333.8,13,5,14,9
2026-08-30,PHC-004,Varanasi PHC-1,Varanasi,Uttar Pradesh,18.8093,77.416,ORS Sachets,packets,332.9,13,4,14,12
2026-08-31,PHC-004,Varanasi PHC-1,Varanasi,Uttar Pradesh,18.8093,77.416,ORS Sachets,packets,330.7,13,6,14,13
2026-09-01,PHC-004,Varanasi PHC-1,Varanasi,Uttar Pradesh,18.8093,77.416,ORS Sachets,packets,330.1,13,9,14,10
2026-09-02,PHC-004,Varanasi PHC-1,Varanasi,Uttar Pradesh,18.8093,77.416,ORS Sachets,packets,330.3,13,6,14,12
2026-09-03,PHC-004,Varanasi PHC-1,Varanasi,Uttar Pradesh,18.8093,77.416,ORS Sachets,packets,332.6,13,8,14,8
2026-09-04,PHC-004,Varanasi PHC-1,Varanasi,Uttar Pradesh,18.8093,77.416,ORS Sachets,packets,322.4,13,6,14,13
2026-09-05,PHC-004,Varanasi PHC-1,Varanasi,Uttar Pradesh,18.8093,77.416,ORS Sachets,packets,319.5,13,5,14,13
2026-09-06,PHC-004,Varanasi PHC-1,Varanasi,Uttar Pradesh,18.8093,77.416,ORS Sachets,packets,324.1,13,7,14,10
2026-09-07,PHC-004,Varanasi PHC-1,Varanasi,Uttar Pradesh,18.8093,77.416,ORS Sachets,packets,319.6,13,9,14,12
2026-09-08,PHC-004,Varanasi PHC-1,Varanasi,Uttar Pradesh,18.8093,77.416,ORS Sachets,packets,318.8,13,6,14,13
2026-09-09,PHC-004,Varanasi PHC-1,Varanasi,Uttar Pradesh,18.8093,77.416,ORS Sachets,packets,322.2,13,7,14,10
2026-09-10,PHC-004,Varanasi PHC-1,Varanasi,Uttar Pradesh,18.8093,77.416,ORS Sachets,packets,320.4,13,5,14,12
2026-09-11,PHC-004,Varanasi PHC-1,Varanasi,Uttar Pradesh,18.8093,77.416,ORS Sachets,packets,312.6,13,7,14,9
2026-09-12,PHC-004,Varanasi PHC-1,Varanasi,Uttar Pradesh,18.8093,77.416,ORS Sachets,packets,309.4,13,6,14,14
2026-09-13,PHC-004,Varanasi PHC-1,Varanasi,Uttar Pradesh,18.8093,77.416,ORS Sachets,packets,310.3,13,4,14,11
2026-09-14,PHC-004,Varanasi PHC-1,Varanasi,Uttar Pradesh,18.8093,77.416,ORS Sachets,packets,307.2,13,9,14,10
2026-09-15,PHC-004,Varanasi PHC-1,Varanasi,Uttar Pradesh,18.8093,77.416,ORS Sachets,packets,305.2,13,8,14,11
2026-09-16,PHC-004,Varanasi PHC-1,Varanasi,Uttar Pradesh,18.8093,77.416,ORS Sachets,packets,304.7,13,6,14,12
2026-09-17,PHC-004,Varanasi PHC-1,Varanasi,Uttar Pradesh,18.8093,77.416,ORS Sachets,packets,304.5,13,6,14,12
2026-09-18,PHC-004,Varanasi PHC-1,Varanasi,Uttar Pradesh,18.8093,77.416,ORS Sachets,packets,303.6,13,8,14,13
2026-09-19,PHC-004,Varanasi PHC-1,Varanasi,Uttar Pradesh,18.8093,77.416,ORS Sachets,packets,305.6,13,4,14,12
2026-09-20,PHC-004,Varanasi PHC-1,Varanasi,Uttar Pradesh,18.8093,77.416,ORS Sachets,packets,306.7,13,8,14,11
2026-09-21,PHC-004,Varanasi PHC-1,Varanasi,Uttar Pradesh,18.8093,77.416,ORS Sachets,packets,306.0,13,6,14,11
2026-09-22,PHC-004,Varanasi PHC-1,Varanasi,Uttar Pradesh,18.8093,77.416,ORS Sachets,packets,303.7,13,6,14,10
2026-09-23,PHC-004,Varanasi PHC-1,Varanasi,Uttar Pradesh,18.8093,77.416,ORS Sachets,packets,305.8,13,8,14,13
2026-09-24,PHC-004,Varanasi PHC-1,Varanasi,Uttar Pradesh,18.8093,77.416,ORS Sachets,packets,307.3,13,8,14,11
2026-09-25,PHC-004,Varanasi PHC-1,Varanasi,Uttar Pradesh,18.8093,77.416,ORS Sachets,packets,316.8,13,6,14,11
2026-09-26,PHC-004,Varanasi PHC-1,Varanasi,Uttar Pradesh,18.8093,77.416,ORS Sachets,packets,317.6,13,5,14,13
2026-08-28,PHC-004,Varanasi PHC-1,Varanasi,Uttar Pradesh,18.8093,77.416,Insulin,vials,88.1,13,9,14,10
2026-08-29,PHC-004,Varanasi PHC-1,Varanasi,Uttar Pradesh,18.8093,77.416,Insulin,vials,79.3,13,9,14,11
2026-08-30,PHC-004,Varanasi PHC-1,Varanasi,Uttar Pradesh,18.8093,77.416,Insulin,vials,70.6,13,8,14,11
2026-08-31,PHC-004,Varanasi PHC-1,Varanasi,Uttar Pradesh,18.8093,77.416,Insulin,vials,67.1,13,8,14,12
2026-09-01,PHC-004,Varanasi PHC-1,Varanasi,Uttar Pradesh,18.8093,77.416,Insulin,vials,61.0,13,6,14,12
2026-09-02,PHC-004,Varanasi PHC-1,Varanasi,Uttar Pradesh,18.8093,77.416,Insulin,vials,55.0,13,5,14,10
2026-09-03,PHC-004,Varanasi PHC-1,Varanasi,Uttar Pradesh,18.8093,77.416,Insulin,vials,50.3,13,2,14,12
2026-09-04,PHC-004,Varanasi PHC-1,Varanasi,Uttar Pradesh,18.8093,77.416,Insulin,vials,44.2,13,10,14,11
2026-09-05,PHC-004,Varanasi PHC-1,Varanasi,Uttar Pradesh,18.8093,77.416,Insulin,vials,39.3,13,7,14,12
2026-09-06,PHC-004,Varanasi PHC-1,Varanasi,Uttar Pradesh,18.8093,77.416,Insulin,vials,35.1,13,6,14,13
2026-09-07,PHC-004,Varanasi PHC-1,Varanasi,Uttar Pradesh,18.8093,77.416,Insulin,vials,28.1,13,8,14,13
2026-09-08,PHC-004,Varanasi PHC-1,Varanasi,Uttar Pradesh,18.8093,77.416,Insulin,vials,23.0,13,11,14,10
2026-09-09,PHC-004,Varanasi PHC-1,Varanasi,Uttar Pradesh,18.8093,77.416,Insulin,vials,17.8,13,5,14,12
2026-09-10,PHC-004,Varanasi PHC-1,Varanasi,Uttar Pradesh,18.8093,77.416,Insulin,vials,13.6,13,7,14,10
2026-09-11,PHC-004,Varanasi PHC-1,Varanasi,Uttar Pradesh,18.8093,77.416,Insulin,vials,10.3,13,5,14,13
2026-09-12,PHC-004,Varanasi PHC-1,Varanasi,Uttar Pradesh,18.8093,77.416,Insulin,vials,5.9,13,8,14,12
2026-09-13,PHC-004,Varanasi PHC-1,Varanasi,Uttar Pradesh,18.8093,77.416,Insulin,vials,0.0,13,4,14,11
2026-09-14,PHC-004,Varanasi PHC-1,Varanasi,Uttar Pradesh,18.8093,77.416,Insulin,vials,0.0,13,4,14,13
2026-09-15,PHC-004,Varanasi PHC-1,Varanasi,Uttar Pradesh,18.8093,77.416,Insulin,vials,0.0,13,8,14,11
2026-09-16,PHC-004,Varanasi PHC-1,Varanasi,Uttar Pradesh,18.8093,77.416,Insulin,vials,0.0,13,9,14,11
2026-09-17,PHC-004,Varanasi PHC-1,Varanasi,Uttar Pradesh,18.8093,77.416,Insulin,vials,0.0,13,7,14,11
2026-09-18,PHC-004,Varanasi PHC-1,Varanasi,Uttar Pradesh,18.8093,77.416,Insulin,vials,0.0,13,3,14,11
2026-09-19,PHC-004,Varanasi PHC-1,Varanasi,Uttar Pradesh,18.8093,77.416,Insulin,vials,0.0,13,6,14,10
2026-09-20,PHC-004,Varanasi PHC-1,Varanasi,Uttar Pradesh,18.8093,77.416,Insulin,vials,0.0,13,7,14,9
2026-09-21,PHC-004,Varanasi PHC-1,Varanasi,Uttar Pradesh,18.8093,77.416,Insulin,vials,0.0,13,8,14,12
2026-09-22,PHC-004,Varanasi PHC-1,Varanasi,Uttar Pradesh,18.8093,77.416,Insulin,vials,0.0,13,8,14,13
2026-09-23,PHC-004,Varanasi PHC-1,Varanasi,Uttar Pradesh,18.8093,77.416,Insulin,vials,0.0,13,7,14,11
2026-09-24,PHC-004,Varanasi PHC-1,Varanasi,Uttar Pradesh,18.8093,77.416,Insulin,vials,0.0,13,8,14,12
2026-09-25,PHC-004,Varanasi PHC-1,Varanasi,Uttar Pradesh,18.8093,77.416,Insulin,vials,0.0,13,8,14,12
2026-09-26,PHC-004,Varanasi PHC-1,Varanasi,Uttar Pradesh,18.8093,77.416,Insulin,vials,0.0,13,9,14,12
2026-08-28,PHC-004,Varanasi PHC-1,Varanasi,Uttar Pradesh,18.8093,77.416,Amoxicillin,strips,276.2,13,8,14,9
2026-08-29,PHC-004,Varanasi PHC-1,Varanasi,Uttar Pradesh,18.8093,77.416,Amoxicillin,strips,280.8,13,9,14,11
2026-08-30,PHC-004,Varanasi PHC-1,Varanasi,Uttar Pradesh,18.8093,77.416,Amoxicillin,strips,286.0,13,10,14,10
2026-08-31,PHC-004,Varanasi PHC-1,Varanasi,Uttar Pradesh,18.8093,77.416,Amoxicillin,strips,288.4,13,8,14,12
2026-09-01,PHC-004,Varanasi PHC-1,Varanasi,Uttar Pradesh,18.8093,77.416,Amoxicillin,strips,290.5,13,9,14,12
2026-09-02,PHC-004,Varanasi PHC-1,Varanasi,Uttar Pradesh,18.8093,77.416,Amoxicillin,strips,294.1,13,7,14,11
2026-09-03,PHC-004,Varanasi PHC-1,Varanasi,Uttar Pradesh,18.8093,77.416,Amoxicillin,strips,297.2,13,8,14,12
2026-09-04,PHC-004,Varanasi PHC-1,Varanasi,Uttar Pradesh,18.8093,77.416,Amoxicillin,strips,300.5,13,7,14,10
2026-09-05,PHC-004,Varanasi PHC-1,Varanasi,Uttar Pradesh,18.8093,77.416,Amoxicillin,strips,303.5,13,7,14,12
2026-09-06,PHC-004,Varanasi PHC-1,Varanasi,Uttar Pradesh,18.8093,77.416,Amoxicillin,strips,307.0,13,6,14,12
2026-09-07,PHC-004,Varanasi PHC-1,Varanasi,Uttar Pradesh,18.8093,77.416,Amoxicillin,strips,312.2,13,7,14,14
2026-09-08,PHC-004,Varanasi PHC-1,Varanasi,Uttar Pradesh,18.8093,77.416,Amoxicillin,strips,317.4,13,8,14,10
2026-09-09,PHC-004,Varanasi PHC-1,Varanasi,Uttar Pradesh,18.8093,77.416,Amoxicillin,strips,320.0,13,8,14,12
2026-09-10,PHC-004,Varanasi PHC-1,Varanasi,Uttar Pradesh,18.8093,77.416,Amoxicillin,strips,325.2,13,10,14,11
2026-09-11,PHC-004,Varanasi PHC-1,Varanasi,Uttar Pradesh,18.8093,77.416,Amoxicillin,strips,330.9,13,13,14,12
2026-09-12,PHC-004,Varanasi PHC-1,Varanasi,Uttar Pradesh,18.8093,77.416,Amoxicillin,strips,335.8,13,6,14,10
2026-09-13,PHC-004,Varanasi PHC-1,Varanasi,Uttar Pradesh,18.8093,77.416,Amoxicillin,strips,341.1,13,7,14,12
2026-09-14,PHC-004,Varanasi PHC-1,Varanasi,Uttar Pradesh,18.8093,77.416,Amoxicillin,strips,344.1,13,9,14,10
2026-09-15,PHC-004,Varanasi PHC-1,Varanasi,Uttar Pradesh,18.8093,77.416,Amoxicillin,strips,349.9,13,8,14,12
2026-09-16,PHC-004,Varanasi PHC-1,Varanasi,Uttar Pradesh,18.8093,77.416,Amoxicillin,strips,353.2,13,6,14,12
2026-09-17,PHC-004,Varanasi PHC-1,Varanasi,Uttar Pradesh,18.8093,77.416,Amoxicillin,strips,356.9,13,6,14,10
2026-09-18,PHC-004,Varanasi PHC-1,Varanasi,Uttar Pradesh,18.8093,77.416,Amoxicillin,strips,362.9,13,8,14,13
2026-09-19,PHC-004,Varanasi PHC-1,Varanasi,Uttar Pradesh,18.8093,77.416,Amoxicillin,strips,366.9,13,8,14,13
2026-09-20,PHC-004,Varanasi PHC-1,Varanasi,Uttar Pradesh,18.8093,77.416,Amoxicillin,strips,369.3,13,4,14,11
2026-09-21,PHC-004,Varanasi PHC-1,Varanasi,Uttar Pradesh,18.8093,77.416,Amoxicillin,strips,372.6,13,6,14,10
2026-09-22,PHC-004,Varanasi PHC-1,Varanasi,Uttar Pradesh,18.8093,77.416,Amoxicillin,strips,376.2,13,5,14,12
2026-09-23,PHC-004,Varanasi PHC-1,Varanasi,Uttar Pradesh,18.8093,77.416,Amoxicillin,strips,379.3,13,8,14,12
2026-09-24,PHC-004,Varanasi PHC-1,Varanasi,Uttar Pradesh,18.8093,77.416,Amoxicillin,strips,381.4,13,7,14,14
2026-09-25,PHC-004,Varanasi PHC-1,Varanasi,Uttar Pradesh,18.8093,77.416,Amoxicillin,strips,386.0,13,4,14,10
2026-09-26,PHC-004,Varanasi PHC-1,Varanasi,Uttar Pradesh,18.8093,77.416,Amoxicillin,strips,391.0,13,7,14,11
2026-08-28,PHC-004,Varanasi PHC-1,Varanasi,Uttar Pradesh,18.8093,77.416,Iron Folic Acid Tablets,strips,520.6,13,9,14,10
2026-08-29,PHC-004,Varanasi PHC-1,Varanasi,Uttar Pradesh,18.8093,77.416,Iron Folic Acid Tablets,strips,507.1,13,7,14,12
2026-08-30,PHC-004,Varanasi PHC-1,Varanasi,Uttar Pradesh,18.8093,77.416,Iron Folic Acid Tablets,strips,496.2,13,7,14,11
2026-08-31,PHC-004,Varanasi PHC-1,Varanasi,Uttar Pradesh,18.8093,77.416,Iron Folic Acid Tablets,strips,482.3,13,6,14,11
2026-09-01,PHC-004,Varanasi PHC-1,Varanasi,Uttar Pradesh,18.8093,77.416,Iron Folic Acid Tablets,strips,462.5,13,7,14,12
2026-09-02,PHC-004,Varanasi PHC-1,Varanasi,Uttar Pradesh,18.8093,77.416,Iron Folic Acid Tablets,strips,439.6,13,7,14,11
2026-09-03,PHC-004,Varanasi PHC-1,Varanasi,Uttar Pradesh,18.8093,77.416,Iron Folic Acid Tablets,strips,419.4,13,8,14,11
2026-09-04,PHC-004,Varanasi PHC-1,Varanasi,Uttar Pradesh,18.8093,77.416,Iron Folic Acid Tablets,strips,400.8,13,9,14,13
2026-09-05,PHC-004,Varanasi PHC-1,Varanasi,Uttar Pradesh,18.8093,77.416,Iron Folic Acid Tablets,strips,391.5,13,6,14,11
2026-09-06,PHC-004,Varanasi PHC-1,Varanasi,Uttar Pradesh,18.8093,77.416,Iron Folic Acid Tablets,strips,372.0,13,7,14,11
2026-09-07,PHC-004,Varanasi PHC-1,Varanasi,Uttar Pradesh,18.8093,77.416,Iron Folic Acid Tablets,strips,350.6,13,7,14,10
2026-09-08,PHC-004,Varanasi PHC-1,Varanasi,Uttar Pradesh,18.8093,77.416,Iron Folic Acid Tablets,strips,331.0,13,6,14,10
2026-09-09,PHC-004,Varanasi PHC-1,Varanasi,Uttar Pradesh,18.8093,77.416,Iron Folic Acid Tablets,strips,322.7,13,8,14,12
2026-09-10,PHC-004,Varanasi PHC-1,Varanasi,Uttar Pradesh,18.8093,77.416,Iron Folic Acid Tablets,strips,301.5,13,8,14,12
2026-09-11,PHC-004,Varanasi PHC-1,Varanasi,Uttar Pradesh,18.8093,77.416,Iron Folic Acid Tablets,strips,290.7,13,5,14,13
2026-09-12,PHC-004,Varanasi PHC-1,Varanasi,Uttar Pradesh,18.8093,77.416,Iron Folic Acid Tablets,strips,279.7,13,5,14,11
2026-09-13,PHC-004,Varanasi PHC-1,Varanasi,Uttar Pradesh,18.8093,77.416,Iron Folic Acid Tablets,strips,260.0,13,6,14,11
2026-09-14,PHC-004,Varanasi PHC-1,Varanasi,Uttar Pradesh,18.8093,77.416,Iron Folic Acid Tablets,strips,237.1,13,6,14,10
2026-09-15,PHC-004,Varanasi PHC-1,Varanasi,Uttar Pradesh,18.8093,77.416,Iron Folic Acid Tablets,strips,224.5,13,8,14,11
2026-09-16,PHC-004,Varanasi PHC-1,Varanasi,Uttar Pradesh,18.8093,77.416,Iron Folic Acid Tablets,strips,205.3,13,6,14,11
2026-09-17,PHC-004,Varanasi PHC-1,Varanasi,Uttar Pradesh,18.8093,77.416,Iron Folic Acid Tablets,strips,186.1,13,5,14,11
2026-09-18,PHC-004,Varanasi PHC-1,Varanasi,Uttar Pradesh,18.8093,77.416,Iron Folic Acid Tablets,strips,171.0,13,3,14,13
2026-09-19,PHC-004,Varanasi PHC-1,Varanasi,Uttar Pradesh,18.8093,77.416,Iron Folic Acid Tablets,strips,158.1,13,8,14,12
2026-09-20,PHC-004,Varanasi PHC-1,Varanasi,Uttar Pradesh,18.8093,77.416,Iron Folic Acid Tablets,strips,141.0,13,8,14,9
2026-09-21,PHC-004,Varanasi PHC-1,Varanasi,Uttar Pradesh,18.8093,77.416,Iron Folic Acid Tablets,strips,131.9,13,8,14,11
2026-09-22,PHC-004,Varanasi PHC-1,Varanasi,Uttar Pradesh,18.8093,77.416,Iron Folic Acid Tablets,strips,118.6,13,9,14,12
2026-09-23,PHC-004,Varanasi PHC-1,Varanasi,Uttar Pradesh,18.8093,77.416,Iron Folic Acid Tablets,strips,98.9,13,4,14,11
2026-09-24,PHC-004,Varanasi PHC-1,Varanasi,Uttar Pradesh,18.8093,77.416,Iron Folic Acid Tablets,strips,90.6,13,5,14,12
2026-09-25,PHC-004,Varanasi PHC-1,Varanasi,Uttar Pradesh,18.8093,77.416,Iron Folic Acid Tablets,strips,81.6,13,8,14,8
2026-09-26,PHC-004,Varanasi PHC-1,Varanasi,Uttar Pradesh,18.8093,77.416,Iron Folic Acid Tablets,strips,70.5,13,11,14,11
2026-08-28,PHC-005,Varanasi PHC-2,Varanasi,Uttar Pradesh,23.4528,86.4552,Paracetamol,units,537.0,20,12,9,8
2026-08-29,PHC-005,Varanasi PHC-2,Varanasi,Uttar Pradesh,23.4528,86.4552,Paracetamol,units,541.2,20,18,9,8
2026-08-30,PHC-005,Varanasi PHC-2,Varanasi,Uttar Pradesh,23.4528,86.4552,Paracetamol,units,542.4,20,15,9,9
2026-08-31,PHC-005,Varanasi PHC-2,Varanasi,Uttar Pradesh,23.4528,86.4552,Paracetamol,units,547.0,20,14,9,9
2026-09-01,PHC-005,Varanasi PHC-2,Varanasi,Uttar Pradesh,23.4528,86.4552,Paracetamol,units,543.6,20,11,9,7
2026-09-02,PHC-005,Varanasi PHC-2,Varanasi,Uttar Pradesh,23.4528,86.4552,Paracetamol,units,524.9,20,10,9,8
2026-09-03,PHC-005,Varanasi PHC-2,Varanasi,Uttar Pradesh,23.4528,86.4552,Paracetamol,units,537.5,20,12,9,9
2026-09-04,PHC-005,Varanasi PHC-2,Varanasi,Uttar Pradesh,23.4528,86.4552,Paracetamol,units,540.2,20,12,9,9
2026-09-05,PHC-005,Varanasi PHC-2,Varanasi,Uttar Pradesh,23.4528,86.4552,Paracetamol,units,543.6,20,13,9,7
2026-09-06,PHC-005,Varanasi PHC-2,Varanasi,Uttar Pradesh,23.4528,86.4552,Paracetamol,units,553.9,20,11,9,8
2026-09-07,PHC-005,Varanasi PHC-2,Varanasi,Uttar Pradesh,23.4528,86.4552,Paracetamol,units,558.6,20,12,9,4
2026-09-08,PHC-005,Varanasi PHC-2,Varanasi,Uttar Pradesh,23.4528,86.4552,Paracetamol,units,551.4,20,16,9,7
2026-09-09,PHC-005,Varanasi PHC-2,Varanasi,Uttar Pradesh,23.4528,86.4552,Paracetamol,units,546.0,20,7,9,7
2026-09-10,PHC-005,Varanasi PHC-2,Varanasi,Uttar Pradesh,23.4528,86.4552,Paracetamol,units,544.7,20,12,9,9
2026-09-11,PHC-005,Varanasi PHC-2,Varanasi,Uttar Pradesh,23.4528,86.4552,Paracetamol,units,547.6,20,14,9,9
2026-09-12,PHC-005,Varanasi PHC-2,Varanasi,Uttar Pradesh,23.4528,86.4552,Paracetamol,units,534.7,20,11,9,8
2026-09-13,PHC-005,Varanasi PHC-2,Varanasi,Uttar Pradesh,23.4528,86.4552,Paracetamol,units,533.4,20,9,9,9
2026-09-14,PHC-005,Varanasi PHC-2,Varanasi,Uttar Pradesh,23.4528,86.4552,Paracetamol,units,536.8,20,13,9,7
2026-09-15,PHC-005,Varanasi PHC-2,Varanasi,Uttar Pradesh,23.4528,86.4552,Paracetamol,units,528.6,20,5,9,7
2026-09-16,PHC-005,Varanasi PHC-2,Varanasi,Uttar Pradesh,23.4528,86.4552,Paracetamol,units,533.4,20,16,9,9
2026-09-17,PHC-005,Varanasi PHC-2,Varanasi,Uttar Pradesh,23.4528,86.4552,Paracetamol,units,530.8,20,13,9,9
2026-09-18,PHC-005,Varanasi PHC-2,Varanasi,Uttar Pradesh,23.4528,86.4552,Paracetamol,units,534.2,20,10,9,6
2026-09-19,PHC-005,Varanasi PHC-2,Varanasi,Uttar Pradesh,23.4528,86.4552,Paracetamol,units,526.3,20,11,9,7
2026-09-20,PHC-005,Varanasi PHC-2,Varanasi,Uttar Pradesh,23.4528,86.4552,Paracetamol,units,525.2,20,4,9,8
2026-09-21,PHC-005,Varanasi PHC-2,Varanasi,Uttar Pradesh,23.4528,86.4552,Paracetamol,units,525.5,20,11,9,7
2026-09-22,PHC-005,Varanasi PHC-2,Varanasi,Uttar Pradesh,23.4528,86.4552,Paracetamol,units,516.2,20,10,9,8
2026-09-23,PHC-005,Varanasi PHC-2,Varanasi,Uttar Pradesh,23.4528,86.4552,Paracetamol,units,504.4,20,14,9,8
2026-09-24,PHC-005,Varanasi PHC-2,Varanasi,Uttar Pradesh,23.4528,86.4552,Paracetamol,units,492.1,20,14,9,5
2026-09-25,PHC-005,Varanasi PHC-2,Varanasi,Uttar Pradesh,23.4528,86.4552,Paracetamol,units,487.5,20,8,9,7
2026-09-26,PHC-005,Varanasi PHC-2,Varanasi,Uttar Pradesh,23.4528,86.4552,Paracetamol,units,484.6,20,13,9,7
2026-08-28,PHC-005,Varanasi PHC-2,Varanasi,Uttar Pradesh,23.4528,86.4552,ORS Sachets,packets,330.6,20,7,9,7
2026-08-29,PHC-005,Varanasi PHC-2,Varanasi,Uttar Pradesh,23.4528,86.4552,ORS Sachets,packets,323.3,20,10,9,6
2026-08-30,PHC-005,Varanasi PHC-2,Varanasi,Uttar Pradesh,23.4528,86.4552,ORS Sachets,packets,317.7,20,7,9,8
2026-08-31,PHC-005,Varanasi PHC-2,Varanasi,Uttar Pradesh,23.4528,86.4552,ORS Sachets,packets,315.3,20,10,9,8
2026-09-01,PHC-005,Varanasi PHC-2,Varanasi,Uttar Pradesh,23.4528,86.4552,ORS Sachets,packets,307.7,20,11,9,9
2026-09-02,PHC-005,Varanasi PHC-2,Varanasi,Uttar Pradesh,23.4528,86.4552,ORS Sachets,packets,307.8,20,15,9,9
2026-09-03,PHC-005,Varanasi PHC-2,Varanasi,Uttar Pradesh,23.4528,86.4552,ORS Sachets,packets,307.8,20,17,9,5
2026-09-04,PHC-005,Varanasi PHC-2,Varanasi,Uttar Pradesh,23.4528,86.4552,ORS Sachets,packets,305.2,20,12,9,7
2026-09-05,PHC-005,Varanasi PHC-2,Varanasi,Uttar Pradesh,23.4528,86.4552,ORS Sachets,packets,301.4,20,12,9,8
2026-09-06,PHC-005,Varanasi PHC-2,Varanasi,Uttar Pradesh,23.4528,86.4552,ORS Sachets,packets,301.7,20,13,9,6
2026-09-07,PHC-005,Varanasi PHC-2,Varanasi,Uttar Pradesh,23.4528,86.4552,ORS Sachets,packets,303.4,20,19,9,7
2026-09-08,PHC-005,Varanasi PHC-2,Varanasi,Uttar Pradesh,23.4528,86.4552,ORS Sachets,packets,306.1,20,14,9,7
2026-09-09,PHC-005,Varanasi PHC-2,Varanasi,Uttar Pradesh,23.4528,86.4552,ORS Sachets,packets,307.0,20,9,9,7
2026-09-10,PHC-005,Varanasi PHC-2,Varanasi,Uttar Pradesh,23.4528,86.4552,ORS Sachets,packets,310.4,20,10,9,5
2026-09-11,PHC-005,Varanasi PHC-2,Varanasi,Uttar Pradesh,23.4528,86.4552,ORS Sachets,packets,308.2,20,8,9,7
2026-09-12,PHC-005,Varanasi PHC-2,Varanasi,Uttar Pradesh,23.4528,86.4552,ORS Sachets,packets,306.7,20,9,9,7
2026-09-13,PHC-005,Varanasi PHC-2,Varanasi,Uttar Pradesh,23.4528,86.4552,ORS Sachets,packets,308.8,20,12,9,7
2026-09-14,PHC-005,Varanasi PHC-2,Varanasi,Uttar Pradesh,23.4528,86.4552,ORS Sachets,packets,309.4,20,13,9,6
2026-09-15,PHC-005,Varanasi PHC-2,Varanasi,Uttar Pradesh,23.4528,86.4552,ORS Sachets,packets,302.5,20,12,9,8
2026-09-16,PHC-005,Varanasi PHC-2,Varanasi,Uttar Pradesh,23.4528,86.4552,ORS Sachets,packets,305.3,20,9,9,7
2026-09-17,PHC-005,Varanasi PHC-2,Varanasi,Uttar Pradesh,23.4528,86.4552,ORS Sachets,packets,305.1,20,11,9,7
2026-09-18,PHC-005,Varanasi PHC-2,Varanasi,Uttar Pradesh,23.4528,86.4552,ORS Sachets,packets,308.9,20,11,9,8
2026-09-19,PHC-005,Varanasi PHC-2,Varanasi,Uttar Pradesh,23.4528,86.4552,ORS Sachets,packets,310.5,20,9,9,8
2026-09-20,PHC-005,Varanasi PHC-2,Varanasi,Uttar Pradesh,23.4528,86.4552,ORS Sachets,packets,310.1,20,5,9,6
2026-09-21,PHC-005,Varanasi PHC-2,Varanasi,Uttar Pradesh,23.4528,86.4552,ORS Sachets,packets,312.1,20,12,9,8
2026-09-22,PHC-005,Varanasi PHC-2,Varanasi,Uttar Pradesh,23.4528,86.4552,ORS Sachets,packets,314.0,20,14,9,9
2026-09-23,PHC-005,Varanasi PHC-2,Varanasi,Uttar Pradesh,23.4528,86.4552,ORS Sachets,packets,316.8,20,11,9,6
2026-09-24,PHC-005,Varanasi PHC-2,Varanasi,Uttar Pradesh,23.4528,86.4552,ORS Sachets,packets,317.2,20,14,9,7
2026-09-25,PHC-005,Varanasi PHC-2,Varanasi,Uttar Pradesh,23.4528,86.4552,ORS Sachets,packets,317.2,20,16,9,8
2026-09-26,PHC-005,Varanasi PHC-2,Varanasi,Uttar Pradesh,23.4528,86.4552,ORS Sachets,packets,316.5,20,17,9,7
2026-08-28,PHC-005,Varanasi PHC-2,Varanasi,Uttar Pradesh,23.4528,86.4552,Insulin,vials,66.8,20,11,9,7
2026-08-29,PHC-005,Varanasi PHC-2,Varanasi,Uttar Pradesh,23.4528,86.4552,Insulin,vials,67.7,20,10,9,9
2026-08-30,PHC-005,Varanasi PHC-2,Varanasi,Uttar Pradesh,23.4528,86.4552,Insulin,vials,68.6,20,12,9,7
2026-08-31,PHC-005,Varanasi PHC-2,Varanasi,Uttar Pradesh,23.4528,86.4552,Insulin,vials,69.7,20,15,9,6
2026-09-01,PHC-005,Varanasi PHC-2,Varanasi,Uttar Pradesh,23.4528,86.4552,Insulin,vials,70.3,20,13,9,8
2026-09-02,PHC-005,Varanasi PHC-2,Varanasi,Uttar Pradesh,23.4528,86.4552,Insulin,vials,71.8,20,13,9,7
2026-09-03,PHC-005,Varanasi PHC-2,Varanasi,Uttar Pradesh,23.4528,86.4552,Insulin,vials,72.7,20,11,9,7
2026-09-04,PHC-005,Varanasi PHC-2,Varanasi,Uttar Pradesh,23.4528,86.4552,Insulin,vials,73.4,20,18,9,5
2026-09-05,PHC-005,Varanasi PHC-2,Varanasi,Uttar Pradesh,23.4528,86.4552,Insulin,vials,74.5,20,6,9,7
2026-09-06,PHC-005,Varanasi PHC-2,Varanasi,Uttar Pradesh,23.4528,86.4552,Insulin,vials,75.8,20,5,9,8
2026-09-07,PHC-005,Varanasi PHC-2,Varanasi,Uttar Pradesh,23.4528,86.4552,Insulin,vials,76.6,20,5,9,8
2026-09-08,PHC-005,Varanasi PHC-2,Varanasi,Uttar Pradesh,23.4528,86.4552,Insulin,vials,78.0,20,16,9,8
2026-09-09,PHC-005,Varanasi PHC-2,Varanasi,Uttar Pradesh,23.4528,86.4552,Insulin,vials,79.4,20,15,9,9
2026-09-10,PHC-005,Varanasi PHC-2,Varanasi,Uttar Pradesh,23.4528,86.4552,Insulin,vials,80.8,20,9,9,7
2026-09-11,PHC-005,Varanasi PHC-2,Varanasi,Uttar Pradesh,23.4528,86.4552,Insulin,vials,81.9,20,6,9,8
2026-09-12,PHC-005,Varanasi PHC-2,Varanasi,Uttar Pradesh,23.4528,86.4552,Insulin,vials,82.6,20,13,9,9
2026-09-13,PHC-005,Varanasi PHC-2,Varanasi,Uttar Pradesh,23.4528,86.4552,Insulin,vials,84.0,20,11,9,8
2026-09-14,PHC-005,Varanasi PHC-2,Varanasi,Uttar Pradesh,23.4528,86.4552,Insulin,vials,84.9,20,9,9,9
2026-09-15,PHC-005,Varanasi PHC-2,Varanasi,Uttar Pradesh,23.4528,86.4552,Insulin,vials,86.2,20,9,9,8
2026-09-16,PHC-005,Varanasi PHC-2,Varanasi,Uttar Pradesh,23.4528,86.4552,Insulin,vials,87.5,20,13,9,8
2026-09-17,PHC-005,Varanasi PHC-2,Varanasi,Uttar Pradesh,23.4528,86.4552,Insulin,vials,88.3,20,12,9,9
2026-09-18,PHC-005,Varanasi PHC-2,Varanasi,Uttar Pradesh,23.4528,86.4552,Insulin,vials,89.6,20,13,9,6
2026-09-19,PHC-005,Varanasi PHC-2,Varanasi,Uttar Pradesh,23.4528,86.4552,Insulin,vials,91.1,20,13,9,8
2026-09-20,PHC-005,Varanasi PHC-2,Varanasi,Uttar Pradesh,23.4528,86.4552,Insulin,vials,92.3,20,9,9,9
2026-09-21,PHC-005,Varanasi PHC-2,Varanasi,Uttar Pradesh,23.4528,86.4552,Insulin,vials,93.2,20,6,9,8
2026-09-22,PHC-005,Varanasi PHC-2,Varanasi,Uttar Pradesh,23.4528,86.4552,Insulin,vials,93.9,20,16,9,7
2026-09-23,PHC-005,Varanasi PHC-2,Varanasi,Uttar Pradesh,23.4528,86.4552,Insulin,vials,94.8,20,15,9,6
2026-09-24,PHC-005,Varanasi PHC-2,Varanasi,Uttar Pradesh,23.4528,86.4552,Insulin,vials,96.1,20,11,9,8
2026-09-25,PHC-005,Varanasi PHC-2,Varanasi,Uttar Pradesh,23.4528,86.4552,Insulin,vials,97.2,20,6,9,8
2026-09-26,PHC-005,Varanasi PHC-2,Varanasi,Uttar Pradesh,23.4528,86.4552,Insulin,vials,98.2,20,10,9,5
2026-08-28,PHC-005,Varanasi PHC-2,Varanasi,Uttar Pradesh,23.4528,86.4552,Amoxicillin,strips,397.3,20,16,9,6
2026-08-29,PHC-005,Varanasi PHC-2,Varanasi,Uttar Pradesh,23.4528,86.4552,Amoxicillin,strips,405.3,20,12,9,6
2026-08-30,PHC-005,Varanasi PHC-2,Varanasi,Uttar Pradesh,23.4528,86.4552,Amoxicillin,strips,409.6,20,16,9,6
2026-08-31,PHC-005,Varanasi PHC-2,Varanasi,Uttar Pradesh,23.4528,86.4552,Amoxicillin,strips,409.8,20,9,9,7
2026-09-01,PHC-005,Varanasi PHC-2,Varanasi,Uttar Pradesh,23.4528,86.4552,Amoxicillin,strips,416.1,20,15,9,7
2026-09-02,PHC-005,Varanasi PHC-2,Varanasi,Uttar Pradesh,23.4528,86.4552,Amoxicillin,strips,418.5,20,10,9,8
2026-09-03,PHC-005,Varanasi PHC-2,Varanasi,Uttar Pradesh,23.4528,86.4552,Amoxicillin,strips,415.0,20,9,9,9
2026-09-04,PHC-005,Varanasi PHC-2,Varanasi,Uttar Pradesh,23.4528,86.4552,Amoxicillin,strips,424.2,20,10,9,7
2026-09-05,PHC-005,Varanasi PHC-2,Varanasi,Uttar Pradesh,23.4528,86.4552,Amoxicillin,strips,418.0,20,6,9,9
2026-09-06,PHC-005,Varanasi PHC-2,Varanasi,Uttar Pradesh,23.4528,86.4552,Amoxicillin,strips,417.9,20,10,9,7
2026-09-07,PHC-005,Varanasi PHC-2,Varanasi,Uttar Pradesh,23.4528,86.4552,Amoxicillin,strips,417.1,20,13,9,6
2026-09-08,PHC-005,Varanasi PHC-2,Varanasi,Uttar Pradesh,23.4528,86.4552,Amoxicillin,strips,415.9,20,7,9,7
2026-09-09,PHC-005,Varanasi PHC-2,Varanasi,Uttar Pradesh,23.4528,86.4552,Amoxicillin,strips,414.8,20,11,9,7
2026-09-10,PHC-005,Varanasi PHC-2,Varanasi,Uttar Pradesh,23.4528,86.4552,Amoxicillin,strips,417.1,20,16,9,7
2026-09-11,PHC-005,Varanasi PHC-2,Varanasi,Uttar Pradesh,23.4528,86.4552,Amoxicillin,strips,416.1,20,13,9,9
2026-09-12,PHC-005,Varanasi PHC-2,Varanasi,Uttar Pradesh,23.4528,86.4552,Amoxicillin,strips,408.5,20,13,9,9
2026-09-13,PHC-005,Varanasi PHC-2,Varanasi,Uttar Pradesh,23.4528,86.4552,Amoxicillin,strips,413.5,20,9,9,5
2026-09-14,PHC-005,Varanasi PHC-2,Varanasi,Uttar Pradesh,23.4528,86.4552,Amoxicillin,strips,408.7,20,11,9,9
2026-09-15,PHC-005,Varanasi PHC-2,Varanasi,Uttar Pradesh,23.4528,86.4552,Amoxicillin,strips,402.5,20,8,9,7
2026-09-16,PHC-005,Varanasi PHC-2,Varanasi,Uttar Pradesh,23.4528,86.4552,Amoxicillin,strips,409.7,20,14,9,8
2026-09-17,PHC-005,Varanasi PHC-2,Varanasi,Uttar Pradesh,23.4528,86.4552,Amoxicillin,strips,411.3,20,9,9,8
2026-09-18,PHC-005,Varanasi PHC-2,Varanasi,Uttar Pradesh,23.4528,86.4552,Amoxicillin,strips,414.1,20,15,9,7
2026-09-19,PHC-005,Varanasi PHC-2,Varanasi,Uttar Pradesh,23.4528,86.4552,Amoxicillin,strips,415.9,20,3,9,8
2026-09-20,PHC-005,Varanasi PHC-2,Varanasi,Uttar Pradesh,23.4528,86.4552,Amoxicillin,strips,415.7,20,14,9,7
2026-09-21,PHC-005,Varanasi PHC-2,Varanasi,Uttar Pradesh,23.4528,86.4552,Amoxicillin,strips,415.2,20,12,9,7
2026-09-22,PHC-005,Varanasi PHC-2,Varanasi,Uttar Pradesh,23.4528,86.4552,Amoxicillin,strips,417.8,20,8,9,7
2026-09-23,PHC-005,Varanasi PHC-2,Varanasi,Uttar Pradesh,23.4528,86.4552,Amoxicillin,strips,411.9,20,12,9,6
2026-09-24,PHC-005,Varanasi PHC-2,Varanasi,Uttar Pradesh,23.4528,86.4552,Amoxicillin,strips,408.2,20,11,9,9
2026-09-25,PHC-005,Varanasi PHC-2,Varanasi,Uttar Pradesh,23.4528,86.4552,Amoxicillin,strips,405.5,20,8,9,9
2026-09-26,PHC-005,Varanasi PHC-2,Varanasi,Uttar Pradesh,23.4528,86.4552,Amoxicillin,strips,405.4,20,10,9,6
2026-08-28,PHC-005,Varanasi PHC-2,Varanasi,Uttar Pradesh,23.4528,86.4552,Iron Folic Acid Tablets,strips,834.1,20,13,9,6
2026-08-29,PHC-005,Varanasi PHC-2,Varanasi,Uttar Pradesh,23.4528,86.4552,Iron Folic Acid Tablets,strips,838.6,20,15,9,8
2026-08-30,PHC-005,Varanasi PHC-2,Varanasi,Uttar Pradesh,23.4528,86.4552,Iron Folic Acid Tablets,strips,838.0,20,14,9,8
2026-08-31,PHC-005,Varanasi PHC-2,Varanasi,Uttar Pradesh,23.4528,86.4552,Iron Folic Acid Tablets,strips,832.8,20,12,9,8
2026-09-01,PHC-005,Varanasi PHC-2,Varanasi,Uttar Pradesh,23.4528,86.4552,Iron Folic Acid Tablets,strips,836.4,20,12,9,8
2026-09-02,PHC-005,Varanasi PHC-2,Varanasi,Uttar Pradesh,23.4528,86.4552,Iron Folic Acid Tablets,strips,834.1,20,7,9,7
2026-09-03,PHC-005,Varanasi PHC-2,Varanasi,Uttar Pradesh,23.4528,86.4552,Iron Folic Acid Tablets,strips,831.0,20,9,9,5
2026-09-04,PHC-005,Varanasi PHC-2,Varanasi,Uttar Pradesh,23.4528,86.4552,Iron Folic Acid Tablets,strips,834.5,20,14,9,8
2026-09-05,PHC-005,Varanasi PHC-2,Varanasi,Uttar Pradesh,23.4528,86.4552,Iron Folic Acid Tablets,strips,832.8,20,11,9,7
2026-09-06,PHC-005,Varanasi PHC-2,Varanasi,Uttar Pradesh,23.4528,86.4552,Iron Folic Acid Tablets,strips,835.7,20,10,9,8
2026-09-07,PHC-005,Varanasi PHC-2,Varanasi,Uttar Pradesh,23.4528,86.4552,Iron Folic Acid Tablets,strips,844.2,20,10,9,8
2026-09-08,PHC-005,Varanasi PHC-2,Varanasi,Uttar Pradesh,23.4528,86.4552,Iron Folic Acid Tablets,strips,845.9,20,12,9,7
2026-09-09,PHC-005,Varanasi PHC-2,Varanasi,Uttar Pradesh,23.4528,86.4552,Iron Folic Acid Tablets,strips,842.8,20,10,9,9
2026-09-10,PHC-005,Varanasi PHC-2,Varanasi,Uttar Pradesh,23.4528,86.4552,Iron Folic Acid Tablets,strips,836.9,20,10,9,8
2026-09-11,PHC-005,Varanasi PHC-2,Varanasi,Uttar Pradesh,23.4528,86.4552,Iron Folic Acid Tablets,strips,832.6,20,13,9,7
2026-09-12,PHC-005,Varanasi PHC-2,Varanasi,Uttar Pradesh,23.4528,86.4552,Iron Folic Acid Tablets,strips,829.4,20,11,9,8
2026-09-13,PHC-005,Varanasi PHC-2,Varanasi,Uttar Pradesh,23.4528,86.4552,Iron Folic Acid Tablets,strips,824.1,20,9,9,7
2026-09-14,PHC-005,Varanasi PHC-2,Varanasi,Uttar Pradesh,23.4528,86.4552,Iron Folic Acid Tablets,strips,811.2,20,12,9,5
2026-09-15,PHC-005,Varanasi PHC-2,Varanasi,Uttar Pradesh,23.4528,86.4552,Iron Folic Acid Tablets,strips,809.6,20,10,9,7
2026-09-16,PHC-005,Varanasi PHC-2,Varanasi,Uttar Pradesh,23.4528,86.4552,Iron Folic Acid Tablets,strips,808.0,20,7,9,8
2026-09-17,PHC-005,Varanasi PHC-2,Varanasi,Uttar Pradesh,23.4528,86.4552,Iron Folic Acid Tablets,strips,812.2,20,7,9,8
2026-09-18,PHC-005,Varanasi PHC-2,Varanasi,Uttar Pradesh,23.4528,86.4552,Iron Folic Acid Tablets,strips,803.3,20,12,9,7
2026-09-19,PHC-005,Varanasi PHC-2,Varanasi,Uttar Pradesh,23.4528,86.4552,Iron Folic Acid Tablets,strips,820.4,20,7,9,9
2026-09-20,PHC-005,Varanasi PHC-2,Varanasi,Uttar Pradesh,23.4528,86.4552,Iron Folic Acid Tablets,strips,823.9,20,14,9,6
2026-09-21,PHC-005,Varanasi PHC-2,Varanasi,Uttar Pradesh,23.4528,86.4552,Iron Folic Acid Tablets,strips,823.3,20,13,9,7
2026-09-22,PHC-005,Varanasi PHC-2,Varanasi,Uttar Pradesh,23.4528,86.4552,Iron Folic Acid Tablets,strips,823.9,20,11,9,8
2026-09-23,PHC-005,Varanasi PHC-2,Varanasi,Uttar Pradesh,23.4528,86.4552,Iron Folic Acid Tablets,strips,826.4,20,10,9,6
2026-09-24,PHC-005,Varanasi PHC-2,Varanasi,Uttar Pradesh,23.4528,86.4552,Iron Folic Acid Tablets,strips,824.0,20,14,9,8
2026-09-25,PHC-005,Varanasi PHC-2,Varanasi,Uttar Pradesh,23.4528,86.4552,Iron Folic Acid Tablets,strips,829.6,20,16,9,7
2026-09-26,PHC-005,Varanasi PHC-2,Varanasi,Uttar Pradesh,23.4528,86.4552,Iron Folic Acid Tablets,strips,841.0,20,11,9,7
2026-08-28,PHC-006,Varanasi PHC-3,Varanasi,Uttar Pradesh,13.4537,81.0917,Paracetamol,units,327.4,27,13,5,5
2026-08-29,PHC-006,Varanasi PHC-3,Varanasi,Uttar Pradesh,13.4537,81.0917,Paracetamol,units,319.9,27,18,5,5
2026-08-30,PHC-006,Varanasi PHC-3,Varanasi,Uttar Pradesh,13.4537,81.0917,Paracetamol,units,323.9,27,8,5,3
2026-08-31,PHC-006,Varanasi PHC-3,Varanasi,Uttar Pradesh,13.4537,81.0917,Paracetamol,units,318.3,27,16,5,1
2026-09-01,PHC-006,Varanasi PHC-3,Varanasi,Uttar Pradesh,13.4537,81.0917,Paracetamol,units,316.4,27,12,5,4
2026-09-02,PHC-006,Varanasi PHC-3,Varanasi,Uttar Pradesh,13.4537,81.0917,Paracetamol,units,320.5,27,19,5,5
2026-09-03,PHC-006,Varanasi PHC-3,Varanasi,Uttar Pradesh,13.4537,81.0917,Paracetamol,units,322.6,27,18,5,4
2026-09-04,PHC-006,Varanasi PHC-3,Varanasi,Uttar Pradesh,13.4537,81.0917,Paracetamol,units,320.2,27,12,5,4
2026-09-05,PHC-006,Varanasi PHC-3,Varanasi,Uttar Pradesh,13.4537,81.0917,Paracetamol,units,318.5,27,13,5,2
2026-09-06,PHC-006,Varanasi PHC-3,Varanasi,Uttar Pradesh,13.4537,81.0917,Paracetamol,units,319.0,27,12,5,5
2026-09-07,PHC-006,Varanasi PHC-3,Varanasi,Uttar Pradesh,13.4537,81.0917,Paracetamol,units,313.4,27,20,5,3
2026-09-08,PHC-006,Varanasi PHC-3,Varanasi,Uttar Pradesh,13.4537,81.0917,Paracetamol,units,313.7,27,20,5,4
2026-09-09,PHC-006,Varanasi PHC-3,Varanasi,Uttar Pradesh,13.4537,81.0917,Paracetamol,units,317.3,27,14,5,5
2026-09-10,PHC-006,Varanasi PHC-3,Varanasi,Uttar Pradesh,13.4537,81.0917,Paracetamol,units,301.9,27,17,5,5
2026-09-11,PHC-006,Varanasi PHC-3,Varanasi,Uttar Pradesh,13.4537,81.0917,Paracetamol,units,312.0,27,12,5,5
2026-09-12,PHC-006,Varanasi PHC-3,Varanasi,Uttar Pradesh,13.4537,81.0917,Paracetamol,units,313.2,27,11,5,3
2026-09-13,PHC-006,Varanasi PHC-3,Varanasi,Uttar Pradesh,13.4537,81.0917,Paracetamol,units,319.1,27,19,5,4
2026-09-14,PHC-006,Varanasi PHC-3,Varanasi,Uttar Pradesh,13.4537,81.0917,Paracetamol,units,317.6,27,13,5,5
2026-09-15,PHC-006,Varanasi PHC-3,Varanasi,Uttar Pradesh,13.4537,81.0917,Paracetamol,units,320.8,27,13,5,0
2026-09-16,PHC-006,Varanasi PHC-3,Varanasi,Uttar Pradesh,13.4537,81.0917,Paracetamol,units,329.6,27,14,5,3
2026-09-17,PHC-006,Varanasi PHC-3,Varanasi,Uttar Pradesh,13.4537,81.0917,Paracetamol,units,333.5,27,16,5,3
2026-09-18,PHC-006,Varanasi PHC-3,Varanasi,Uttar Pradesh,13.4537,81.0917,Paracetamol,units,335.1,27,22,5,4
2026-09-19,PHC-006,Varanasi PHC-3,Varanasi,Uttar Pradesh,13.4537,81.0917,Paracetamol,units,342.2,27,11,5,5
2026-09-20,PHC-006,Varanasi PHC-3,Varanasi,Uttar Pradesh,13.4537,81.0917,Paracetamol,units,340.9,27,6,5,1
2026-09-21,PHC-006,Varanasi PHC-3,Varanasi,Uttar Pradesh,13.4537,81.0917,Paracetamol,units,343.8,27,16,5,4
2026-09-22,PHC-006,Varanasi PHC-3,Varanasi,Uttar Pradesh,13.4537,81.0917,Paracetamol,units,335.2,27,16,5,4
2026-09-23,PHC-006,Varanasi PHC-3,Varanasi,Uttar Pradesh,13.4537,81.0917,Paracetamol,units,335.2,27,9,5,5
2026-09-24,PHC-006,Varanasi PHC-3,Varanasi,Uttar Pradesh,13.4537,81.0917,Paracetamol,units,347.5,27,16,5,5
2026-09-25,PHC-006,Varanasi PHC-3,Varanasi,Uttar Pradesh,13.4537,81.0917,Paracetamol,units,347.3,27,13,5,4
2026-09-26,PHC-006,Varanasi PHC-3,Varanasi,Uttar Pradesh,13.4537,81.0917,Paracetamol,units,343.6,27,15,5,3
2026-08-28,PHC-006,Varanasi PHC-3,Varanasi,Uttar Pradesh,13.4537,81.0917,ORS Sachets,packets,388.1,27,15,5,4
2026-08-29,PHC-006,Varanasi PHC-3,Varanasi,Uttar Pradesh,13.4537,81.0917,ORS Sachets,packets,379.4,27,14,5,4
2026-08-30,PHC-006,Varanasi PHC-3,Varanasi,Uttar Pradesh,13.4537,81.0917,ORS Sachets,packets,373.8,27,17,5,5
2026-08-31,PHC-006,Varanasi PHC-3,Varanasi,Uttar Pradesh,13.4537,81.0917,ORS Sachets,packets,366.5,27,22,5,4
2026-09-01,PHC-006,Varanasi PHC-3,Varanasi,Uttar Pradesh,13.4537,81.0917,ORS Sachets,packets,359.7,27,14,5,3
2026-09-02,PHC-006,Varanasi PHC-3,Varanasi,Uttar Pradesh,13.4537,81.0917,ORS Sachets,packets,354.4,27,25,5,5
2026-09-03,PHC-006,Varanasi PHC-3,Varanasi,Uttar Pradesh,13.4537,81.0917,ORS Sachets,packets,350.3,27,21,5,5
2026-09-04,PHC-006,Varanasi PHC-3,Varanasi,Uttar Pradesh,13.4537,81.0917,ORS Sachets,packets,340.8,27,9,5,3
2026-09-05,PHC-006,Varanasi PHC-3,Varanasi,Uttar Pradesh,13.4537,81.0917,ORS Sachets,packets,334.3,27,8,5,5
2026-09-06,PHC-006,Varanasi PHC-3,Varanasi,Uttar Pradesh,13.4537,81.0917,ORS Sachets,packets,328.3,27,19,5,5
2026-09-07,PHC-006,Varanasi PHC-3,Varanasi,Uttar Pradesh,13.4537,81.0917,ORS Sachets,packets,319.2,27,14,5,4
2026-09-08,PHC-006,Varanasi PHC-3,Varanasi,Uttar Pradesh,13.4537,81.0917,ORS Sachets,packets,312.9,27,13,5,3
2026-09-09,PHC-006,Varanasi PHC-3,Varanasi,Uttar Pradesh,13.4537,81.0917,ORS Sachets,packets,304.7,27,17,5,1
2026-09-10,PHC-006,Varanasi PHC-3,Varanasi,Uttar Pradesh,13.4537,81.0917,ORS Sachets,packets,293.3,27,22,5,4
2026-09-11,PHC-006,Varanasi PHC-3,Varanasi,Uttar Pradesh,13.4537,81.0917,ORS Sachets,packets,288.7,27,15,5,4
2026-09-12,PHC-006,Varanasi PHC-3,Varanasi,Uttar Pradesh,13.4537,81.0917,ORS Sachets,packets,277.4,27,10,5,3
2026-09-13,PHC-006,Varanasi PHC-3,Varanasi,Uttar Pradesh,13.4537,81.0917,ORS Sachets,packets,267.5,27,15,5,4
2026-09-14,PHC-006,Varanasi PHC-3,Varanasi,Uttar Pradesh,13.4537,81.0917,ORS Sachets,packets,261.1,27,17,5,5
2026-09-15,PHC-006,Varanasi PHC-3,Varanasi,Uttar Pradesh,13.4537,81.0917,ORS Sachets,packets,249.8,27,16,5,4
2026-09-16,PHC-006,Varanasi PHC-3,Varanasi,Uttar Pradesh,13.4537,81.0917,ORS Sachets,packets,240.4,27,15,5,5
2026-09-17,PHC-006,Varanasi PHC-3,Varanasi,Uttar Pradesh,13.4537,81.0917,ORS Sachets,packets,231.6,27,12,5,3
2026-09-18,PHC-006,Varanasi PHC-3,Varanasi,Uttar Pradesh,13.4537,81.0917,ORS Sachets,packets,225.6,27,14,5,4
2026-09-19,PHC-006,Varanasi PHC-3,Varanasi,Uttar Pradesh,13.4537,81.0917,ORS Sachets,packets,219.1,27,19,5,5
2026-09-20,PHC-006,Varanasi PHC-3,Varanasi,Uttar Pradesh,13.4537,81.0917,ORS Sachets,packets,213.7,27,12,5,3
2026-09-21,PHC-006,Varanasi PHC-3,Varanasi,Uttar Pradesh,13.4537,81.0917,ORS Sachets,packets,208.8,27,14,5,2
2026-09-22,PHC-006,Varanasi PHC-3,Varanasi,Uttar Pradesh,13.4537,81.0917,ORS Sachets,packets,201.5,27,14,5,3
2026-09-23,PHC-006,Varanasi PHC-3,Varanasi,Uttar Pradesh,13.4537,81.0917,ORS Sachets,packets,197.3,27,20,5,4
2026-09-24,PHC-006,Varanasi PHC-3,Varanasi,Uttar Pradesh,13.4537,81.0917,ORS Sachets,packets,186.8,27,16,5,3
2026-09-25,PHC-006,Varanasi PHC-3,Varanasi,Uttar Pradesh,13.4537,81.0917,ORS Sachets,packets,180.0,27,17,5,4
2026-09-26,PHC-006,Varanasi PHC-3,Varanasi,Uttar Pradesh,13.4537,81.0917,ORS Sachets,packets,168.3,27,12,5,5
2026-08-28,PHC-006,Varanasi PHC-3,Varanasi,Uttar Pradesh,13.4537,81.0917,Insulin,vials,120.3,27,12,5,4
2026-08-29,PHC-006,Varanasi PHC-3,Varanasi,Uttar Pradesh,13.4537,81.0917,Insulin,vials,119.0,27,20,5,3
2026-08-30,PHC-006,Varanasi PHC-3,Varanasi,Uttar Pradesh,13.4537,81.0917,Insulin,vials,119.2,27,14,5,3
2026-08-31,PHC-006,Varanasi PHC-3,Varanasi,Uttar Pradesh,13.4537,81.0917,Insulin,vials,118.2,27,12,5,4
2026-09-01,PHC-006,Varanasi PHC-3,Varanasi,Uttar Pradesh,13.4537,81.0917,Insulin,vials,119.7,27,13,5,5
2026-09-02,PHC-006,Varanasi PHC-3,Varanasi,Uttar Pradesh,13.4537,81.0917,Insulin,vials,121.0,27,11,5,5
2026-09-03,PHC-006,Varanasi PHC-3,Varanasi,Uttar Pradesh,13.4537,81.0917,Insulin,vials,123.3,27,18,5,3
2026-09-04,PHC-006,Varanasi PHC-3,Varanasi,Uttar Pradesh,13.4537,81.0917,Insulin,vials,123.8,27,20,5,4
2026-09-05,PHC-006,Varanasi PHC-3,Varanasi,Uttar Pradesh,13.4537,81.0917,Insulin,vials,124.5,27,16,5,2
2026-09-06,PHC-006,Varanasi PHC-3,Varanasi,Uttar Pradesh,13.4537,81.0917,Insulin,vials,124.7,27,21,5,5
2026-09-07,PHC-006,Varanasi PHC-3,Varanasi,Uttar Pradesh,13.4537,81.0917,Insulin,vials,125.1,27,19,5,3
2026-09-08,PHC-006,Varanasi PHC-3,Varanasi,Uttar Pradesh,13.4537,81.0917,Insulin,vials,124.6,27,11,5,4
2026-09-09,PHC-006,Varanasi PHC-3,Varanasi,Uttar Pradesh,13.4537,81.0917,Insulin,vials,125.2,27,18,5,4
2026-09-10,PHC-006,Varanasi PHC-3,Varanasi,Uttar Pradesh,13.4537,81.0917,Insulin,vials,125.2,27,17,5,3
2026-09-11,PHC-006,Varanasi PHC-3,Varanasi,Uttar Pradesh,13.4537,81.0917,Insulin,vials,125.9,27,13,5,4
2026-09-12,PHC-006,Varanasi PHC-3,Varanasi,Uttar Pradesh,13.4537,81.0917,Insulin,vials,125.7,27,11,5,5
2026-09-13,PHC-006,Varanasi PHC-3,Varanasi,Uttar Pradesh,13.4537,81.0917,Insulin,vials,126.3,27,24,5,4
2026-09-14,PHC-006,Varanasi PHC-3,Varanasi,Uttar Pradesh,13.4537,81.0917,Insulin,vials,125.3,27,15,5,4
2026-09-15,PHC-006,Varanasi PHC-3,Varanasi,Uttar Pradesh,13.4537,81.0917,Insulin,vials,125.6,27,19,5,4
2026-09-16,PHC-006,Varanasi PHC-3,Varanasi,Uttar Pradesh,13.4537,81.0917,Insulin,vials,125.9,27,17,5,3
2026-09-17,PHC-006,Varanasi PHC-3,Varanasi,Uttar Pradesh,13.4537,81.0917,Insulin,vials,125.8,27,13,5,3
2026-09-18,PHC-006,Varanasi PHC-3,Varanasi,Uttar Pradesh,13.4537,81.0917,Insulin,vials,125.6,27,10,5,3
2026-09-19,PHC-006,Varanasi PHC-3,Varanasi,Uttar Pradesh,13.4537,81.0917,Insulin,vials,126.0,27,18,5,5
2026-09-20,PHC-006,Varanasi PHC-3,Varanasi,Uttar Pradesh,13.4537,81.0917,Insulin,vials,126.3,27,12,5,3
2026-09-21,PHC-006,Varanasi PHC-3,Varanasi,Uttar Pradesh,13.4537,81.0917,Insulin,vials,125.3,27,20,5,5
2026-09-22,PHC-006,Varanasi PHC-3,Varanasi,Uttar Pradesh,13.4537,81.0917,Insulin,vials,125.4,27,19,5,2
2026-09-23,PHC-006,Varanasi PHC-3,Varanasi,Uttar Pradesh,13.4537,81.0917,Insulin,vials,125.6,27,18,5,4
2026-09-24,PHC-006,Varanasi PHC-3,Varanasi,Uttar Pradesh,13.4537,81.0917,Insulin,vials,123.6,27,13,5,4
2026-09-25,PHC-006,Varanasi PHC-3,Varanasi,Uttar Pradesh,13.4537,81.0917,Insulin,vials,122.9,27,12,5,3
2026-09-26,PHC-006,Varanasi PHC-3,Varanasi,Uttar Pradesh,13.4537,81.0917,Insulin,vials,121.5,27,10,5,3
2026-08-28,PHC-006,Varanasi PHC-3,Varanasi,Uttar Pradesh,13.4537,81.0917,Amoxicillin,strips,547.2,27,10,5,4
2026-08-29,PHC-006,Varanasi PHC-3,Varanasi,Uttar Pradesh,13.4537,81.0917,Amoxicillin,strips,545.2,27,13,5,5
2026-08-30,PHC-006,Varanasi PHC-3,Varanasi,Uttar Pradesh,13.4537,81.0917,Amoxicillin,strips,549.7,27,17,5,3
2026-08-31,PHC-006,Varanasi PHC-3,Varanasi,Uttar Pradesh,13.4537,81.0917,Amoxicillin,strips,550.4,27,20,5,3
2026-09-01,PHC-006,Varanasi PHC-3,Varanasi,Uttar Pradesh,13.4537,81.0917,Amoxicillin,strips,550.1,27,19,5,3
2026-09-02,PHC-006,Varanasi PHC-3,Varanasi,Uttar Pradesh,13.4537,81.0917,Amoxicillin,strips,551.9,27,10,5,5
2026-09-03,PHC-006,Varanasi PHC-3,Varanasi,Uttar Pradesh,13.4537,81.0917,Amoxicillin,strips,555.9,27,21,5,4
2026-09-04,PHC-006,Varanasi PHC-3,Varanasi,Uttar Pradesh,13.4537,81.0917,Amoxicillin,strips,548.5,27,17,5,3
2026-09-05,PHC-006,Varanasi PHC-3,Varanasi,Uttar Pradesh,13.4537,81.0917,Amoxicillin,strips,548.3,27,18,5,2
2026-09-06,PHC-006,Varanasi PHC-3,Varanasi,Uttar Pradesh,13.4537,81.0917,Amoxicillin,strips,551.5,27,11,5,5
2026-09-07,PHC-006,Varanasi PHC-3,Varanasi,Uttar Pradesh,13.4537,81.0917,Amoxicillin,strips,554.6,27,20,5,5
2026-09-08,PHC-006,Varanasi PHC-3,Varanasi,Uttar Pradesh,13.4537,81.0917,Amoxicillin,strips,552.0,27,20,5,3
2026-09-09,PHC-006,Varanasi PHC-3,Varanasi,Uttar Pradesh,13.4537,81.0917,Amoxicillin,strips,552.9,27,18,5,4
2026-09-10,PHC-006,Varanasi PHC-3,Varanasi,Uttar Pradesh,13.4537,81.0917,Amoxicillin,strips,545.8,27,19,5,4
2026-09-11,PHC-006,Varanasi PHC-3,Varanasi,Uttar Pradesh,13.4537,81.0917,Amoxicillin,strips,545.6,27,10,5,5
2026-09-12,PHC-006,Varanasi PHC-3,Varanasi,Uttar Pradesh,13.4537,81.0917,Amoxicillin,strips,546.6,27,13,5,5
2026-09-13,PHC-006,Varanasi PHC-3,Varanasi,Uttar Pradesh,13.4537,81.0917,Amoxicillin,strips,545.5,27,16,5,2
2026-09-14,PHC-006,Varanasi PHC-3,Varanasi,Uttar Pradesh,13.4537,81.0917,Amoxicillin,strips,552.1,27,14,5,4
2026-09-15,PHC-006,Varanasi PHC-3,Varanasi,Uttar Pradesh,13.4537,81.0917,Amoxicillin,strips,552.0,27,14,5,3
2026-09-16,PHC-006,Varanasi PHC-3,Varanasi,Uttar Pradesh,13.4537,81.0917,Amoxicillin,strips,550.6,27,15,5,3
2026-09-17,PHC-006,Varanasi PHC-3,Varanasi,Uttar Pradesh,13.4537,81.0917,Amoxicillin,strips,547.8,27,20,5,1
2026-09-18,PHC-006,Varanasi PHC-3,Varanasi,Uttar Pradesh,13.4537,81.0917,Amoxicillin,strips,546.4,27,23,5,5
2026-09-19,PHC-006,Varanasi PHC-3,Varanasi,Uttar Pradesh,13.4537,81.0917,Amoxicillin,strips,552.5,27,13,5,5
2026-09-20,PHC-006,Varanasi PHC-3,Varanasi,Uttar Pradesh,13.4537,81.0917,Amoxicillin,strips,557.2,27,14,5,3
2026-09-21,PHC-006,Varanasi PHC-3,Varanasi,Uttar Pradesh,13.4537,81.0917,Amoxicillin,strips,558.5,27,14,5,4
2026-09-22,PHC-006,Varanasi PHC-3,Varanasi,Uttar Pradesh,13.4537,81.0917,Amoxicillin,strips,559.8,27,17,5,4
2026-09-23,PHC-006,Varanasi PHC-3,Varanasi,Uttar Pradesh,13.4537,81.0917,Amoxicillin,strips,560.4,27,18,5,5
2026-09-24,PHC-006,Varanasi PHC-3,Varanasi,Uttar Pradesh,13.4537,81.0917,Amoxicillin,strips,566.0,27,27,5,4
2026-09-25,PHC-006,Varanasi PHC-3,Varanasi,Uttar Pradesh,13.4537,81.0917,Amoxicillin,strips,569.0,27,12,5,3
2026-09-26,PHC-006,Varanasi PHC-3,Varanasi,Uttar Pradesh,13.4537,81.0917,Amoxicillin,strips,572.8,27,15,5,4
2026-08-28,PHC-006,Varanasi PHC-3,Varanasi,Uttar Pradesh,13.4537,81.0917,Iron Folic Acid Tablets,strips,825.4,27,20,5,5
2026-08-29,PHC-006,Varanasi PHC-3,Varanasi,Uttar Pradesh,13.4537,81.0917,Iron Folic Acid Tablets,strips,824.3,27,16,5,5
2026-08-30,PHC-006,Varanasi PHC-3,Varanasi,Uttar Pradesh,13.4537,81.0917,Iron Folic Acid Tablets,strips,826.6,27,18,5,4
2026-08-31,PHC-006,Varanasi PHC-3,Varanasi,Uttar Pradesh,13.4537,81.0917,Iron Folic Acid Tablets,strips,824.5,27,16,5,4
2026-09-01,PHC-006,Varanasi PHC-3,Varanasi,Uttar Pradesh,13.4537,81.0917,Iron Folic Acid Tablets,strips,823.1,27,16,5,3
2026-09-02,PHC-006,Varanasi PHC-3,Varanasi,Uttar Pradesh,13.4537,81.0917,Iron Folic Acid Tablets,strips,824.7,27,11,5,2
2026-09-03,PHC-006,Varanasi PHC-3,Varanasi,Uttar Pradesh,13.4537,81.0917,Iron Folic Acid Tablets,strips,830.6,27,23,5,5
2026-09-04,PHC-006,Varanasi PHC-3,Varanasi,Uttar Pradesh,13.4537,81.0917,Iron Folic Acid Tablets,strips,829.4,27,17,5,4
2026-09-05,PHC-006,Varanasi PHC-3,Varanasi,Uttar Pradesh,13.4537,81.0917,Iron Folic Acid Tablets,strips,823.8,27,16,5,4
2026-09-06,PHC-006,Varanasi PHC-3,Varanasi,Uttar Pradesh,13.4537,81.0917,Iron Folic Acid Tablets,strips,817.4,27,14,5,1
2026-09-07,PHC-006,Varanasi PHC-3,Varanasi,Uttar Pradesh,13.4537,81.0917,Iron Folic Acid Tablets,strips,823.0,27,14,5,3
2026-09-08,PHC-006,Varanasi PHC-3,Varanasi,Uttar Pradesh,13.4537,81.0917,Iron Folic Acid Tablets,strips,822.8,27,7,5,4
2026-09-09,PHC-006,Varanasi PHC-3,Varanasi,Uttar Pradesh,13.4537,81.0917,Iron Folic Acid Tablets,strips,824.8,27,11,5,4
2026-09-10,PHC-006,Varanasi PHC-3,Varanasi,Uttar Pradesh,13.4537,81.0917,Iron Folic Acid Tablets,strips,826.3,27,16,5,3
2026-09-11,PHC-006,Varanasi PHC-3,Varanasi,Uttar Pradesh,13.4537,81.0917,Iron Folic Acid Tablets,strips,814.6,27,13,5,4
2026-09-12,PHC-006,Varanasi PHC-3,Varanasi,Uttar Pradesh,13.4537,81.0917,Iron Folic Acid Tablets,strips,816.6,27,15,5,3
2026-09-13,PHC-006,Varanasi PHC-3,Varanasi,Uttar Pradesh,13.4537,81.0917,Iron Folic Acid Tablets,strips,818.5,27,17,5,5
2026-09-14,PHC-006,Varanasi PHC-3,Varanasi,Uttar Pradesh,13.4537,81.0917,Iron Folic Acid Tablets,strips,817.9,27,17,5,4
2026-09-15,PHC-006,Varanasi PHC-3,Varanasi,Uttar Pradesh,13.4537,81.0917,Iron Folic Acid Tablets,strips,805.9,27,14,5,2
2026-09-16,PHC-006,Varanasi PHC-3,Varanasi,Uttar Pradesh,13.4537,81.0917,Iron Folic Acid Tablets,strips,798.9,27,11,5,4
2026-09-17,PHC-006,Varanasi PHC-3,Varanasi,Uttar Pradesh,13.4537,81.0917,Iron Folic Acid Tablets,strips,794.0,27,15,5,2
2026-09-18,PHC-006,Varanasi PHC-3,Varanasi,Uttar Pradesh,13.4537,81.0917,Iron Folic Acid Tablets,strips,797.3,27,19,5,3
2026-09-19,PHC-006,Varanasi PHC-3,Varanasi,Uttar Pradesh,13.4537,81.0917,Iron Folic Acid Tablets,strips,786.4,27,11,5,5
2026-09-20,PHC-006,Varanasi PHC-3,Varanasi,Uttar Pradesh,13.4537,81.0917,Iron Folic Acid Tablets,strips,783.6,27,22,5,4
2026-09-21,PHC-006,Varanasi PHC-3,Varanasi,Uttar Pradesh,13.4537,81.0917,Iron Folic Acid Tablets,strips,774.4,27,16,5,1
2026-09-22,PHC-006,Varanasi PHC-3,Varanasi,Uttar Pradesh,13.4537,81.0917,Iron Folic Acid Tablets,strips,775.2,27,14,5,2
2026-09-23,PHC-006,Varanasi PHC-3,Varanasi,Uttar Pradesh,13.4537,81.0917,Iron Folic Acid Tablets,strips,776.1,27,20,5,4
2026-09-24,PHC-006,Varanasi PHC-3,Varanasi,Uttar Pradesh,13.4537,81.0917,Iron Folic Acid Tablets,strips,776.1,27,15,5,5
2026-09-25,PHC-006,Varanasi PHC-3,Varanasi,Uttar Pradesh,13.4537,81.0917,Iron Folic Acid Tablets,strips,794.2,27,17,5,4
2026-09-26,PHC-006,Varanasi PHC-3,Varanasi,Uttar Pradesh,13.4537,81.0917,Iron Folic Acid Tablets,strips,802.9,27,19,5,2
2026-08-28,PHC-007,Kanpur PHC-1,Kanpur,Uttar Pradesh,27.8631,82.6333,Paracetamol,units,673.8,13,5,12,10
2026-08-29,PHC-007,Kanpur PHC-1,Kanpur,Uttar Pradesh,27.8631,82.6333,Paracetamol,units,679.1,13,7,12,9
2026-08-30,PHC-007,Kanpur PHC-1,Kanpur,Uttar Pradesh,27.8631,82.6333,Paracetamol,units,685.9,13,11,12,10
2026-08-31,PHC-007,Kanpur PHC-1,Kanpur,Uttar Pradesh,27.8631,82.6333,Paracetamol,units,690.9,13,7,12,11
2026-09-01,PHC-007,Kanpur PHC-1,Kanpur,Uttar Pradesh,27.8631,82.6333,Paracetamol,units,694.2,13,6,12,11
2026-09-02,PHC-007,Kanpur PHC-1,Kanpur,Uttar Pradesh,27.8631,82.6333,Paracetamol,units,696.9,13,7,12,8
2026-09-03,PHC-007,Kanpur PHC-1,Kanpur,Uttar Pradesh,27.8631,82.6333,Paracetamol,units,700.3,13,11,12,11
2026-09-04,PHC-007,Kanpur PHC-1,Kanpur,Uttar Pradesh,27.8631,82.6333,Paracetamol,units,703.9,13,6,12,10
2026-09-05,PHC-007,Kanpur PHC-1,Kanpur,Uttar Pradesh,27.8631,82.6333,Paracetamol,units,707.9,13,7,12,11
2026-09-06,PHC-007,Kanpur PHC-1,Kanpur,Uttar Pradesh,27.8631,82.6333,Paracetamol,units,714.9,13,5,12,8
2026-09-07,PHC-007,Kanpur PHC-1,Kanpur,Uttar Pradesh,27.8631,82.6333,Paracetamol,units,719.7,13,8,12,12
2026-09-08,PHC-007,Kanpur PHC-1,Kanpur,Uttar Pradesh,27.8631,82.6333,Paracetamol,units,722.8,13,4,12,11
2026-09-09,PHC-007,Kanpur PHC-1,Kanpur,Uttar Pradesh,27.8631,82.6333,Paracetamol,units,728.0,13,4,12,9
2026-09-10,PHC-007,Kanpur PHC-1,Kanpur,Uttar Pradesh,27.8631,82.6333,Paracetamol,units,732.0,13,8,12,8
2026-09-11,PHC-007,Kanpur PHC-1,Kanpur,Uttar Pradesh,27.8631,82.6333,Paracetamol,units,739.1,13,3,12,9
2026-09-12,PHC-007,Kanpur PHC-1,Kanpur,Uttar Pradesh,27.8631,82.6333,Paracetamol,units,745.2,13,7,12,9
2026-09-13,PHC-007,Kanpur PHC-1,Kanpur,Uttar Pradesh,27.8631,82.6333,Paracetamol,units,748.6,13,9,12,11
2026-09-14,PHC-007,Kanpur PHC-1,Kanpur,Uttar Pradesh,27.8631,82.6333,Paracetamol,units,755.4,13,9,12,11
2026-09-15,PHC-007,Kanpur PHC-1,Kanpur,Uttar Pradesh,27.8631,82.6333,Paracetamol,units,759.5,13,7,12,9
2026-09-16,PHC-007,Kanpur PHC-1,Kanpur,Uttar Pradesh,27.8631,82.6333,Paracetamol,units,763.5,13,5,12,9
2026-09-17,PHC-007,Kanpur PHC-1,Kanpur,Uttar Pradesh,27.8631,82.6333,Paracetamol,units,767.9,13,10,12,10
2026-09-18,PHC-007,Kanpur PHC-1,Kanpur,Uttar Pradesh,27.8631,82.6333,Paracetamol,units,774.1,13,9,12,9
2026-09-19,PHC-007,Kanpur PHC-1,Kanpur,Uttar Pradesh,27.8631,82.6333,Paracetamol,units,780.6,13,7,12,11
2026-09-20,PHC-007,Kanpur PHC-1,Kanpur,Uttar Pradesh,27.8631,82.6333,Paracetamol,units,787.7,13,5,12,10
2026-09-21,PHC-007,Kanpur PHC-1,Kanpur,Uttar Pradesh,27.8631,82.6333,Paracetamol,units,792.6,13,7,12,10
2026-09-22,PHC-007,Kanpur PHC-1,Kanpur,Uttar Pradesh,27.8631,82.6333,Paracetamol,units,799.1,13,5,12,10
2026-09-23,PHC-007,Kanpur PHC-1,Kanpur,Uttar Pradesh,27.8631,82.6333,Paracetamol,units,802.1,13,6,12,11
2026-09-24,PHC-007,Kanpur PHC-1,Kanpur,Uttar Pradesh,27.8631,82.6333,Paracetamol,units,808.9,13,7,12,10
2026-09-25,PHC-007,Kanpur PHC-1,Kanpur,Uttar Pradesh,27.8631,82.6333,Paracetamol,units,813.6,13,8,12,10
2026-09-26,PHC-007,Kanpur PHC-1,Kanpur,Uttar Pradesh,27.8631,82.6333,Paracetamol,units,818.6,13,9,12,9
2026-08-28,PHC-007,Kanpur PHC-1,Kanpur,Uttar Pradesh,27.8631,82.6333,ORS Sachets,packets,200.9,13,6,12,12
2026-08-29,PHC-007,Kanpur PHC-1,Kanpur,Uttar Pradesh,27.8631,82.6333,ORS Sachets,packets,180.1,13,5,12,8
2026-08-30,PHC-007,Kanpur PHC-1,Kanpur,Uttar Pradesh,27.8631,82.6333,ORS Sachets,packets,155.1,13,10,12,9
2026-08-31,PHC-007,Kanpur PHC-1,Kanpur,Uttar Pradesh,27.8631,82.6333,ORS Sachets,packets,139.5,13,8,12,10
2026-09-01,PHC-007,Kanpur PHC-1,Kanpur,Uttar Pradesh,27.8631,82.6333,ORS Sachets,packets,113.2,13,9,12,9
2026-09-02,PHC-007,Kanpur PHC-1,Kanpur,Uttar Pradesh,27.8631,82.6333,ORS Sachets,packets,96.0,13,6,12,10
2026-09-03,PHC-007,Kanpur PHC-1,Kanpur,Uttar Pradesh,27.8631,82.6333,ORS Sachets,packets,77.0,13,7,12,10
2026-09-04,PHC-007,Kanpur PHC-1,Kanpur,Uttar Pradesh,27.8631,82.6333,ORS Sachets,packets,56.4,13,6,12,12
2026-09-05,PHC-007,Kanpur PHC-1,Kanpur,Uttar Pradesh,27.8631,82.6333,ORS Sachets,packets,30.0,13,6,12,10
2026-09-06,PHC-007,Kanpur PHC-1,Kanpur,Uttar Pradesh,27.8631,82.6333,ORS Sachets,packets,10.4,13,5,12,11
2026-09-07,PHC-007,Kanpur PHC-1,Kanpur,Uttar Pradesh,27.8631,82.6333,ORS Sachets,packets,0.0,13,9,12,9
2026-09-08,PHC-007,Kanpur PHC-1,Kanpur,Uttar Pradesh,27.8631,82.6333,ORS Sachets,packets,0.0,13,8,12,10
2026-09-09,PHC-007,Kanpur PHC-1,Kanpur,Uttar Pradesh,27.8631,82.6333,ORS Sachets,packets,0.0,13,9,12,10
2026-09-10,PHC-007,Kanpur PHC-1,Kanpur,Uttar Pradesh,27.8631,82.6333,ORS Sachets,packets,0.0,13,7,12,11
2026-09-11,PHC-007,Kanpur PHC-1,Kanpur,Uttar Pradesh,27.8631,82.6333,ORS Sachets,packets,0.0,13,9,12,8
2026-09-12,PHC-007,Kanpur PHC-1,Kanpur,Uttar Pradesh,27.8631,82.6333,ORS Sachets,packets,0.0,13,9,12,11
2026-09-13,PHC-007,Kanpur PHC-1,Kanpur,Uttar Pradesh,27.8631,82.6333,ORS Sachets,packets,0.0,13,8,12,10
2026-09-14,PHC-007,Kanpur PHC-1,Kanpur,Uttar Pradesh,27.8631,82.6333,ORS Sachets,packets,0.0,13,4,12,10
2026-09-15,PHC-007,Kanpur PHC-1,Kanpur,Uttar Pradesh,27.8631,82.6333,ORS Sachets,packets,0.0,13,8,12,8
2026-09-16,PHC-007,Kanpur PHC-1,Kanpur,Uttar Pradesh,27.8631,82.6333,ORS Sachets,packets,0.0,13,11,12,10
2026-09-17,PHC-007,Kanpur PHC-1,Kanpur,Uttar Pradesh,27.8631,82.6333,ORS Sachets,packets,0.0,13,8,12,12
2026-09-18,PHC-007,Kanpur PHC-1,Kanpur,Uttar Pradesh,27.8631,82.6333,ORS Sachets,packets,0.0,13,8,12,9
2026-09-19,PHC-007,Kanpur PHC-1,Kanpur,Uttar Pradesh,27.8631,82.6333,ORS Sachets,packets,0.0,13,7,12,11
2026-09-20,PHC-007,Kanpur PHC-1,Kanpur,Uttar Pradesh,27.8631,82.6333,ORS Sachets,packets,0.0,13,8,12,9
2026-09-21,PHC-007,Kanpur PHC-1,Kanpur,Uttar Pradesh,27.8631,82.6333,ORS Sachets,packets,0.0,13,6,12,9
2026-09-22,PHC-007,Kanpur PHC-1,Kanpur,Uttar Pradesh,27.8631,82.6333,ORS Sachets,packets,0.0,13,10,12,11
2026-09-23,PHC-007,Kanpur PHC-1,Kanpur,Uttar Pradesh,27.8631,82.6333,ORS Sachets,packets,0.0,13,5,12,11
2026-09-24,PHC-007,Kanpur PHC-1,Kanpur,Uttar Pradesh,27.8631,82.6333,ORS Sachets,packets,0.0,13,9,12,8
2026-09-25,PHC-007,Kanpur PHC-1,Kanpur,Uttar Pradesh,27.8631,82.6333,ORS Sachets,packets,0.0,13,9,12,10
2026-09-26,PHC-007,Kanpur PHC-1,Kanpur,Uttar Pradesh,27.8631,82.6333,ORS Sachets,packets,0.0,13,6,12,9
2026-08-28,PHC-007,Kanpur PHC-1,Kanpur,Uttar Pradesh,27.8631,82.6333,Insulin,vials,86.1,13,4,12,11
2026-08-29,PHC-007,Kanpur PHC-1,Kanpur,Uttar Pradesh,27.8631,82.6333,Insulin,vials,79.0,13,6,12,10
2026-08-30,PHC-007,Kanpur PHC-1,Kanpur,Uttar Pradesh,27.8631,82.6333,Insulin,vials,74.0,13,8,12,9
2026-08-31,PHC-007,Kanpur PHC-1,Kanpur,Uttar Pradesh,27.8631,82.6333,Insulin,vials,66.6,13,9,12,10
2026-09-01,PHC-007,Kanpur PHC-1,Kanpur,Uttar Pradesh,27.8631,82.6333,Insulin,vials,57.6,13,7,12,9
2026-09-02,PHC-007,Kanpur PHC-1,Kanpur,Uttar Pradesh,27.8631,82.6333,Insulin,vials,49.7,13,9,12,11
2026-09-03,PHC-007,Kanpur PHC-1,Kanpur,Uttar Pradesh,27.8631,82.6333,Insulin,vials,41.0,13,6,12,10
2026-09-04,PHC-007,Kanpur PHC-1,Kanpur,Uttar Pradesh,27.8631,82.6333,Insulin,vials,35.0,13,5,12,9
2026-09-05,PHC-007,Kanpur PHC-1,Kanpur,Uttar Pradesh,27.8631,82.6333,Insulin,vials,27.0,13,8,12,8
2026-09-06,PHC-007,Kanpur PHC-1,Kanpur,Uttar Pradesh,27.8631,82.6333,Insulin,vials,22.5,13,11,12,10
2026-09-07,PHC-007,Kanpur PHC-1,Kanpur,Uttar Pradesh,27.8631,82.6333,Insulin,vials,13.9,13,7,12,8
2026-09-08,PHC-007,Kanpur PHC-1,Kanpur,Uttar Pradesh,27.8631,82.6333,Insulin,vials,7.5,13,7,12,11
2026-09-09,PHC-007,Kanpur PHC-1,Kanpur,Uttar Pradesh,27.8631,82.6333,Insulin,vials,2.9,13,10,12,10
2026-09-10,PHC-007,Kanpur PHC-1,Kanpur,Uttar Pradesh,27.8631,82.6333,Insulin,vials,0.0,13,9,12,10
2026-09-11,PHC-007,Kanpur PHC-1,Kanpur,Uttar Pradesh,27.8631,82.6333,Insulin,vials,0.0,13,7,12,12
2026-09-12,PHC-007,Kanpur PHC-1,Kanpur,Uttar Pradesh,27.8631,82.6333,Insulin,vials,0.0,13,7,12,10
2026-09-13,PHC-007,Kanpur PHC-1,Kanpur,Uttar Pradesh,27.8631,82.6333,Insulin,vials,0.0,13,6,12,10
2026-09-14,PHC-007,Kanpur PHC-1,Kanpur,Uttar Pradesh,27.8631,82.6333,Insulin,vials,0.0,13,4,12,10
2026-09-15,PHC-007,Kanpur PHC-1,Kanpur,Uttar Pradesh,27.8631,82.6333,Insulin,vials,0.0,13,4,12,10
2026-09-16,PHC-007,Kanpur PHC-1,Kanpur,Uttar Pradesh,27.8631,82.6333,Insulin,vials,0.0,13,8,12,10
2026-09-17,PHC-007,Kanpur PHC-1,Kanpur,Uttar Pradesh,27.8631,82.6333,Insulin,vials,0.0,13,5,12,12
2026-09-18,PHC-007,Kanpur PHC-1,Kanpur,Uttar Pradesh,27.8631,82.6333,Insulin,vials,0.0,13,8,12,9
2026-09-19,PHC-007,Kanpur PHC-1,Kanpur,Uttar Pradesh,27.8631,82.6333,Insulin,vials,0.0,13,6,12,10
2026-09-20,PHC-007,Kanpur PHC-1,Kanpur,Uttar Pradesh,27.8631,82.6333,Insulin,vials,0.0,13,6,12,8
2026-09-21,PHC-007,Kanpur PHC-1,Kanpur,Uttar Pradesh,27.8631,82.6333,Insulin,vials,0.0,13,5,12,10
2026-09-22,PHC-007,Kanpur PHC-1,Kanpur,Uttar Pradesh,27.8631,82.6333,Insulin,vials,0.0,13,10,12,11
2026-09-23,PHC-007,Kanpur PHC-1,Kanpur,Uttar Pradesh,27.8631,82.6333,Insulin,vials,0.0,13,4,12,8
2026-09-24,PHC-007,Kanpur PHC-1,Kanpur,Uttar Pradesh,27.8631,82.6333,Insulin,vials,0.0,13,6,12,9
2026-09-25,PHC-007,Kanpur PHC-1,Kanpur,Uttar Pradesh,27.8631,82.6333,Insulin,vials,0.0,13,5,12,8
2026-09-26,PHC-007,Kanpur PHC-1,Kanpur,Uttar Pradesh,27.8631,82.6333,Insulin,vials,0.0,13,6,12,9
2026-08-28,PHC-007,Kanpur PHC-1,Kanpur,Uttar Pradesh,27.8631,82.6333,Amoxicillin,strips,338.5,13,7,12,10
2026-08-29,PHC-007,Kanpur PHC-1,Kanpur,Uttar Pradesh,27.8631,82.6333,Amoxicillin,strips,326.5,13,7,12,10
2026-08-30,PHC-007,Kanpur PHC-1,Kanpur,Uttar Pradesh,27.8631,82.6333,Amoxicillin,strips,317.0,13,7,12,10
2026-08-31,PHC-007,Kanpur PHC-1,Kanpur,Uttar Pradesh,27.8631,82.6333,Amoxicillin,strips,309.6,13,6,12,11
2026-09-01,PHC-007,Kanpur PHC-1,Kanpur,Uttar Pradesh,27.8631,82.6333,Amoxicillin,strips,304.2,13,8,12,10
2026-09-02,PHC-007,Kanpur PHC-1,Kanpur,Uttar Pradesh,27.8631,82.6333,Amoxicillin,strips,292.5,13,9,12,11
2026-09-03,PHC-007,Kanpur PHC-1,Kanpur,Uttar Pradesh,27.8631,82.6333,Amoxicillin,strips,281.4,13,7,12,11
2026-09-04,PHC-007,Kanpur PHC-1,Kanpur,Uttar Pradesh,27.8631,82.6333,Amoxicillin,strips,275.5,13,9,12,10
2026-09-05,PHC-007,Kanpur PHC-1,Kanpur,Uttar Pradesh,27.8631,82.6333,Amoxicillin,strips,265.9,13,6,12,11
2026-09-06,PHC-007,Kanpur PHC-1,Kanpur,Uttar Pradesh,27.8631,82.6333,Amoxicillin,strips,251.9,13,7,12,10
2026-09-07,PHC-007,Kanpur PHC-1,Kanpur,Uttar Pradesh,27.8631,82.6333,Amoxicillin,strips,241.1,13,6,12,12
2026-09-08,PHC-007,Kanpur PHC-1,Kanpur,Uttar Pradesh,27.8631,82.6333,Amoxicillin,strips,230.3,13,6,12,8
2026-09-09,PHC-007,Kanpur PHC-1,Kanpur,Uttar Pradesh,27.8631,82.6333,Amoxicillin,strips,215.3,13,4,12,10
2026-09-10,PHC-007,Kanpur PHC-1,Kanpur,Uttar Pradesh,27.8631,82.6333,Amoxicillin,strips,203.7,13,7,12,8
2026-09-11,PHC-007,Kanpur PHC-1,Kanpur,Uttar Pradesh,27.8631,82.6333,Amoxicillin,strips,195.5,13,6,12,11
2026-09-12,PHC-007,Kanpur PHC-1,Kanpur,Uttar Pradesh,27.8631,82.6333,Amoxicillin,strips,189.8,13,6,12,9
2026-09-13,PHC-007,Kanpur PHC-1,Kanpur,Uttar Pradesh,27.8631,82.6333,Amoxicillin,strips,177.5,13,7,12,9
2026-09-14,PHC-007,Kanpur PHC-1,Kanpur,Uttar Pradesh,27.8631,82.6333,Amoxicillin,strips,166.0,13,7,12,8
2026-09-15,PHC-007,Kanpur PHC-1,Kanpur,Uttar Pradesh,27.8631,82.6333,Amoxicillin,strips,153.5,13,4,12,9
2026-09-16,PHC-007,Kanpur PHC-1,Kanpur,Uttar Pradesh,27.8631,82.6333,Amoxicillin,strips,143.9,13,8,12,10
2026-09-17,PHC-007,Kanpur PHC-1,Kanpur,Uttar Pradesh,27.8631,82.6333,Amoxicillin,strips,134.6,13,10,12,11
2026-09-18,PHC-007,Kanpur PHC-1,Kanpur,Uttar Pradesh,27.8631,82.6333,Amoxicillin,strips,121.0,13,9,12,11
2026-09-19,PHC-007,Kanpur PHC-1,Kanpur,Uttar Pradesh,27.8631,82.6333,Amoxicillin,strips,115.0,13,5,12,10
2026-09-20,PHC-007,Kanpur PHC-1,Kanpur,Uttar Pradesh,27.8631,82.6333,Amoxicillin,strips,102.8,13,9,12,9
2026-09-21,PHC-007,Kanpur PHC-1,Kanpur,Uttar Pradesh,27.8631,82.6333,Amoxicillin,strips,94.2,13,8,12,10
2026-09-22,PHC-007,Kanpur PHC-1,Kanpur,Uttar Pradesh,27.8631,82.6333,Amoxicillin,strips,82.5,13,8,12,7
2026-09-23,PHC-007,Kanpur PHC-1,Kanpur,Uttar Pradesh,27.8631,82.6333,Amoxicillin,strips,75.2,13,10,12,12
2026-09-24,PHC-007,Kanpur PHC-1,Kanpur,Uttar Pradesh,27.8631,82.6333,Amoxicillin,strips,59.6,13,7,12,10
2026-09-25,PHC-007,Kanpur PHC-1,Kanpur,Uttar Pradesh,27.8631,82.6333,Amoxicillin,strips,44.5,13,6,12,9
2026-09-26,PHC-007,Kanpur PHC-1,Kanpur,Uttar Pradesh,27.8631,82.6333,Amoxicillin,strips,31.9,13,7,12,11
2026-08-28,PHC-007,Kanpur PHC-1,Kanpur,Uttar Pradesh,27.8631,82.6333,Iron Folic Acid Tablets,strips,822.4,13,5,12,11
2026-08-29,PHC-007,Kanpur PHC-1,Kanpur,Uttar Pradesh,27.8631,82.6333,Iron Folic Acid Tablets,strips,820.9,13,6,12,9
2026-08-30,PHC-007,Kanpur PHC-1,Kanpur,Uttar Pradesh,27.8631,82.6333,Iron Folic Acid Tablets,strips,827.0,13,2,12,9
2026-08-31,PHC-007,Kanpur PHC-1,Kanpur,Uttar Pradesh,27.8631,82.6333,Iron Folic Acid Tablets,strips,826.4,13,8,12,10
2026-09-01,PHC-007,Kanpur PHC-1,Kanpur,Uttar Pradesh,27.8631,82.6333,Iron Folic Acid Tablets,strips,822.3,13,7,12,11
2026-09-02,PHC-007,Kanpur PHC-1,Kanpur,Uttar Pradesh,27.8631,82.6333,Iron Folic Acid Tablets,strips,821.8,13,8,12,12
2026-09-03,PHC-007,Kanpur PHC-1,Kanpur,Uttar Pradesh,27.8631,82.6333,Iron Folic Acid Tablets,strips,827.6,13,10,12,10
2026-09-04,PHC-007,Kanpur PHC-1,Kanpur,Uttar Pradesh,27.8631,82.6333,Iron Folic Acid Tablets,strips,825.8,13,7,12,11
2026-09-05,PHC-007,Kanpur PHC-1,Kanpur,Uttar Pradesh,27.8631,82.6333,Iron Folic Acid Tablets,strips,827.5,13,5,12,9
2026-09-06,PHC-007,Kanpur PHC-1,Kanpur,Uttar Pradesh,27.8631,82.6333,Iron Folic Acid Tablets,strips,826.6,13,6,12,11
2026-09-07,PHC-007,Kanpur PHC-1,Kanpur,Uttar Pradesh,27.8631,82.6333,Iron Folic Acid Tablets,strips,830.2,13,7,12,9
2026-09-08,PHC-007,Kanpur PHC-1,Kanpur,Uttar Pradesh,27.8631,82.6333,Iron Folic Acid Tablets,strips,821.6,13,7,12,10
2026-09-09,PHC-007,Kanpur PHC-1,Kanpur,Uttar Pradesh,27.8631,82.6333,Iron Folic Acid Tablets,strips,822.1,13,3,12,10
2026-09-10,PHC-007,Kanpur PHC-1,Kanpur,Uttar Pradesh,27.8631,82.6333,Iron Folic Acid Tablets,strips,827.3,13,6,12,10
2026-09-11,PHC-007,Kanpur PHC-1,Kanpur,Uttar Pradesh,27.8631,82.6333,Iron Folic Acid Tablets,strips,821.7,13,7,12,10
2026-09-12,PHC-007,Kanpur PHC-1,Kanpur,Uttar Pradesh,27.8631,82.6333,Iron Folic Acid Tablets,strips,816.8,13,7,12,9
2026-09-13,PHC-007,Kanpur PHC-1,Kanpur,Uttar Pradesh,27.8631,82.6333,Iron Folic Acid Tablets,strips,810.1,13,9,12,8
2026-09-14,PHC-007,Kanpur PHC-1,Kanpur,Uttar Pradesh,27.8631,82.6333,Iron Folic Acid Tablets,strips,804.2,13,5,12,10
2026-09-15,PHC-007,Kanpur PHC-1,Kanpur,Uttar Pradesh,27.8631,82.6333,Iron Folic Acid Tablets,strips,805.3,13,8,12,10
2026-09-16,PHC-007,Kanpur PHC-1,Kanpur,Uttar Pradesh,27.8631,82.6333,Iron Folic Acid Tablets,strips,801.8,13,5,12,8
2026-09-17,PHC-007,Kanpur PHC-1,Kanpur,Uttar Pradesh,27.8631,82.6333,Iron Folic Acid Tablets,strips,799.4,13,5,12,10
2026-09-18,PHC-007,Kanpur PHC-1,Kanpur,Uttar Pradesh,27.8631,82.6333,Iron Folic Acid Tablets,strips,802.0,13,6,12,11
2026-09-19,PHC-007,Kanpur PHC-1,Kanpur,Uttar Pradesh,27.8631,82.6333,Iron Folic Acid Tablets,strips,806.3,13,6,12,10
2026-09-20,PHC-007,Kanpur PHC-1,Kanpur,Uttar Pradesh,27.8631,82.6333,Iron Folic Acid Tablets,strips,803.8,13,7,12,9
2026-09-21,PHC-007,Kanpur PHC-1,Kanpur,Uttar Pradesh,27.8631,82.6333,Iron Folic Acid Tablets,strips,794.6,13,3,12,8
2026-09-22,PHC-007,Kanpur PHC-1,Kanpur,Uttar Pradesh,27.8631,82.6333,Iron Folic Acid Tablets,strips,787.7,13,5,12,12
2026-09-23,PHC-007,Kanpur PHC-1,Kanpur,Uttar Pradesh,27.8631,82.6333,Iron Folic Acid Tablets,strips,790.6,13,9,12,10
2026-09-24,PHC-007,Kanpur PHC-1,Kanpur,Uttar Pradesh,27.8631,82.6333,Iron Folic Acid Tablets,strips,789.6,13,4,12,12
2026-09-25,PHC-007,Kanpur PHC-1,Kanpur,Uttar Pradesh,27.8631,82.6333,Iron Folic Acid Tablets,strips,784.3,13,5,12,8
2026-09-26,PHC-007,Kanpur PHC-1,Kanpur,Uttar Pradesh,27.8631,82.6333,Iron Folic Acid Tablets,strips,803.9,13,6,12,8
2026-08-28,PHC-008,Kanpur PHC-2,Kanpur,Uttar Pradesh,16.5086,89.414,Paracetamol,units,358.8,18,11,13,11
2026-08-29,PHC-008,Kanpur PHC-2,Kanpur,Uttar Pradesh,16.5086,89.414,Paracetamol,units,356.6,18,7,13,11
2026-08-30,PHC-008,Kanpur PHC-2,Kanpur,Uttar Pradesh,16.5086,89.414,Paracetamol,units,359.9,18,12,13,9
2026-08-31,PHC-008,Kanpur PHC-2,Kanpur,Uttar Pradesh,16.5086,89.414,Paracetamol,units,357.2,18,7,13,11
2026-09-01,PHC-008,Kanpur PHC-2,Kanpur,Uttar Pradesh,16.5086,89.414,Paracetamol,units,364.3,18,11,13,11
2026-09-02,PHC-008,Kanpur PHC-2,Kanpur,Uttar Pradesh,16.5086,89.414,Paracetamol,units,366.6,18,10,13,12
2026-09-03,PHC-008,Kanpur PHC-2,Kanpur,Uttar Pradesh,16.5086,89.414,Paracetamol,units,364.9,18,8,13,11
2026-09-04,PHC-008,Kanpur PHC-2,Kanpur,Uttar Pradesh,16.5086,89.414,Paracetamol,units,364.5,18,14,13,8
2026-09-05,PHC-008,Kanpur PHC-2,Kanpur,Uttar Pradesh,16.5086,89.414,Paracetamol,units,364.3,18,8,13,13
2026-09-06,PHC-008,Kanpur PHC-2,Kanpur,Uttar Pradesh,16.5086,89.414,Paracetamol,units,362.7,18,10,13,8
2026-09-07,PHC-008,Kanpur PHC-2,Kanpur,Uttar Pradesh,16.5086,89.414,Paracetamol,units,369.9,18,9,13,10
2026-09-08,PHC-008,Kanpur PHC-2,Kanpur,Uttar Pradesh,16.5086,89.414,Paracetamol,units,378.8,18,12,13,10
2026-09-09,PHC-008,Kanpur PHC-2,Kanpur,Uttar Pradesh,16.5086,89.414,Paracetamol,units,375.2,18,8,13,9
2026-09-10,PHC-008,Kanpur PHC-2,Kanpur,Uttar Pradesh,16.5086,89.414,Paracetamol,units,371.7,18,6,13,11
2026-09-11,PHC-008,Kanpur PHC-2,Kanpur,Uttar Pradesh,16.5086,89.414,Paracetamol,units,378.4,18,8,13,11
2026-09-12,PHC-008,Kanpur PHC-2,Kanpur,Uttar Pradesh,16.5086,89.414,Paracetamol,units,377.2,18,12,13,11
2026-09-13,PHC-008,Kanpur PHC-2,Kanpur,Uttar Pradesh,16.5086,89.414,Paracetamol,units,376.6,18,9,13,9
2026-09-14,PHC-008,Kanpur PHC-2,Kanpur,Uttar Pradesh,16.5086,89.414,Paracetamol,units,374.5,18,7,13,11
2026-09-15,PHC-008,Kanpur PHC-2,Kanpur,Uttar Pradesh,16.5086,89.414,Paracetamol,units,368.9,18,11,13,9
2026-09-16,PHC-008,Kanpur PHC-2,Kanpur,Uttar Pradesh,16.5086,89.414,Paracetamol,units,365.4,18,12,13,10
2026-09-17,PHC-008,Kanpur PHC-2,Kanpur,Uttar Pradesh,16.5086,89.414,Paracetamol,units,364.6,18,9,13,9
2026-09-18,PHC-008,Kanpur PHC-2,Kanpur,Uttar Pradesh,16.5086,89.414,Paracetamol,units,367.8,18,11,13,13
2026-09-19,PHC-008,Kanpur PHC-2,Kanpur,Uttar Pradesh,16.5086,89.414,Paracetamol,units,366.0,18,9,13,11
2026-09-20,PHC-008,Kanpur PHC-2,Kanpur,Uttar Pradesh,16.5086,89.414,Paracetamol,units,372.2,18,11,13,11
2026-09-21,PHC-008,Kanpur PHC-2,Kanpur,Uttar Pradesh,16.5086,89.414,Paracetamol,units,382.6,18,11,13,10
2026-09-22,PHC-008,Kanpur PHC-2,Kanpur,Uttar Pradesh,16.5086,89.414,Paracetamol,units,386.6,18,9,13,11
2026-09-23,PHC-008,Kanpur PHC-2,Kanpur,Uttar Pradesh,16.5086,89.414,Paracetamol,units,388.9,18,7,13,9
2026-09-24,PHC-008,Kanpur PHC-2,Kanpur,Uttar Pradesh,16.5086,89.414,Paracetamol,units,385.0,18,9,13,11
2026-09-25,PHC-008,Kanpur PHC-2,Kanpur,Uttar Pradesh,16.5086,89.414,Paracetamol,units,386.3,18,7,13,10
2026-09-26,PHC-008,Kanpur PHC-2,Kanpur,Uttar Pradesh,16.5086,89.414,Paracetamol,units,389.4,18,8,13,11
2026-08-28,PHC-008,Kanpur PHC-2,Kanpur,Uttar Pradesh,16.5086,89.414,ORS Sachets,packets,330.0,18,11,13,10
2026-08-29,PHC-008,Kanpur PHC-2,Kanpur,Uttar Pradesh,16.5086,89.414,ORS Sachets,packets,325.6,18,8,13,10
2026-08-30,PHC-008,Kanpur PHC-2,Kanpur,Uttar Pradesh,16.5086,89.414,ORS Sachets,packets,324.1,18,10,13,11
2026-08-31,PHC-008,Kanpur PHC-2,Kanpur,Uttar Pradesh,16.5086,89.414,ORS Sachets,packets,323.8,18,11,13,10
2026-09-01,PHC-008,Kanpur PHC-2,Kanpur,Uttar Pradesh,16.5086,89.414,ORS Sachets,packets,324.9,18,13,13,11
2026-09-02,PHC-008,Kanpur PHC-2,Kanpur,Uttar Pradesh,16.5086,89.414,ORS Sachets,packets,324.5,18,11,13,12
2026-09-03,PHC-008,Kanpur PHC-2,Kanpur,Uttar Pradesh,16.5086,89.414,ORS Sachets,packets,322.7,18,11,13,11
2026-09-04,PHC-008,Kanpur PHC-2,Kanpur,Uttar Pradesh,16.5086,89.414,ORS Sachets,packets,322.4,18,10,13,8
2026-09-05,PHC-008,Kanpur PHC-2,Kanpur,Uttar Pradesh,16.5086,89.414,ORS Sachets,packets,322.2,18,10,13,12
2026-09-06,PHC-008,Kanpur PHC-2,Kanpur,Uttar Pradesh,16.5086,89.414,ORS Sachets,packets,318.6,18,3,13,10
2026-09-07,PHC-008,Kanpur PHC-2,Kanpur,Uttar Pradesh,16.5086,89.414,ORS Sachets,packets,316.6,18,13,13,12
2026-09-08,PHC-008,Kanpur PHC-2,Kanpur,Uttar Pradesh,16.5086,89.414,ORS Sachets,packets,315.3,18,13,13,11
2026-09-09,PHC-008,Kanpur PHC-2,Kanpur,Uttar Pradesh,16.5086,89.414,ORS Sachets,packets,309.2,18,9,13,11
2026-09-10,PHC-008,Kanpur PHC-2,Kanpur,Uttar Pradesh,16.5086,89.414,ORS Sachets,packets,309.3,18,8,13,9
2026-09-11,PHC-008,Kanpur PHC-2,Kanpur,Uttar Pradesh,16.5086,89.414,ORS Sachets,packets,306.2,18,12,13,12
2026-09-12,PHC-008,Kanpur PHC-2,Kanpur,Uttar Pradesh,16.5086,89.414,ORS Sachets,packets,305.7,18,12,13,11
2026-09-13,PHC-008,Kanpur PHC-2,Kanpur,Uttar Pradesh,16.5086,89.414,ORS Sachets,packets,309.4,18,9,13,11
2026-09-14,PHC-008,Kanpur PHC-2,Kanpur,Uttar Pradesh,16.5086,89.414,ORS Sachets,packets,311.7,18,14,13,11
2026-09-15,PHC-008,Kanpur PHC-2,Kanpur,Uttar Pradesh,16.5086,89.414,ORS Sachets,packets,312.9,18,9,13,11
2026-09-16,PHC-008,Kanpur PHC-2,Kanpur,Uttar Pradesh,16.5086,89.414,ORS Sachets,packets,310.7,18,13,13,12
2026-09-17,PHC-008,Kanpur PHC-2,Kanpur,Uttar Pradesh,16.5086,89.414,ORS Sachets,packets,308.4,18,9,13,11
2026-09-18,PHC-008,Kanpur PHC-2,Kanpur,Uttar Pradesh,16.5086,89.414,ORS Sachets,packets,309.9,18,12,13,10
2026-09-19,PHC-008,Kanpur PHC-2,Kanpur,Uttar Pradesh,16.5086,89.414,ORS Sachets,packets,309.2,18,10,13,9
2026-09-20,PHC-008,Kanpur PHC-2,Kanpur,Uttar Pradesh,16.5086,89.414,ORS Sachets,packets,306.6,18,11,13,10
2026-09-21,PHC-008,Kanpur PHC-2,Kanpur,Uttar Pradesh,16.5086,89.414,ORS Sachets,packets,303.9,18,14,13,11
2026-09-22,PHC-008,Kanpur PHC-2,Kanpur,Uttar Pradesh,16.5086,89.414,ORS Sachets,packets,304.5,18,10,13,13
2026-09-23,PHC-008,Kanpur PHC-2,Kanpur,Uttar Pradesh,16.5086,89.414,ORS Sachets,packets,303.1,18,14,13,8
2026-09-24,PHC-008,Kanpur PHC-2,Kanpur,Uttar Pradesh,16.5086,89.414,ORS Sachets,packets,309.2,18,10,13,8
2026-09-25,PHC-008,Kanpur PHC-2,Kanpur,Uttar Pradesh,16.5086,89.414,ORS Sachets,packets,311.4,18,11,13,10
2026-09-26,PHC-008,Kanpur PHC-2,Kanpur,Uttar Pradesh,16.5086,89.414,ORS Sachets,packets,310.4,18,11,13,12
2026-08-28,PHC-008,Kanpur PHC-2,Kanpur,Uttar Pradesh,16.5086,89.414,Insulin,vials,56.6,18,7,13,11
2026-08-29,PHC-008,Kanpur PHC-2,Kanpur,Uttar Pradesh,16.5086,89.414,Insulin,vials,47.9,18,10,13,11
2026-08-30,PHC-008,Kanpur PHC-2,Kanpur,Uttar Pradesh,16.5086,89.414,Insulin,vials,40.0,18,8,13,10
2026-08-31,PHC-008,Kanpur PHC-2,Kanpur,Uttar Pradesh,16.5086,89.414,Insulin,vials,34.5,18,13,13,11
2026-09-01,PHC-008,Kanpur PHC-2,Kanpur,Uttar Pradesh,16.5086,89.414,Insulin,vials,26.9,18,8,13,9
2026-09-02,PHC-008,Kanpur PHC-2,Kanpur,Uttar Pradesh,16.5086,89.414,Insulin,vials,22.6,18,11,13,11
2026-09-03,PHC-008,Kanpur PHC-2,Kanpur,Uttar Pradesh,16.5086,89.414,Insulin,vials,14.5,18,8,13,12
2026-09-04,PHC-008,Kanpur PHC-2,Kanpur,Uttar Pradesh,16.5086,89.414,Insulin,vials,11.5,18,6,13,13
2026-09-05,PHC-008,Kanpur PHC-2,Kanpur,Uttar Pradesh,16.5086,89.414,Insulin,vials,7.7,18,11,13,11
2026-09-06,PHC-008,Kanpur PHC-2,Kanpur,Uttar Pradesh,16.5086,89.414,Insulin,vials,0.0,18,8,13,13
2026-09-07,PHC-008,Kanpur PHC-2,Kanpur,Uttar Pradesh,16.5086,89.414,Insulin,vials,0.0,18,13,13,11
2026-09-08,PHC-008,Kanpur PHC-2,Kanpur,Uttar Pradesh,16.5086,89.414,Insulin,vials,0.0,18,14,13,10
2026-09-09,PHC-008,Kanpur PHC-2,Kanpur,Uttar Pradesh,16.5086,89.414,Insulin,vials,0.0,18,6,13,8
2026-09-10,PHC-008,Kanpur PHC-2,Kanpur,Uttar Pradesh,16.5086,89.414,Insulin,vials,0.0,18,8,13,8
2026-09-11,PHC-008,Kanpur PHC-2,Kanpur,Uttar Pradesh,16.5086,89.414,Insulin,vials,0.0,18,16,13,12
2026-09-12,PHC-008,Kanpur PHC-2,Kanpur,Uttar Pradesh,16.5086,89.414,Insulin,vials,0.0,18,10,13,12
2026-09-13,PHC-008,Kanpur PHC-2,Kanpur,Uttar Pradesh,16.5086,89.414,Insulin,vials,0.0,18,9,13,11
2026-09-14,PHC-008,Kanpur PHC-2,Kanpur,Uttar Pradesh,16.5086,89.414,Insulin,vials,0.0,18,12,13,10
2026-09-15,PHC-008,Kanpur PHC-2,Kanpur,Uttar Pradesh,16.5086,89.414,Insulin,vials,0.0,18,10,13,12
2026-09-16,PHC-008,Kanpur PHC-2,Kanpur,Uttar Pradesh,16.5086,89.414,Insulin,vials,0.0,18,12,13,13
2026-09-17,PHC-008,Kanpur PHC-2,Kanpur,Uttar Pradesh,16.5086,89.414,Insulin,vials,0.0,18,15,13,11
2026-09-18,PHC-008,Kanpur PHC-2,Kanpur,Uttar Pradesh,16.5086,89.414,Insulin,vials,0.0,18,7,13,10
2026-09-19,PHC-008,Kanpur PHC-2,Kanpur,Uttar Pradesh,16.5086,89.414,Insulin,vials,0.0,18,11,13,13
2026-09-20,PHC-008,Kanpur PHC-2,Kanpur,Uttar Pradesh,16.5086,89.414,Insulin,vials,0.0,18,13,13,12
2026-09-21,PHC-008,Kanpur PHC-2,Kanpur,Uttar Pradesh,16.5086,89.414,Insulin,vials,0.0,18,8,13,12
2026-09-22,PHC-008,Kanpur PHC-2,Kanpur,Uttar Pradesh,16.5086,89.414,Insulin,vials,0.0,18,12,13,11
2026-09-23,PHC-008,Kanpur PHC-2,Kanpur,Uttar Pradesh,16.5086,89.414,Insulin,vials,0.0,18,10,13,11
2026-09-24,PHC-008,Kanpur PHC-2,Kanpur,Uttar Pradesh,16.5086,89.414,Insulin,vials,0.0,18,8,13,9
2026-09-25,PHC-008,Kanpur PHC-2,Kanpur,Uttar Pradesh,16.5086,89.414,Insulin,vials,0.0,18,11,13,11
2026-09-26,PHC-008,Kanpur PHC-2,Kanpur,Uttar Pradesh,16.5086,89.414,Insulin,vials,0.0,18,12,13,10
2026-08-28,PHC-008,Kanpur PHC-2,Kanpur,Uttar Pradesh,16.5086,89.414,Amoxicillin,strips,436.7,18,12,13,8
2026-08-29,PHC-008,Kanpur PHC-2,Kanpur,Uttar Pradesh,16.5086,89.414,Amoxicillin,strips,401.8,18,13,13,8
2026-08-30,PHC-008,Kanpur PHC-2,Kanpur,Uttar Pradesh,16.5086,89.414,Amoxicillin,strips,372.0,18,14,13,10
2026-08-31,PHC-008,Kanpur PHC-2,Kanpur,Uttar Pradesh,16.5086,89.414,Amoxicillin,strips,344.2,18,13,13,10
2026-09-01,PHC-008,Kanpur PHC-2,Kanpur,Uttar Pradesh,16.5086,89.414,Amoxicillin,strips,320.8,18,8,13,10
2026-09-02,PHC-008,Kanpur PHC-2,Kanpur,Uttar Pradesh,16.5086,89.414,Amoxicillin,strips,298.4,18,11,13,12
2026-09-03,PHC-008,Kanpur PHC-2,Kanpur,Uttar Pradesh,16.5086,89.414,Amoxicillin,strips,274.1,18,7,13,9
2026-09-04,PHC-008,Kanpur PHC-2,Kanpur,Uttar Pradesh,16.5086,89.414,Amoxicillin,strips,258.0,18,15,13,11
2026-09-05,PHC-008,Kanpur PHC-2,Kanpur,Uttar Pradesh,16.5086,89.414,Amoxicillin,strips,224.5,18,12,13,10
2026-09-06,PHC-008,Kanpur PHC-2,Kanpur,Uttar Pradesh,16.5086,89.414,Amoxicillin,strips,204.8,18,8,13,12
2026-09-07,PHC-008,Kanpur PHC-2,Kanpur,Uttar Pradesh,16.5086,89.414,Amoxicillin,strips,172.6,18,12,13,10
2026-09-08,PHC-008,Kanpur PHC-2,Kanpur,Uttar Pradesh,16.5086,89.414,Amoxicillin,strips,156.9,18,15,13,10
2026-09-09,PHC-008,Kanpur PHC-2,Kanpur,Uttar Pradesh,16.5086,89.414,Amoxicillin,strips,140.1,18,10,13,11
2026-09-10,PHC-008,Kanpur PHC-2,Kanpur,Uttar Pradesh,16.5086,89.414,Amoxicillin,strips,112.4,18,6,13,10
2026-09-11,PHC-008,Kanpur PHC-2,Kanpur,Uttar Pradesh,16.5086,89.414,Amoxicillin,strips,96.1,18,11,13,11
2026-09-12,PHC-008,Kanpur PHC-2,Kanpur,Uttar Pradesh,16.5086,89.414,Amoxicillin,strips,65.4,18,9,13,13
2026-09-13,PHC-008,Kanpur PHC-2,Kanpur,Uttar Pradesh,16.5086,89.414,Amoxicillin,strips,53.0,18,9,13,12
2026-09-14,PHC-008,Kanpur PHC-2,Kanpur,Uttar Pradesh,16.5086,89.414,Amoxicillin,strips,26.7,18,9,13,11
2026-09-15,PHC-008,Kanpur PHC-2,Kanpur,Uttar Pradesh,16.5086,89.414,Amoxicillin,strips,0.0,18,11,13,13
2026-09-16,PHC-008,Kanpur PHC-2,Kanpur,Uttar Pradesh,16.5086,89.414,Amoxicillin,strips,0.0,18,4,13,11
2026-09-17,PHC-008,Kanpur PHC-2,Kanpur,Uttar Pradesh,16.5086,89.414,Amoxicillin,strips,0.0,18,10,13,11
2026-09-18,PHC-008,Kanpur PHC-2,Kanpur,Uttar Pradesh,16.5086,89.414,Amoxicillin,strips,0.0,18,10,13,11
2026-09-19,PHC-008,Kanpur PHC-2,Kanpur,Uttar Pradesh,16.5086,89.414,Amoxicillin,strips,0.0,18,8,13,13
2026-09-20,PHC-008,Kanpur PHC-2,Kanpur,Uttar Pradesh,16.5086,89.414,Amoxicillin,strips,0.0,18,11,13,9
2026-09-21,PHC-008,Kanpur PHC-2,Kanpur,Uttar Pradesh,16.5086,89.414,Amoxicillin,strips,0.0,18,8,13,10
2026-09-22,PHC-008,Kanpur PHC-2,Kanpur,Uttar Pradesh,16.5086,89.414,Amoxicillin,strips,0.0,18,12,13,11
2026-09-23,PHC-008,Kanpur PHC-2,Kanpur,Uttar Pradesh,16.5086,89.414,Amoxicillin,strips,0.0,18,15,13,9
2026-09-24,PHC-008,Kanpur PHC-2,Kanpur,Uttar Pradesh,16.5086,89.414,Amoxicillin,strips,0.0,18,13,13,11
2026-09-25,PHC-008,Kanpur PHC-2,Kanpur,Uttar Pradesh,16.5086,89.414,Amoxicillin,strips,0.0,18,11,13,10
2026-09-26,PHC-008,Kanpur PHC-2,Kanpur,Uttar Pradesh,16.5086,89.414,Amoxicillin,strips,0.0,18,10,13,8
2026-08-28,PHC-008,Kanpur PHC-2,Kanpur,Uttar Pradesh,16.5086,89.414,Iron Folic Acid Tablets,strips,539.7,18,11,13,9
2026-08-29,PHC-008,Kanpur PHC-2,Kanpur,Uttar Pradesh,16.5086,89.414,Iron Folic Acid Tablets,strips,543.3,18,12,13,10
2026-08-30,PHC-008,Kanpur PHC-2,Kanpur,Uttar Pradesh,16.5086,89.414,Iron Folic Acid Tablets,strips,543.8,18,6,13,9
2026-08-31,PHC-008,Kanpur PHC-2,Kanpur,Uttar Pradesh,16.5086,89.414,Iron Folic Acid Tablets,strips,550.5,18,9,13,10
2026-09-01,PHC-008,Kanpur PHC-2,Kanpur,Uttar Pradesh,16.5086,89.414,Iron Folic Acid Tablets,strips,553.6,18,11,13,10
2026-09-02,PHC-008,Kanpur PHC-2,Kanpur,Uttar Pradesh,16.5086,89.414,Iron Folic Acid Tablets,strips,538.4,18,13,13,11
2026-09-03,PHC-008,Kanpur PHC-2,Kanpur,Uttar Pradesh,16.5086,89.414,Iron Folic Acid Tablets,strips,537.7,18,12,13,9
2026-09-04,PHC-008,Kanpur PHC-2,Kanpur,Uttar Pradesh,16.5086,89.414,Iron Folic Acid Tablets,strips,529.9,18,15,13,12
2026-09-05,PHC-008,Kanpur PHC-2,Kanpur,Uttar Pradesh,16.5086,89.414,Iron Folic Acid Tablets,strips,516.5,18,10,13,10
2026-09-06,PHC-008,Kanpur PHC-2,Kanpur,Uttar Pradesh,16.5086,89.414,Iron Folic Acid Tablets,strips,525.2,18,11,13,11
2026-09-07,PHC-008,Kanpur PHC-2,Kanpur,Uttar Pradesh,16.5086,89.414,Iron Folic Acid Tablets,strips,527.8,18,9,13,10
2026-09-08,PHC-008,Kanpur PHC-2,Kanpur,Uttar Pradesh,16.5086,89.414,Iron Folic Acid Tablets,strips,514.6,18,15,13,11
2026-09-09,PHC-008,Kanpur PHC-2,Kanpur,Uttar Pradesh,16.5086,89.414,Iron Folic Acid Tablets,strips,509.1,18,8,13,9
2026-09-10,PHC-008,Kanpur PHC-2,Kanpur,Uttar Pradesh,16.5086,89.414,Iron Folic Acid Tablets,strips,509.6,18,9,13,9
2026-09-11,PHC-008,Kanpur PHC-2,Kanpur,Uttar Pradesh,16.5086,89.414,Iron Folic Acid Tablets,strips,509.3,18,9,13,10
2026-09-12,PHC-008,Kanpur PHC-2,Kanpur,Uttar Pradesh,16.5086,89.414,Iron Folic Acid Tablets,strips,509.0,18,14,13,10
2026-09-13,PHC-008,Kanpur PHC-2,Kanpur,Uttar Pradesh,16.5086,89.414,Iron Folic Acid Tablets,strips,508.6,18,6,13,12
2026-09-14,PHC-008,Kanpur PHC-2,Kanpur,Uttar Pradesh,16.5086,89.414,Iron Folic Acid Tablets,strips,512.2,18,8,13,10
2026-09-15,PHC-008,Kanpur PHC-2,Kanpur,Uttar Pradesh,16.5086,89.414,Iron Folic Acid Tablets,strips,517.7,18,11,13,11
2026-09-16,PHC-008,Kanpur PHC-2,Kanpur,Uttar Pradesh,16.5086,89.414,Iron Folic Acid Tablets,strips,527.1,18,12,13,9
2026-09-17,PHC-008,Kanpur PHC-2,Kanpur,Uttar Pradesh,16.5086,89.414,Iron Folic Acid Tablets,strips,520.0,18,12,13,11
2026-09-18,PHC-008,Kanpur PHC-2,Kanpur,Uttar Pradesh,16.5086,89.414,Iron Folic Acid Tablets,strips,519.1,18,6,13,10
2026-09-19,PHC-008,Kanpur PHC-2,Kanpur,Uttar Pradesh,16.5086,89.414,Iron Folic Acid Tablets,strips,520.9,18,11,13,13
2026-09-20,PHC-008,Kanpur PHC-2,Kanpur,Uttar Pradesh,16.5086,89.414,Iron Folic Acid Tablets,strips,519.6,18,13,13,9
2026-09-21,PHC-008,Kanpur PHC-2,Kanpur,Uttar Pradesh,16.5086,89.414,Iron Folic Acid Tablets,strips,521.3,18,4,13,11
2026-09-22,PHC-008,Kanpur PHC-2,Kanpur,Uttar Pradesh,16.5086,89.414,Iron Folic Acid Tablets,strips,522.0,18,7,13,11
2026-09-23,PHC-008,Kanpur PHC-2,Kanpur,Uttar Pradesh,16.5086,89.414,Iron Folic Acid Tablets,strips,526.2,18,10,13,10
2026-09-24,PHC-008,Kanpur PHC-2,Kanpur,Uttar Pradesh,16.5086,89.414,Iron Folic Acid Tablets,strips,516.0,18,11,13,11
2026-09-25,PHC-008,Kanpur PHC-2,Kanpur,Uttar Pradesh,16.5086,89.414,Iron Folic Acid Tablets,strips,510.4,18,10,13,10
2026-09-26,PHC-008,Kanpur PHC-2,Kanpur,Uttar Pradesh,16.5086,89.414,Iron Folic Acid Tablets,strips,511.9,18,10,13,12
2026-08-28,PHC-009,Kanpur PHC-3,Kanpur,Uttar Pradesh,26.6812,73.8928,Paracetamol,units,530.3,17,9,9,9
2026-08-29,PHC-009,Kanpur PHC-3,Kanpur,Uttar Pradesh,26.6812,73.8928,Paracetamol,units,532.3,17,8,9,9
2026-08-30,PHC-009,Kanpur PHC-3,Kanpur,Uttar Pradesh,26.6812,73.8928,Paracetamol,units,529.0,17,11,9,7
2026-08-31,PHC-009,Kanpur PHC-3,Kanpur,Uttar Pradesh,26.6812,73.8928,Paracetamol,units,534.1,17,11,9,7
2026-09-01,PHC-009,Kanpur PHC-3,Kanpur,Uttar Pradesh,26.6812,73.8928,Paracetamol,units,536.2,17,10,9,7
2026-09-02,PHC-009,Kanpur PHC-3,Kanpur,Uttar Pradesh,26.6812,73.8928,Paracetamol,units,542.5,17,7,9,8
2026-09-03,PHC-009,Kanpur PHC-3,Kanpur,Uttar Pradesh,26.6812,73.8928,Paracetamol,units,548.7,17,7,9,6
2026-09-04,PHC-009,Kanpur PHC-3,Kanpur,Uttar Pradesh,26.6812,73.8928,Paracetamol,units,550.1,17,6,9,7
2026-09-05,PHC-009,Kanpur PHC-3,Kanpur,Uttar Pradesh,26.6812,73.8928,Paracetamol,units,551.9,17,8,9,5
2026-09-06,PHC-009,Kanpur PHC-3,Kanpur,Uttar Pradesh,26.6812,73.8928,Paracetamol,units,543.0,17,12,9,6
2026-09-07,PHC-009,Kanpur PHC-3,Kanpur,Uttar Pradesh,26.6812,73.8928,Paracetamol,units,548.1,17,7,9,6
2026-09-08,PHC-009,Kanpur PHC-3,Kanpur,Uttar Pradesh,26.6812,73.8928,Paracetamol,units,547.0,17,9,9,9
2026-09-09,PHC-009,Kanpur PHC-3,Kanpur,Uttar Pradesh,26.6812,73.8928,Paracetamol,units,547.5,17,12,9,8
2026-09-10,PHC-009,Kanpur PHC-3,Kanpur,Uttar Pradesh,26.6812,73.8928,Paracetamol,units,545.8,17,5,9,6
2026-09-11,PHC-009,Kanpur PHC-3,Kanpur,Uttar Pradesh,26.6812,73.8928,Paracetamol,units,545.3,17,10,9,8
2026-09-12,PHC-009,Kanpur PHC-3,Kanpur,Uttar Pradesh,26.6812,73.8928,Paracetamol,units,544.4,17,10,9,6
2026-09-13,PHC-009,Kanpur PHC-3,Kanpur,Uttar Pradesh,26.6812,73.8928,Paracetamol,units,548.2,17,10,9,9
2026-09-14,PHC-009,Kanpur PHC-3,Kanpur,Uttar Pradesh,26.6812,73.8928,Paracetamol,units,548.1,17,11,9,6
2026-09-15,PHC-009,Kanpur PHC-3,Kanpur,Uttar Pradesh,26.6812,73.8928,Paracetamol,units,543.9,17,11,9,8
2026-09-16,PHC-009,Kanpur PHC-3,Kanpur,Uttar Pradesh,26.6812,73.8928,Paracetamol,units,536.4,17,7,9,8
2026-09-17,PHC-009,Kanpur PHC-3,Kanpur,Uttar Pradesh,26.6812,73.8928,Paracetamol,units,527.9,17,13,9,7
2026-09-18,PHC-009,Kanpur PHC-3,Kanpur,Uttar Pradesh,26.6812,73.8928,Paracetamol,units,530.9,17,8,9,6
2026-09-19,PHC-009,Kanpur PHC-3,Kanpur,Uttar Pradesh,26.6812,73.8928,Paracetamol,units,543.6,17,14,9,8
2026-09-20,PHC-009,Kanpur PHC-3,Kanpur,Uttar Pradesh,26.6812,73.8928,Paracetamol,units,547.2,17,6,9,8
2026-09-21,PHC-009,Kanpur PHC-3,Kanpur,Uttar Pradesh,26.6812,73.8928,Paracetamol,units,548.4,17,9,9,8
2026-09-22,PHC-009,Kanpur PHC-3,Kanpur,Uttar Pradesh,26.6812,73.8928,Paracetamol,units,538.6,17,10,9,8
2026-09-23,PHC-009,Kanpur PHC-3,Kanpur,Uttar Pradesh,26.6812,73.8928,Paracetamol,units,532.4,17,11,9,7
2026-09-24,PHC-009,Kanpur PHC-3,Kanpur,Uttar Pradesh,26.6812,73.8928,Paracetamol,units,534.3,17,11,9,8
2026-09-25,PHC-009,Kanpur PHC-3,Kanpur,Uttar Pradesh,26.6812,73.8928,Paracetamol,units,528.8,17,3,9,7
2026-09-26,PHC-009,Kanpur PHC-3,Kanpur,Uttar Pradesh,26.6812,73.8928,Paracetamol,units,526.4,17,12,9,7
2026-08-28,PHC-009,Kanpur PHC-3,Kanpur,Uttar Pradesh,26.6812,73.8928,ORS Sachets,packets,307.9,17,14,9,5
2026-08-29,PHC-009,Kanpur PHC-3,Kanpur,Uttar Pradesh,26.6812,73.8928,ORS Sachets,packets,307.4,17,12,9,9
2026-08-30,PHC-009,Kanpur PHC-3,Kanpur,Uttar Pradesh,26.6812,73.8928,ORS Sachets,packets,306.6,17,12,9,8
2026-08-31,PHC-009,Kanpur PHC-3,Kanpur,Uttar Pradesh,26.6812,73.8928,ORS Sachets,packets,308.0,17,13,9,9
2026-09-01,PHC-009,Kanpur PHC-3,Kanpur,Uttar Pradesh,26.6812,73.8928,ORS Sachets,packets,308.2,17,10,9,8
2026-09-02,PHC-009,Kanpur PHC-3,Kanpur,Uttar Pradesh,26.6812,73.8928,ORS Sachets,packets,308.8,17,7,9,9
2026-09-03,PHC-009,Kanpur PHC-3,Kanpur,Uttar Pradesh,26.6812,73.8928,ORS Sachets,packets,307.7,17,10,9,9
2026-09-04,PHC-009,Kanpur PHC-3,Kanpur,Uttar Pradesh,26.6812,73.8928,ORS Sachets,packets,305.9,17,8,9,9
2026-09-05,PHC-009,Kanpur PHC-3,Kanpur,Uttar Pradesh,26.6812,73.8928,ORS Sachets,packets,303.6,17,17,9,8
2026-09-06,PHC-009,Kanpur PHC-3,Kanpur,Uttar Pradesh,26.6812,73.8928,ORS Sachets,packets,303.6,17,10,9,8
2026-09-07,PHC-009,Kanpur PHC-3,Kanpur,Uttar Pradesh,26.6812,73.8928,ORS Sachets,packets,304.4,17,8,9,8
2026-09-08,PHC-009,Kanpur PHC-3,Kanpur,Uttar Pradesh,26.6812,73.8928,ORS Sachets,packets,302.7,17,5,9,5
2026-09-09,PHC-009,Kanpur PHC-3,Kanpur,Uttar Pradesh,26.6812,73.8928,ORS Sachets,packets,300.6,17,10,9,6
2026-09-10,PHC-009,Kanpur PHC-3,Kanpur,Uttar Pradesh,26.6812,73.8928,ORS Sachets,packets,297.5,17,8,9,6
2026-09-11,PHC-009,Kanpur PHC-3,Kanpur,Uttar Pradesh,26.6812,73.8928,ORS Sachets,packets,294.8,17,12,9,7
2026-09-12,PHC-009,Kanpur PHC-3,Kanpur,Uttar Pradesh,26.6812,73.8928,ORS Sachets,packets,292.3,17,10,9,6
2026-09-13,PHC-009,Kanpur PHC-3,Kanpur,Uttar Pradesh,26.6812,73.8928,ORS Sachets,packets,291.7,17,7,9,8
2026-09-14,PHC-009,Kanpur PHC-3,Kanpur,Uttar Pradesh,26.6812,73.8928,ORS Sachets,packets,290.1,17,10,9,7
2026-09-15,PHC-009,Kanpur PHC-3,Kanpur,Uttar Pradesh,26.6812,73.8928,ORS Sachets,packets,290.3,17,8,9,6
2026-09-16,PHC-009,Kanpur PHC-3,Kanpur,Uttar Pradesh,26.6812,73.8928,ORS Sachets,packets,289.7,17,11,9,6
2026-09-17,PHC-009,Kanpur PHC-3,Kanpur,Uttar Pradesh,26.6812,73.8928,ORS Sachets,packets,293.6,17,13,9,8
2026-09-18,PHC-009,Kanpur PHC-3,Kanpur,Uttar Pradesh,26.6812,73.8928,ORS Sachets,packets,290.4,17,3,9,7
2026-09-19,PHC-009,Kanpur PHC-3,Kanpur,Uttar Pradesh,26.6812,73.8928,ORS Sachets,packets,290.9,17,10,9,9
2026-09-20,PHC-009,Kanpur PHC-3,Kanpur,Uttar Pradesh,26.6812,73.8928,ORS Sachets,packets,292.8,17,7,9,6
2026-09-21,PHC-009,Kanpur PHC-3,Kanpur,Uttar Pradesh,26.6812,73.8928,ORS Sachets,packets,293.2,17,8,9,6
2026-09-22,PHC-009,Kanpur PHC-3,Kanpur,Uttar Pradesh,26.6812,73.8928,ORS Sachets,packets,292.1,17,6,9,5
2026-09-23,PHC-009,Kanpur PHC-3,Kanpur,Uttar Pradesh,26.6812,73.8928,ORS Sachets,packets,290.4,17,13,9,8
2026-09-24,PHC-009,Kanpur PHC-3,Kanpur,Uttar Pradesh,26.6812,73.8928,ORS Sachets,packets,288.2,17,9,9,8
2026-09-25,PHC-009,Kanpur PHC-3,Kanpur,Uttar Pradesh,26.6812,73.8928,ORS Sachets,packets,287.9,17,12,9,7
2026-09-26,PHC-009,Kanpur PHC-3,Kanpur,Uttar Pradesh,26.6812,73.8928,ORS Sachets,packets,286.4,17,5,9,7
2026-08-28,PHC-009,Kanpur PHC-3,Kanpur,Uttar Pradesh,26.6812,73.8928,Insulin,vials,116.0,17,8,9,8
2026-08-29,PHC-009,Kanpur PHC-3,Kanpur,Uttar Pradesh,26.6812,73.8928,Insulin,vials,115.3,17,13,9,6
2026-08-30,PHC-009,Kanpur PHC-3,Kanpur,Uttar Pradesh,26.6812,73.8928,Insulin,vials,117.2,17,12,9,7
2026-08-31,PHC-009,Kanpur PHC-3,Kanpur,Uttar Pradesh,26.6812,73.8928,Insulin,vials,117.3,17,3,9,6
2026-09-01,PHC-009,Kanpur PHC-3,Kanpur,Uttar Pradesh,26.6812,73.8928,Insulin,vials,116.8,17,10,9,9
2026-09-02,PHC-009,Kanpur PHC-3,Kanpur,Uttar Pradesh,26.6812,73.8928,Insulin,vials,115.9,17,11,9,7
2026-09-03,PHC-009,Kanpur PHC-3,Kanpur,Uttar Pradesh,26.6812,73.8928,Insulin,vials,115.7,17,15,9,4
2026-09-04,PHC-009,Kanpur PHC-3,Kanpur,Uttar Pradesh,26.6812,73.8928,Insulin,vials,115.7,17,8,9,8
2026-09-05,PHC-009,Kanpur PHC-3,Kanpur,Uttar Pradesh,26.6812,73.8928,Insulin,vials,115.6,17,9,9,7
2026-09-06,PHC-009,Kanpur PHC-3,Kanpur,Uttar Pradesh,26.6812,73.8928,Insulin,vials,115.6,17,9,9,7
2026-09-07,PHC-009,Kanpur PHC-3,Kanpur,Uttar Pradesh,26.6812,73.8928,Insulin,vials,114.1,17,7,9,5
2026-09-08,PHC-009,Kanpur PHC-3,Kanpur,Uttar Pradesh,26.6812,73.8928,Insulin,vials,114.4,17,11,9,5
2026-09-09,PHC-009,Kanpur PHC-3,Kanpur,Uttar Pradesh,26.6812,73.8928,Insulin,vials,113.6,17,10,9,8
2026-09-10,PHC-009,Kanpur PHC-3,Kanpur,Uttar Pradesh,26.6812,73.8928,Insulin,vials,113.2,17,10,9,9
2026-09-11,PHC-009,Kanpur PHC-3,Kanpur,Uttar Pradesh,26.6812,73.8928,Insulin,vials,114.3,17,13,9,8
2026-09-12,PHC-009,Kanpur PHC-3,Kanpur,Uttar Pradesh,26.6812,73.8928,Insulin,vials,115.7,17,6,9,9
2026-09-13,PHC-009,Kanpur PHC-3,Kanpur,Uttar Pradesh,26.6812,73.8928,Insulin,vials,113.4,17,9,9,8
2026-09-14,PHC-009,Kanpur PHC-3,Kanpur,Uttar Pradesh,26.6812,73.8928,Insulin,vials,113.9,17,8,9,6
2026-09-15,PHC-009,Kanpur PHC-3,Kanpur,Uttar Pradesh,26.6812,73.8928,Insulin,vials,113.9,17,9,9,9
2026-09-16,PHC-009,Kanpur PHC-3,Kanpur,Uttar Pradesh,26.6812,73.8928,Insulin,vials,114.2,17,10,9,5
2026-09-17,PHC-009,Kanpur PHC-3,Kanpur,Uttar Pradesh,26.6812,73.8928,Insulin,vials,114.2,17,15,9,8
2026-09-18,PHC-009,Kanpur PHC-3,Kanpur,Uttar Pradesh,26.6812,73.8928,Insulin,vials,112.0,17,12,9,7
2026-09-19,PHC-009,Kanpur PHC-3,Kanpur,Uttar Pradesh,26.6812,73.8928,Insulin,vials,110.7,17,11,9,8
2026-09-20,PHC-009,Kanpur PHC-3,Kanpur,Uttar Pradesh,26.6812,73.8928,Insulin,vials,110.1,17,10,9,8
2026-09-21,PHC-009,Kanpur PHC-3,Kanpur,Uttar Pradesh,26.6812,73.8928,Insulin,vials,111.4,17,9,9,6
2026-09-22,PHC-009,Kanpur PHC-3,Kanpur,Uttar Pradesh,26.6812,73.8928,Insulin,vials,110.8,17,8,9,7
2026-09-23,PHC-009,Kanpur PHC-3,Kanpur,Uttar Pradesh,26.6812,73.8928,Insulin,vials,110.4,17,10,9,7
2026-09-24,PHC-009,Kanpur PHC-3,Kanpur,Uttar Pradesh,26.6812,73.8928,Insulin,vials,108.9,17,14,9,7
2026-09-25,PHC-009,Kanpur PHC-3,Kanpur,Uttar Pradesh,26.6812,73.8928,Insulin,vials,107.9,17,8,9,6
2026-09-26,PHC-009,Kanpur PHC-3,Kanpur,Uttar Pradesh,26.6812,73.8928,Insulin,vials,107.0,17,12,9,6
2026-08-28,PHC-009,Kanpur PHC-3,Kanpur,Uttar Pradesh,26.6812,73.8928,Amoxicillin,strips,440.8,17,6,9,5
2026-08-29,PHC-009,Kanpur PHC-3,Kanpur,Uttar Pradesh,26.6812,73.8928,Amoxicillin,strips,436.0,17,6,9,6
2026-08-30,PHC-009,Kanpur PHC-3,Kanpur,Uttar Pradesh,26.6812,73.8928,Amoxicillin,strips,433.0,17,13,9,8
2026-08-31,PHC-009,Kanpur PHC-3,Kanpur,Uttar Pradesh,26.6812,73.8928,Amoxicillin,strips,430.3,17,6,9,6
2026-09-01,PHC-009,Kanpur PHC-3,Kanpur,Uttar Pradesh,26.6812,73.8928,Amoxicillin,strips,432.1,17,12,9,8
2026-09-02,PHC-009,Kanpur PHC-3,Kanpur,Uttar Pradesh,26.6812,73.8928,Amoxicillin,strips,432.2,17,9,9,7
2026-09-03,PHC-009,Kanpur PHC-3,Kanpur,Uttar Pradesh,26.6812,73.8928,Amoxicillin,strips,422.5,17,9,9,9
2026-09-04,PHC-009,Kanpur PHC-3,Kanpur,Uttar Pradesh,26.6812,73.8928,Amoxicillin,strips,420.7,17,8,9,7
2026-09-05,PHC-009,Kanpur PHC-3,Kanpur,Uttar Pradesh,26.6812,73.8928,Amoxicillin,strips,422.4,17,11,9,8
2026-09-06,PHC-009,Kanpur PHC-3,Kanpur,Uttar Pradesh,26.6812,73.8928,Amoxicillin,strips,422.7,17,7,9,7
2026-09-07,PHC-009,Kanpur PHC-3,Kanpur,Uttar Pradesh,26.6812,73.8928,Amoxicillin,strips,422.9,17,7,9,7
2026-09-08,PHC-009,Kanpur PHC-3,Kanpur,Uttar Pradesh,26.6812,73.8928,Amoxicillin,strips,418.8,17,7,9,7
2026-09-09,PHC-009,Kanpur PHC-3,Kanpur,Uttar Pradesh,26.6812,73.8928,Amoxicillin,strips,421.1,17,11,9,6
2026-09-10,PHC-009,Kanpur PHC-3,Kanpur,Uttar Pradesh,26.6812,73.8928,Amoxicillin,strips,422.3,17,8,9,7
2026-09-11,PHC-009,Kanpur PHC-3,Kanpur,Uttar Pradesh,26.6812,73.8928,Amoxicillin,strips,421.0,17,10,9,9
2026-09-12,PHC-009,Kanpur PHC-3,Kanpur,Uttar Pradesh,26.6812,73.8928,Amoxicillin,strips,425.3,17,11,9,5
2026-09-13,PHC-009,Kanpur PHC-3,Kanpur,Uttar Pradesh,26.6812,73.8928,Amoxicillin,strips,421.2,17,8,9,7
2026-09-14,PHC-009,Kanpur PHC-3,Kanpur,Uttar Pradesh,26.6812,73.8928,Amoxicillin,strips,426.2,17,10,9,7
2026-09-15,PHC-009,Kanpur PHC-3,Kanpur,Uttar Pradesh,26.6812,73.8928,Amoxicillin,strips,426.5,17,10,9,7
2026-09-16,PHC-009,Kanpur PHC-3,Kanpur,Uttar Pradesh,26.6812,73.8928,Amoxicillin,strips,432.0,17,12,9,6
2026-09-17,PHC-009,Kanpur PHC-3,Kanpur,Uttar Pradesh,26.6812,73.8928,Amoxicillin,strips,431.8,17,8,9,8
2026-09-18,PHC-009,Kanpur PHC-3,Kanpur,Uttar Pradesh,26.6812,73.8928,Amoxicillin,strips,427.4,17,13,9,7
2026-09-19,PHC-009,Kanpur PHC-3,Kanpur,Uttar Pradesh,26.6812,73.8928,Amoxicillin,strips,427.2,17,10,9,8
2026-09-20,PHC-009,Kanpur PHC-3,Kanpur,Uttar Pradesh,26.6812,73.8928,Amoxicillin,strips,429.4,17,10,9,6
2026-09-21,PHC-009,Kanpur PHC-3,Kanpur,Uttar Pradesh,26.6812,73.8928,Amoxicillin,strips,436.1,17,13,9,8
2026-09-22,PHC-009,Kanpur PHC-3,Kanpur,Uttar Pradesh,26.6812,73.8928,Amoxicillin,strips,442.4,17,11,9,6
2026-09-23,PHC-009,Kanpur PHC-3,Kanpur,Uttar Pradesh,26.6812,73.8928,Amoxicillin,strips,443.7,17,9,9,6
2026-09-24,PHC-009,Kanpur PHC-3,Kanpur,Uttar Pradesh,26.6812,73.8928,Amoxicillin,strips,436.7,17,11,9,6
2026-09-25,PHC-009,Kanpur PHC-3,Kanpur,Uttar Pradesh,26.6812,73.8928,Amoxicillin,strips,435.3,17,9,9,6
2026-09-26,PHC-009,Kanpur PHC-3,Kanpur,Uttar Pradesh,26.6812,73.8928,Amoxicillin,strips,443.0,17,13,9,8
2026-08-28,PHC-009,Kanpur PHC-3,Kanpur,Uttar Pradesh,26.6812,73.8928,Iron Folic Acid Tablets,strips,497.1,17,10,9,5
2026-08-29,PHC-009,Kanpur PHC-3,Kanpur,Uttar Pradesh,26.6812,73.8928,Iron Folic Acid Tablets,strips,506.0,17,10,9,5
2026-08-30,PHC-009,Kanpur PHC-3,Kanpur,Uttar Pradesh,26.6812,73.8928,Iron Folic Acid Tablets,strips,499.4,17,8,9,8
2026-08-31,PHC-009,Kanpur PHC-3,Kanpur,Uttar Pradesh,26.6812,73.8928,Iron Folic Acid Tablets,strips,497.8,17,8,9,7
2026-09-01,PHC-009,Kanpur PHC-3,Kanpur,Uttar Pradesh,26.6812,73.8928,Iron Folic Acid Tablets,strips,491.7,17,9,9,8
2026-09-02,PHC-009,Kanpur PHC-3,Kanpur,Uttar Pradesh,26.6812,73.8928,Iron Folic Acid Tablets,strips,481.0,17,12,9,4
2026-09-03,PHC-009,Kanpur PHC-3,Kanpur,Uttar Pradesh,26.6812,73.8928,Iron Folic Acid Tablets,strips,477.1,17,10,9,8
2026-09-04,PHC-009,Kanpur PHC-3,Kanpur,Uttar Pradesh,26.6812,73.8928,Iron Folic Acid Tablets,strips,471.3,17,11,9,7
2026-09-05,PHC-009,Kanpur PHC-3,Kanpur,Uttar Pradesh,26.6812,73.8928,Iron Folic Acid Tablets,strips,484.0,17,6,9,8
2026-09-06,PHC-009,Kanpur PHC-3,Kanpur,Uttar Pradesh,26.6812,73.8928,Iron Folic Acid Tablets,strips,485.3,17,8,9,8
2026-09-07,PHC-009,Kanpur PHC-3,Kanpur,Uttar Pradesh,26.6812,73.8928,Iron Folic Acid Tablets,strips,484.9,17,8,9,6
2026-09-08,PHC-009,Kanpur PHC-3,Kanpur,Uttar Pradesh,26.6812,73.8928,Iron Folic Acid Tablets,strips,494.1,17,9,9,8
2026-09-09,PHC-009,Kanpur PHC-3,Kanpur,Uttar Pradesh,26.6812,73.8928,Iron Folic Acid Tablets,strips,488.7,17,9,9,7
2026-09-10,PHC-009,Kanpur PHC-3,Kanpur,Uttar Pradesh,26.6812,73.8928,Iron Folic Acid Tablets,strips,491.4,17,10,9,5
2026-09-11,PHC-009,Kanpur PHC-3,Kanpur,Uttar Pradesh,26.6812,73.8928,Iron Folic Acid Tablets,strips,493.2,17,8,9,8
2026-09-12,PHC-009,Kanpur PHC-3,Kanpur,Uttar Pradesh,26.6812,73.8928,Iron Folic Acid Tablets,strips,488.1,17,6,9,9
2026-09-13,PHC-009,Kanpur PHC-3,Kanpur,Uttar Pradesh,26.6812,73.8928,Iron Folic Acid Tablets,strips,486.7,17,7,9,7
2026-09-14,PHC-009,Kanpur PHC-3,Kanpur,Uttar Pradesh,26.6812,73.8928,Iron Folic Acid Tablets,strips,492.6,17,8,9,8
2026-09-15,PHC-009,Kanpur PHC-3,Kanpur,Uttar Pradesh,26.6812,73.8928,Iron Folic Acid Tablets,strips,487.4,17,9,9,4
2026-09-16,PHC-009,Kanpur PHC-3,Kanpur,Uttar Pradesh,26.6812,73.8928,Iron Folic Acid Tablets,strips,486.0,17,12,9,5
2026-09-17,PHC-009,Kanpur PHC-3,Kanpur,Uttar Pradesh,26.6812,73.8928,Iron Folic Acid Tablets,strips,490.8,17,13,9,7
2026-09-18,PHC-009,Kanpur PHC-3,Kanpur,Uttar Pradesh,26.6812,73.8928,Iron Folic Acid Tablets,strips,483.5,17,12,9,6
2026-09-19,PHC-009,Kanpur PHC-3,Kanpur,Uttar Pradesh,26.6812,73.8928,Iron Folic Acid Tablets,strips,473.5,17,10,9,6
2026-09-20,PHC-009,Kanpur PHC-3,Kanpur,Uttar Pradesh,26.6812,73.8928,Iron Folic Acid Tablets,strips,461.0,17,4,9,9
2026-09-21,PHC-009,Kanpur PHC-3,Kanpur,Uttar Pradesh,26.6812,73.8928,Iron Folic Acid Tablets,strips,457.2,17,7,9,7
2026-09-22,PHC-009,Kanpur PHC-3,Kanpur,Uttar Pradesh,26.6812,73.8928,Iron Folic Acid Tablets,strips,460.6,17,10,9,8
2026-09-23,PHC-009,Kanpur PHC-3,Kanpur,Uttar Pradesh,26.6812,73.8928,Iron Folic Acid Tablets,strips,460.7,17,10,9,7
2026-09-24,PHC-009,Kanpur PHC-3,Kanpur,Uttar Pradesh,26.6812,73.8928,Iron Folic Acid Tablets,strips,461.2,17,10,9,6
2026-09-25,PHC-009,Kanpur PHC-3,Kanpur,Uttar Pradesh,26.6812,73.8928,Iron Folic Acid Tablets,strips,458.0,17,9,9,7
2026-09-26,PHC-009,Kanpur PHC-3,Kanpur,Uttar Pradesh,26.6812,73.8928,Iron Folic Acid Tablets,strips,440.2,17,12,9,6
2026-08-28,PHC-010,Patna PHC-1,Patna,Bihar,9.0513,73.0858,Paracetamol,units,528.6,24,21,11,9
2026-08-29,PHC-010,Patna PHC-1,Patna,Bihar,9.0513,73.0858,Paracetamol,units,503.2,24,14,11,9
2026-08-30,PHC-010,Patna PHC-1,Patna,Bihar,9.0513,73.0858,Paracetamol,units,480.5,24,17,11,8
2026-08-31,PHC-010,Patna PHC-1,Patna,Bihar,9.0513,73.0858,Paracetamol,units,451.7,24,12,11,9
2026-09-01,PHC-010,Patna PHC-1,Patna,Bihar,9.0513,73.0858,Paracetamol,units,435.2,24,16,11,10
2026-09-02,PHC-010,Patna PHC-1,Patna,Bihar,9.0513,73.0858,Paracetamol,units,418.0,24,11,11,7
2026-09-03,PHC-010,Patna PHC-1,Patna,Bihar,9.0513,73.0858,Paracetamol,units,374.1,24,15,11,9
2026-09-04,PHC-010,Patna PHC-1,Patna,Bihar,9.0513,73.0858,Paracetamol,units,345.6,24,14,11,9
2026-09-05,PHC-010,Patna PHC-1,Patna,Bihar,9.0513,73.0858,Paracetamol,units,321.8,24,18,11,11
2026-09-06,PHC-010,Patna PHC-1,Patna,Bihar,9.0513,73.0858,Paracetamol,units,290.0,24,10,11,8
2026-09-07,PHC-010,Patna PHC-1,Patna,Bihar,9.0513,73.0858,Paracetamol,units,260.6,24,18,11,9
2026-09-08,PHC-010,Patna PHC-1,Patna,Bihar,9.0513,73.0858,Paracetamol,units,245.5,24,11,11,10
2026-09-09,PHC-010,Patna PHC-1,Patna,Bihar,9.0513,73.0858,Paracetamol,units,206.5,24,13,11,10
2026-09-10,PHC-010,Patna PHC-1,Patna,Bihar,9.0513,73.0858,Paracetamol,units,179.3,24,13,11,9
2026-09-11,PHC-010,Patna PHC-1,Patna,Bihar,9.0513,73.0858,Paracetamol,units,158.8,24,20,11,10
2026-09-12,PHC-010,Patna PHC-1,Patna,Bihar,9.0513,73.0858,Paracetamol,units,126.8,24,13,11,8
2026-09-13,PHC-010,Patna PHC-1,Patna,Bihar,9.0513,73.0858,Paracetamol,units,102.7,24,15,11,7
2026-09-14,PHC-010,Patna PHC-1,Patna,Bihar,9.0513,73.0858,Paracetamol,units,68.1,24,14,11,8
2026-09-15,PHC-010,Patna PHC-1,Patna,Bihar,9.0513,73.0858,Paracetamol,units,50.0,24,16,11,10
2026-09-16,PHC-010,Patna PHC-1,Patna,Bihar,9.0513,73.0858,Paracetamol,units,33.1,24,14,11,8
2026-09-17,PHC-010,Patna PHC-1,Patna,Bihar,9.0513,73.0858,Paracetamol,units,0.0,24,14,11,7
2026-09-18,PHC-010,Patna PHC-1,Patna,Bihar,9.0513,73.0858,Paracetamol,units,0.0,24,13,11,9
2026-09-19,PHC-010,Patna PHC-1,Patna,Bihar,9.0513,73.0858,Paracetamol,units,0.0,24,12,11,9
2026-09-20,PHC-010,Patna PHC-1,Patna,Bihar,9.0513,73.0858,Paracetamol,units,0.0,24,4,11,8
2026-09-21,PHC-010,Patna PHC-1,Patna,Bihar,9.0513,73.0858,Paracetamol,units,0.0,24,8,11,9
2026-09-22,PHC-010,Patna PHC-1,Patna,Bihar,9.0513,73.0858,Paracetamol,units,0.0,24,11,11,9
2026-09-23,PHC-010,Patna PHC-1,Patna,Bihar,9.0513,73.0858,Paracetamol,units,0.0,24,20,11,9
2026-09-24,PHC-010,Patna PHC-1,Patna,Bihar,9.0513,73.0858,Paracetamol,units,0.0,24,19,11,10
2026-09-25,PHC-010,Patna PHC-1,Patna,Bihar,9.0513,73.0858,Paracetamol,units,0.0,24,12,11,9
2026-09-26,PHC-010,Patna PHC-1,Patna,Bihar,9.0513,73.0858,Paracetamol,units,0.0,24,6,11,9
2026-08-28,PHC-010,Patna PHC-1,Patna,Bihar,9.0513,73.0858,ORS Sachets,packets,196.9,24,11,11,8
2026-08-29,PHC-010,Patna PHC-1,Patna,Bihar,9.0513,73.0858,ORS Sachets,packets,188.3,24,10,11,10
2026-08-30,PHC-010,Patna PHC-1,Patna,Bihar,9.0513,73.0858,ORS Sachets,packets,177.7,24,17,11,9
2026-08-31,PHC-010,Patna PHC-1,Patna,Bihar,9.0513,73.0858,ORS Sachets,packets,169.2,24,10,11,11
2026-09-01,PHC-010,Patna PHC-1,Patna,Bihar,9.0513,73.0858,ORS Sachets,packets,163.3,24,22,11,11
2026-09-02,PHC-010,Patna PHC-1,Patna,Bihar,9.0513,73.0858,ORS Sachets,packets,154.6,24,12,11,8
2026-09-03,PHC-010,Patna PHC-1,Patna,Bihar,9.0513,73.0858,ORS Sachets,packets,150.6,24,14,11,11
2026-09-04,PHC-010,Patna PHC-1,Patna,Bihar,9.0513,73.0858,ORS Sachets,packets,145.2,24,15,11,10
2026-09-05,PHC-010,Patna PHC-1,Patna,Bihar,9.0513,73.0858,ORS Sachets,packets,139.4,24,17,11,9
2026-09-06,PHC-010,Patna PHC-1,Patna,Bihar,9.0513,73.0858,ORS Sachets,packets,132.8,24,14,11,9
2026-09-07,PHC-010,Patna PHC-1,Patna,Bihar,9.0513,73.0858,ORS Sachets,packets,121.7,24,16,11,11
2026-09-08,PHC-010,Patna PHC-1,Patna,Bihar,9.0513,73.0858,ORS Sachets,packets,117.2,24,14,11,7
2026-09-09,PHC-010,Patna PHC-1,Patna,Bihar,9.0513,73.0858,ORS Sachets,packets,112.9,24,13,11,9
2026-09-10,PHC-010,Patna PHC-1,Patna,Bihar,9.0513,73.0858,ORS Sachets,packets,104.3,24,11,11,7
2026-09-11,PHC-010,Patna PHC-1,Patna,Bihar,9.0513,73.0858,ORS Sachets,packets,97.8,24,13,11,7
2026-09-12,PHC-010,Patna PHC-1,Patna,Bihar,9.0513,73.0858,ORS Sachets,packets,91.9,24,12,11,7
2026-09-13,PHC-010,Patna PHC-1,Patna,Bihar,9.0513,73.0858,ORS Sachets,packets,82.0,24,17,11,8
2026-09-14,PHC-010,Patna PHC-1,Patna,Bihar,9.0513,73.0858,ORS Sachets,packets,71.6,24,16,11,8
2026-09-15,PHC-010,Patna PHC-1,Patna,Bihar,9.0513,73.0858,ORS Sachets,packets,67.4,24,18,11,10
2026-09-16,PHC-010,Patna PHC-1,Patna,Bihar,9.0513,73.0858,ORS Sachets,packets,61.2,24,17,11,6
2026-09-17,PHC-010,Patna PHC-1,Patna,Bihar,9.0513,73.0858,ORS Sachets,packets,51.4,24,15,11,10
2026-09-18,PHC-010,Patna PHC-1,Patna,Bihar,9.0513,73.0858,ORS Sachets,packets,40.4,24,14,11,9
2026-09-19,PHC-010,Patna PHC-1,Patna,Bihar,9.0513,73.0858,ORS Sachets,packets,31.4,24,13,11,10
2026-09-20,PHC-010,Patna PHC-1,Patna,Bihar,9.0513,73.0858,ORS Sachets,packets,22.9,24,12,11,11
2026-09-21,PHC-010,Patna PHC-1,Patna,Bihar,9.0513,73.0858,ORS Sachets,packets,12.6,24,13,11,8
2026-09-22,PHC-010,Patna PHC-1,Patna,Bihar,9.0513,73.0858,ORS Sachets,packets,7.6,24,11,11,9
2026-09-23,PHC-010,Patna PHC-1,Patna,Bihar,9.0513,73.0858,ORS Sachets,packets,0.0,24,11,11,10
2026-09-24,PHC-010,Patna PHC-1,Patna,Bihar,9.0513,73.0858,ORS Sachets,packets,0.0,24,18,11,9
2026-09-25,PHC-010,Patna PHC-1,Patna,Bihar,9.0513,73.0858,ORS Sachets,packets,0.0,24,13,11,10
2026-09-26,PHC-010,Patna PHC-1,Patna,Bihar,9.0513,73.0858,ORS Sachets,packets,0.0,24,11,11,9
2026-08-28,PHC-010,Patna PHC-1,Patna,Bihar,9.0513,73.0858,Insulin,vials,78.4,24,9,11,9
2026-08-29,PHC-010,Patna PHC-1,Patna,Bihar,9.0513,73.0858,Insulin,vials,77.3,24,15,11,9
2026-08-30,PHC-010,Patna PHC-1,Patna,Bihar,9.0513,73.0858,Insulin,vials,77.7,24,16,11,8
2026-08-31,PHC-010,Patna PHC-1,Patna,Bihar,9.0513,73.0858,Insulin,vials,76.3,24,7,11,10
2026-09-01,PHC-010,Patna PHC-1,Patna,Bihar,9.0513,73.0858,Insulin,vials,77.1,24,18,11,8
2026-09-02,PHC-010,Patna PHC-1,Patna,Bihar,9.0513,73.0858,Insulin,vials,76.8,24,7,11,9
2026-09-03,PHC-010,Patna PHC-1,Patna,Bihar,9.0513,73.0858,Insulin,vials,76.5,24,21,11,7
2026-09-04,PHC-010,Patna PHC-1,Patna,Bihar,9.0513,73.0858,Insulin,vials,75.8,24,17,11,9
2026-09-05,PHC-010,Patna PHC-1,Patna,Bihar,9.0513,73.0858,Insulin,vials,74.6,24,11,11,10
2026-09-06,PHC-010,Patna PHC-1,Patna,Bihar,9.0513,73.0858,Insulin,vials,75.1,24,11,11,9
2026-09-07,PHC-010,Patna PHC-1,Patna,Bihar,9.0513,73.0858,Insulin,vials,75.2,24,19,11,8
2026-09-08,PHC-010,Patna PHC-1,Patna,Bihar,9.0513,73.0858,Insulin,vials,75.5,24,15,11,8
2026-09-09,PHC-010,Patna PHC-1,Patna,Bihar,9.0513,73.0858,Insulin,vials,76.8,24,18,11,11
2026-09-10,PHC-010,Patna PHC-1,Patna,Bihar,9.0513,73.0858,Insulin,vials,76.9,24,13,11,10
2026-09-11,PHC-010,Patna PHC-1,Patna,Bihar,9.0513,73.0858,Insulin,vials,76.3,24,10,11,9
2026-09-12,PHC-010,Patna PHC-1,Patna,Bihar,9.0513,73.0858,Insulin,vials,76.3,24,18,11,10
2026-09-13,PHC-010,Patna PHC-1,Patna,Bihar,9.0513,73.0858,Insulin,vials,73.9,24,15,11,10
2026-09-14,PHC-010,Patna PHC-1,Patna,Bihar,9.0513,73.0858,Insulin,vials,73.4,24,11,11,9
2026-09-15,PHC-010,Patna PHC-1,Patna,Bihar,9.0513,73.0858,Insulin,vials,75.5,24,11,11,9
2026-09-16,PHC-010,Patna PHC-1,Patna,Bihar,9.0513,73.0858,Insulin,vials,75.9,24,15,11,9
2026-09-17,PHC-010,Patna PHC-1,Patna,Bihar,9.0513,73.0858,Insulin,vials,76.6,24,10,11,10
2026-09-18,PHC-010,Patna PHC-1,Patna,Bihar,9.0513,73.0858,Insulin,vials,77.0,24,18,11,9
2026-09-19,PHC-010,Patna PHC-1,Patna,Bihar,9.0513,73.0858,Insulin,vials,77.0,24,7,11,9
2026-09-20,PHC-010,Patna PHC-1,Patna,Bihar,9.0513,73.0858,Insulin,vials,76.4,24,19,11,9
2026-09-21,PHC-010,Patna PHC-1,Patna,Bihar,9.0513,73.0858,Insulin,vials,76.0,24,15,11,10
2026-09-22,PHC-010,Patna PHC-1,Patna,Bihar,9.0513,73.0858,Insulin,vials,75.7,24,14,11,10
2026-09-23,PHC-010,Patna PHC-1,Patna,Bihar,9.0513,73.0858,Insulin,vials,75.7,24,12,11,9
2026-09-24,PHC-010,Patna PHC-1,Patna,Bihar,9.0513,73.0858,Insulin,vials,75.7,24,21,11,8
2026-09-25,PHC-010,Patna PHC-1,Patna,Bihar,9.0513,73.0858,Insulin,vials,78.1,24,12,11,11
2026-09-26,PHC-010,Patna PHC-1,Patna,Bihar,9.0513,73.0858,Insulin,vials,79.4,24,17,11,9
2026-08-28,PHC-010,Patna PHC-1,Patna,Bihar,9.0513,73.0858,Amoxicillin,strips,284.3,24,17,11,9
2026-08-29,PHC-010,Patna PHC-1,Patna,Bihar,9.0513,73.0858,Amoxicillin,strips,270.0,24,19,11,8
2026-08-30,PHC-010,Patna PHC-1,Patna,Bihar,9.0513,73.0858,Amoxicillin,strips,260.7,24,17,11,10
2026-08-31,PHC-010,Patna PHC-1,Patna,Bihar,9.0513,73.0858,Amoxicillin,strips,254.4,24,11,11,9
2026-09-01,PHC-010,Patna PHC-1,Patna,Bihar,9.0513,73.0858,Amoxicillin,strips,245.8,24,18,11,7
2026-09-02,PHC-010,Patna PHC-1,Patna,Bihar,9.0513,73.0858,Amoxicillin,strips,238.8,24,11,11,9
2026-09-03,PHC-010,Patna PHC-1,Patna,Bihar,9.0513,73.0858,Amoxicillin,strips,227.6,24,9,11,7
2026-09-04,PHC-010,Patna PHC-1,Patna,Bihar,9.0513,73.0858,Amoxicillin,strips,215.4,24,15,11,10
2026-09-05,PHC-010,Patna PHC-1,Patna,Bihar,9.0513,73.0858,Amoxicillin,strips,207.1,24,18,11,7
2026-09-06,PHC-010,Patna PHC-1,Patna,Bihar,9.0513,73.0858,Amoxicillin,strips,193.1,24,13,11,10
2026-09-07,PHC-010,Patna PHC-1,Patna,Bihar,9.0513,73.0858,Amoxicillin,strips,179.2,24,14,11,9
2026-09-08,PHC-010,Patna PHC-1,Patna,Bihar,9.0513,73.0858,Amoxicillin,strips,167.7,24,8,11,9
2026-09-09,PHC-010,Patna PHC-1,Patna,Bihar,9.0513,73.0858,Amoxicillin,strips,152.5,24,16,11,10
2026-09-10,PHC-010,Patna PHC-1,Patna,Bihar,9.0513,73.0858,Amoxicillin,strips,141.0,24,12,11,10
2026-09-11,PHC-010,Patna PHC-1,Patna,Bihar,9.0513,73.0858,Amoxicillin,strips,125.7,24,8,11,10
2026-09-12,PHC-010,Patna PHC-1,Patna,Bihar,9.0513,73.0858,Amoxicillin,strips,115.8,24,13,11,7
2026-09-13,PHC-010,Patna PHC-1,Patna,Bihar,9.0513,73.0858,Amoxicillin,strips,106.9,24,10,11,9
2026-09-14,PHC-010,Patna PHC-1,Patna,Bihar,9.0513,73.0858,Amoxicillin,strips,92.6,24,16,11,8
2026-09-15,PHC-010,Patna PHC-1,Patna,Bihar,9.0513,73.0858,Amoxicillin,strips,80.4,24,14,11,10
2026-09-16,PHC-010,Patna PHC-1,Patna,Bihar,9.0513,73.0858,Amoxicillin,strips,71.4,24,8,11,9
2026-09-17,PHC-010,Patna PHC-1,Patna,Bihar,9.0513,73.0858,Amoxicillin,strips,56.5,24,18,11,8
2026-09-18,PHC-010,Patna PHC-1,Patna,Bihar,9.0513,73.0858,Amoxicillin,strips,49.7,24,12,11,9
2026-09-19,PHC-010,Patna PHC-1,Patna,Bihar,9.0513,73.0858,Amoxicillin,strips,43.0,24,16,11,9
2026-09-20,PHC-010,Patna PHC-1,Patna,Bihar,9.0513,73.0858,Amoxicillin,strips,28.8,24,17,11,9
2026-09-21,PHC-010,Patna PHC-1,Patna,Bihar,9.0513,73.0858,Amoxicillin,strips,13.4,24,11,11,7
2026-09-22,PHC-010,Patna PHC-1,Patna,Bihar,9.0513,73.0858,Amoxicillin,strips,0.4,24,19,11,9
2026-09-23,PHC-010,Patna PHC-1,Patna,Bihar,9.0513,73.0858,Amoxicillin,strips,0.0,24,11,11,11
2026-09-24,PHC-010,Patna PHC-1,Patna,Bihar,9.0513,73.0858,Amoxicillin,strips,0.0,24,11,11,10
2026-09-25,PHC-010,Patna PHC-1,Patna,Bihar,9.0513,73.0858,Amoxicillin,strips,0.0,24,18,11,10
2026-09-26,PHC-010,Patna PHC-1,Patna,Bihar,9.0513,73.0858,Amoxicillin,strips,0.0,24,16,11,9
2026-08-28,PHC-010,Patna PHC-1,Patna,Bihar,9.0513,73.0858,Iron Folic Acid Tablets,strips,668.3,24,17,11,11
2026-08-29,PHC-010,Patna PHC-1,Patna,Bihar,9.0513,73.0858,Iron Folic Acid Tablets,strips,674.0,24,13,11,8
2026-08-30,PHC-010,Patna PHC-1,Patna,Bihar,9.0513,73.0858,Iron Folic Acid Tablets,strips,671.6,24,15,11,8
2026-08-31,PHC-010,Patna PHC-1,Patna,Bihar,9.0513,73.0858,Iron Folic Acid Tablets,strips,675.1,24,17,11,8
2026-09-01,PHC-010,Patna PHC-1,Patna,Bihar,9.0513,73.0858,Iron Folic Acid Tablets,strips,672.6,24,14,11,11
2026-09-02,PHC-010,Patna PHC-1,Patna,Bihar,9.0513,73.0858,Iron Folic Acid Tablets,strips,677.1,24,21,11,8
2026-09-03,PHC-010,Patna PHC-1,Patna,Bihar,9.0513,73.0858,Iron Folic Acid Tablets,strips,673.0,24,13,11,6
2026-09-04,PHC-010,Patna PHC-1,Patna,Bihar,9.0513,73.0858,Iron Folic Acid Tablets,strips,671.3,24,17,11,9
2026-09-05,PHC-010,Patna PHC-1,Patna,Bihar,9.0513,73.0858,Iron Folic Acid Tablets,strips,673.3,24,17,11,8
2026-09-06,PHC-010,Patna PHC-1,Patna,Bihar,9.0513,73.0858,Iron Folic Acid Tablets,strips,661.0,24,10,11,8
2026-09-07,PHC-010,Patna PHC-1,Patna,Bihar,9.0513,73.0858,Iron Folic Acid Tablets,strips,656.7,24,12,11,7
2026-09-08,PHC-010,Patna PHC-1,Patna,Bihar,9.0513,73.0858,Iron Folic Acid Tablets,strips,659.0,24,15,11,9
2026-09-09,PHC-010,Patna PHC-1,Patna,Bihar,9.0513,73.0858,Iron Folic Acid Tablets,strips,667.7,24,8,11,8
2026-09-10,PHC-010,Patna PHC-1,Patna,Bihar,9.0513,73.0858,Iron Folic Acid Tablets,strips,665.5,24,14,11,11
2026-09-11,PHC-010,Patna PHC-1,Patna,Bihar,9.0513,73.0858,Iron Folic Acid Tablets,strips,659.0,24,16,11,10
2026-09-12,PHC-010,Patna PHC-1,Patna,Bihar,9.0513,73.0858,Iron Folic Acid Tablets,strips,666.2,24,13,11,7
2026-09-13,PHC-010,Patna PHC-1,Patna,Bihar,9.0513,73.0858,Iron Folic Acid Tablets,strips,667.4,24,13,11,9
2026-09-14,PHC-010,Patna PHC-1,Patna,Bihar,9.0513,73.0858,Iron Folic Acid Tablets,strips,670.0,24,14,11,9
2026-09-15,PHC-010,Patna PHC-1,Patna,Bihar,9.0513,73.0858,Iron Folic Acid Tablets,strips,662.0,24,11,11,6
2026-09-16,PHC-010,Patna PHC-1,Patna,Bihar,9.0513,73.0858,Iron Folic Acid Tablets,strips,655.7,24,14,11,9
2026-09-17,PHC-010,Patna PHC-1,Patna,Bihar,9.0513,73.0858,Iron Folic Acid Tablets,strips,650.9,24,14,11,11
2026-09-18,PHC-010,Patna PHC-1,Patna,Bihar,9.0513,73.0858,Iron Folic Acid Tablets,strips,659.0,24,15,11,8
2026-09-19,PHC-010,Patna PHC-1,Patna,Bihar,9.0513,73.0858,Iron Folic Acid Tablets,strips,658.1,24,16,11,8
2026-09-20,PHC-010,Patna PHC-1,Patna,Bihar,9.0513,73.0858,Iron Folic Acid Tablets,strips,659.4,24,15,11,9
2026-09-21,PHC-010,Patna PHC-1,Patna,Bihar,9.0513,73.0858,Iron Folic Acid Tablets,strips,651.1,24,20,11,11
2026-09-22,PHC-010,Patna PHC-1,Patna,Bihar,9.0513,73.0858,Iron Folic Acid Tablets,strips,639.9,24,11,11,9
2026-09-23,PHC-010,Patna PHC-1,Patna,Bihar,9.0513,73.0858,Iron Folic Acid Tablets,strips,635.6,24,13,11,9
2026-09-24,PHC-010,Patna PHC-1,Patna,Bihar,9.0513,73.0858,Iron Folic Acid Tablets,strips,633.7,24,8,11,10
2026-09-25,PHC-010,Patna PHC-1,Patna,Bihar,9.0513,73.0858,Iron Folic Acid Tablets,strips,633.1,24,15,11,8
2026-09-26,PHC-010,Patna PHC-1,Patna,Bihar,9.0513,73.0858,Iron Folic Acid Tablets,strips,640.4,24,15,11,9
2026-08-28,PHC-011,Patna PHC-2,Patna,Bihar,25.8743,89.3502,Paracetamol,units,342.3,18,11,8,6
2026-08-29,PHC-011,Patna PHC-2,Patna,Bihar,25.8743,89.3502,Paracetamol,units,345.2,18,10,8,5
2026-08-30,PHC-011,Patna PHC-2,Patna,Bihar,25.8743,89.3502,Paracetamol,units,352.1,18,11,8,7
2026-08-31,PHC-011,Patna PHC-2,Patna,Bihar,25.8743,89.3502,Paracetamol,units,359.1,18,12,8,7
2026-09-01,PHC-011,Patna PHC-2,Patna,Bihar,25.8743,89.3502,Paracetamol,units,366.1,18,8,8,7
2026-09-02,PHC-011,Patna PHC-2,Patna,Bihar,25.8743,89.3502,Paracetamol,units,369.3,18,15,8,8
2026-09-03,PHC-011,Patna PHC-2,Patna,Bihar,25.8743,89.3502,Paracetamol,units,375.2,18,11,8,6
2026-09-04,PHC-011,Patna PHC-2,Patna,Bihar,25.8743,89.3502,Paracetamol,units,381.3,18,10,8,6
2026-09-05,PHC-011,Patna PHC-2,Patna,Bihar,25.8743,89.3502,Paracetamol,units,388.3,18,12,8,7
2026-09-06,PHC-011,Patna PHC-2,Patna,Bihar,25.8743,89.3502,Paracetamol,units,391.7,18,8,8,8
2026-09-07,PHC-011,Patna PHC-2,Patna,Bihar,25.8743,89.3502,Paracetamol,units,399.0,18,9,8,6
2026-09-08,PHC-011,Patna PHC-2,Patna,Bihar,25.8743,89.3502,Paracetamol,units,405.3,18,10,8,7
2026-09-09,PHC-011,Patna PHC-2,Patna,Bihar,25.8743,89.3502,Paracetamol,units,410.9,18,11,8,7
2026-09-10,PHC-011,Patna PHC-2,Patna,Bihar,25.8743,89.3502,Paracetamol,units,414.6,18,9,8,8
2026-09-11,PHC-011,Patna PHC-2,Patna,Bihar,25.8743,89.3502,Paracetamol,units,421.6,18,0,8,7
2026-09-12,PHC-011,Patna PHC-2,Patna,Bihar,25.8743,89.3502,Paracetamol,units,425.9,18,5,8,8
2026-09-13,PHC-011,Patna PHC-2,Patna,Bihar,25.8743,89.3502,Paracetamol,units,432.1,18,13,8,6
2026-09-14,PHC-011,Patna PHC-2,Patna,Bihar,25.8743,89.3502,Paracetamol,units,435.8,18,12,8,8
2026-09-15,PHC-011,Patna PHC-2,Patna,Bihar,25.8743,89.3502,Paracetamol,units,438.5,18,12,8,6
2026-09-16,PHC-011,Patna PHC-2,Patna,Bihar,25.8743,89.3502,Paracetamol,units,444.7,18,12,8,8
2026-09-17,PHC-011,Patna PHC-2,Patna,Bihar,25.8743,89.3502,Paracetamol,units,452.1,18,5,8,4
2026-09-18,PHC-011,Patna PHC-2,Patna,Bihar,25.8743,89.3502,Paracetamol,units,455.8,18,6,8,6
2026-09-19,PHC-011,Patna PHC-2,Patna,Bihar,25.8743,89.3502,Paracetamol,units,462.4,18,6,8,7
2026-09-20,PHC-011,Patna PHC-2,Patna,Bihar,25.8743,89.3502,Paracetamol,units,469.0,18,9,8,6
2026-09-21,PHC-011,Patna PHC-2,Patna,Bihar,25.8743,89.3502,Paracetamol,units,472.1,18,9,8,6
2026-09-22,PHC-011,Patna PHC-2,Patna,Bihar,25.8743,89.3502,Paracetamol,units,477.2,18,11,8,7
2026-09-23,PHC-011,Patna PHC-2,Patna,Bihar,25.8743,89.3502,Paracetamol,units,481.7,18,11,8,8
2026-09-24,PHC-011,Patna PHC-2,Patna,Bihar,25.8743,89.3502,Paracetamol,units,488.0,18,11,8,6
2026-09-25,PHC-011,Patna PHC-2,Patna,Bihar,25.8743,89.3502,Paracetamol,units,494.1,18,12,8,6
2026-09-26,PHC-011,Patna PHC-2,Patna,Bihar,25.8743,89.3502,Paracetamol,units,496.9,18,10,8,6
2026-08-28,PHC-011,Patna PHC-2,Patna,Bihar,25.8743,89.3502,ORS Sachets,packets,321.1,18,11,8,7
2026-08-29,PHC-011,Patna PHC-2,Patna,Bihar,25.8743,89.3502,ORS Sachets,packets,306.7,18,9,8,8
2026-08-30,PHC-011,Patna PHC-2,Patna,Bihar,25.8743,89.3502,ORS Sachets,packets,290.3,18,8,8,5
2026-08-31,PHC-011,Patna PHC-2,Patna,Bihar,25.8743,89.3502,ORS Sachets,packets,268.3,18,14,8,8
2026-09-01,PHC-011,Patna PHC-2,Patna,Bihar,25.8743,89.3502,ORS Sachets,packets,256.5,18,8,8,8
2026-09-02,PHC-011,Patna PHC-2,Patna,Bihar,25.8743,89.3502,ORS Sachets,packets,238.0,18,10,8,8
2026-09-03,PHC-011,Patna PHC-2,Patna,Bihar,25.8743,89.3502,ORS Sachets,packets,223.6,18,16,8,7
2026-09-04,PHC-011,Patna PHC-2,Patna,Bihar,25.8743,89.3502,ORS Sachets,packets,204.7,18,9,8,4
2026-09-05,PHC-011,Patna PHC-2,Patna,Bihar,25.8743,89.3502,ORS Sachets,packets,186.5,18,13,8,7
2026-09-06,PHC-011,Patna PHC-2,Patna,Bihar,25.8743,89.3502,ORS Sachets,packets,170.7,18,8,8,7
2026-09-07,PHC-011,Patna PHC-2,Patna,Bihar,25.8743,89.3502,ORS Sachets,packets,151.5,18,11,8,7
2026-09-08,PHC-011,Patna PHC-2,Patna,Bihar,25.8743,89.3502,ORS Sachets,packets,125.6,18,13,8,3
2026-09-09,PHC-011,Patna PHC-2,Patna,Bihar,25.8743,89.3502,ORS Sachets,packets,102.4,18,17,8,4
2026-09-10,PHC-011,Patna PHC-2,Patna,Bihar,25.8743,89.3502,ORS Sachets,packets,93.0,18,10,8,6
2026-09-11,PHC-011,Patna PHC-2,Patna,Bihar,25.8743,89.3502,ORS Sachets,packets,69.2,18,12,8,6
2026-09-12,PHC-011,Patna PHC-2,Patna,Bihar,25.8743,89.3502,ORS Sachets,packets,50.2,18,10,8,8
2026-09-13,PHC-011,Patna PHC-2,Patna,Bihar,25.8743,89.3502,ORS Sachets,packets,40.7,18,11,8,4
2026-09-14,PHC-011,Patna PHC-2,Patna,Bihar,25.8743,89.3502,ORS Sachets,packets,19.6,18,13,8,5
2026-09-15,PHC-011,Patna PHC-2,Patna,Bihar,25.8743,89.3502,ORS Sachets,packets,0.0,18,10,8,8
2026-09-16,PHC-011,Patna PHC-2,Patna,Bihar,25.8743,89.3502,ORS Sachets,packets,0.0,18,9,8,4
2026-09-17,PHC-011,Patna PHC-2,Patna,Bihar,25.8743,89.3502,ORS Sachets,packets,0.0,18,12,8,4
2026-09-18,PHC-011,Patna PHC-2,Patna,Bihar,25.8743,89.3502,ORS Sachets,packets,0.0,18,12,8,8
2026-09-19,PHC-011,Patna PHC-2,Patna,Bihar,25.8743,89.3502,ORS Sachets,packets,0.0,18,12,8,7
2026-09-20,PHC-011,Patna PHC-2,Patna,Bihar,25.8743,89.3502,ORS Sachets,packets,0.0,18,5,8,4
2026-09-21,PHC-011,Patna PHC-2,Patna,Bihar,25.8743,89.3502,ORS Sachets,packets,0.0,18,10,8,7
2026-09-22,PHC-011,Patna PHC-2,Patna,Bihar,25.8743,89.3502,ORS Sachets,packets,0.0,18,13,8,8
2026-09-23,PHC-011,Patna PHC-2,Patna,Bihar,25.8743,89.3502,ORS Sachets,packets,0.0,18,11,8,5
2026-09-24,PHC-011,Patna PHC-2,Patna,Bihar,25.8743,89.3502,ORS Sachets,packets,0.0,18,11,8,2
2026-09-25,PHC-011,Patna PHC-2,Patna,Bihar,25.8743,89.3502,ORS Sachets,packets,0.0,18,12,8,6
2026-09-26,PHC-011,Patna PHC-2,Patna,Bihar,25.8743,89.3502,ORS Sachets,packets,0.0,18,9,8,6
2026-08-28,PHC-011,Patna PHC-2,Patna,Bihar,25.8743,89.3502,Insulin,vials,97.4,18,14,8,7
2026-08-29,PHC-011,Patna PHC-2,Patna,Bihar,25.8743,89.3502,Insulin,vials,98.1,18,17,8,7
2026-08-30,PHC-011,Patna PHC-2,Patna,Bihar,25.8743,89.3502,Insulin,vials,98.2,18,14,8,6
2026-08-31,PHC-011,Patna PHC-2,Patna,Bihar,25.8743,89.3502,Insulin,vials,96.3,18,7,8,6
2026-09-01,PHC-011,Patna PHC-2,Patna,Bihar,25.8743,89.3502,Insulin,vials,97.2,18,12,8,5
2026-09-02,PHC-011,Patna PHC-2,Patna,Bihar,25.8743,89.3502,Insulin,vials,98.1,18,13,8,6
2026-09-03,PHC-011,Patna PHC-2,Patna,Bihar,25.8743,89.3502,Insulin,vials,98.7,18,8,8,7
2026-09-04,PHC-011,Patna PHC-2,Patna,Bihar,25.8743,89.3502,Insulin,vials,98.5,18,11,8,5
2026-09-05,PHC-011,Patna PHC-2,Patna,Bihar,25.8743,89.3502,Insulin,vials,98.1,18,7,8,7
2026-09-06,PHC-011,Patna PHC-2,Patna,Bihar,25.8743,89.3502,Insulin,vials,97.8,18,9,8,5
2026-09-07,PHC-011,Patna PHC-2,Patna,Bihar,25.8743,89.3502,Insulin,vials,97.3,18,8,8,8
2026-09-08,PHC-011,Patna PHC-2,Patna,Bihar,25.8743,89.3502,Insulin,vials,98.0,18,13,8,7
2026-09-09,PHC-011,Patna PHC-2,Patna,Bihar,25.8743,89.3502,Insulin,vials,98.1,18,10,8,7
2026-09-10,PHC-011,Patna PHC-2,Patna,Bihar,25.8743,89.3502,Insulin,vials,97.9,18,7,8,6
2026-09-11,PHC-011,Patna PHC-2,Patna,Bihar,25.8743,89.3502,Insulin,vials,96.7,18,12,8,7
2026-09-12,PHC-011,Patna PHC-2,Patna,Bihar,25.8743,89.3502,Insulin,vials,96.4,18,9,8,5
2026-09-13,PHC-011,Patna PHC-2,Patna,Bihar,25.8743,89.3502,Insulin,vials,96.6,18,8,8,6
2026-09-14,PHC-011,Patna PHC-2,Patna,Bihar,25.8743,89.3502,Insulin,vials,98.0,18,8,8,6
2026-09-15,PHC-011,Patna PHC-2,Patna,Bihar,25.8743,89.3502,Insulin,vials,97.5,18,10,8,6
2026-09-16,PHC-011,Patna PHC-2,Patna,Bihar,25.8743,89.3502,Insulin,vials,99.0,18,12,8,7
2026-09-17,PHC-011,Patna PHC-2,Patna,Bihar,25.8743,89.3502,Insulin,vials,99.5,18,10,8,8
2026-09-18,PHC-011,Patna PHC-2,Patna,Bihar,25.8743,89.3502,Insulin,vials,100.2,18,6,8,5
2026-09-19,PHC-011,Patna PHC-2,Patna,Bihar,25.8743,89.3502,Insulin,vials,101.3,18,10,8,8
2026-09-20,PHC-011,Patna PHC-2,Patna,Bihar,25.8743,89.3502,Insulin,vials,102.8,18,14,8,5
2026-09-21,PHC-011,Patna PHC-2,Patna,Bihar,25.8743,89.3502,Insulin,vials,102.6,18,12,8,6
2026-09-22,PHC-011,Patna PHC-2,Patna,Bihar,25.8743,89.3502,Insulin,vials,102.3,18,14,8,7
2026-09-23,PHC-011,Patna PHC-2,Patna,Bihar,25.8743,89.3502,Insulin,vials,102.5,18,17,8,7
2026-09-24,PHC-011,Patna PHC-2,Patna,Bihar,25.8743,89.3502,Insulin,vials,101.1,18,13,8,6
2026-09-25,PHC-011,Patna PHC-2,Patna,Bihar,25.8743,89.3502,Insulin,vials,102.8,18,13,8,8
2026-09-26,PHC-011,Patna PHC-2,Patna,Bihar,25.8743,89.3502,Insulin,vials,102.7,18,10,8,7
2026-08-28,PHC-011,Patna PHC-2,Patna,Bihar,25.8743,89.3502,Amoxicillin,strips,291.0,18,13,8,6
2026-08-29,PHC-011,Patna PHC-2,Patna,Bihar,25.8743,89.3502,Amoxicillin,strips,294.5,18,15,8,8
2026-08-30,PHC-011,Patna PHC-2,Patna,Bihar,25.8743,89.3502,Amoxicillin,strips,300.5,18,10,8,6
2026-08-31,PHC-011,Patna PHC-2,Patna,Bihar,25.8743,89.3502,Amoxicillin,strips,303.6,18,15,8,7
2026-09-01,PHC-011,Patna PHC-2,Patna,Bihar,25.8743,89.3502,Amoxicillin,strips,307.4,18,10,8,6
2026-09-02,PHC-011,Patna PHC-2,Patna,Bihar,25.8743,89.3502,Amoxicillin,strips,313.4,18,9,8,6
2026-09-03,PHC-011,Patna PHC-2,Patna,Bihar,25.8743,89.3502,Amoxicillin,strips,317.0,18,15,8,6
2026-09-04,PHC-011,Patna PHC-2,Patna,Bihar,25.8743,89.3502,Amoxicillin,strips,321.0,18,8,8,7
2026-09-05,PHC-011,Patna PHC-2,Patna,Bihar,25.8743,89.3502,Amoxicillin,strips,326.4,18,15,8,7
2026-09-06,PHC-011,Patna PHC-2,Patna,Bihar,25.8743,89.3502,Amoxicillin,strips,328.5,18,10,8,7
2026-09-07,PHC-011,Patna PHC-2,Patna,Bihar,25.8743,89.3502,Amoxicillin,strips,333.8,18,10,8,6
2026-09-08,PHC-011,Patna PHC-2,Patna,Bihar,25.8743,89.3502,Amoxicillin,strips,337.4,18,10,8,6
2026-09-09,PHC-011,Patna PHC-2,Patna,Bihar,25.8743,89.3502,Amoxicillin,strips,340.7,18,18,8,5
2026-09-10,PHC-011,Patna PHC-2,Patna,Bihar,25.8743,89.3502,Amoxicillin,strips,343.6,18,8,8,6
2026-09-11,PHC-011,Patna PHC-2,Patna,Bihar,25.8743,89.3502,Amoxicillin,strips,349.3,18,12,8,7
2026-09-12,PHC-011,Patna PHC-2,Patna,Bihar,25.8743,89.3502,Amoxicillin,strips,352.0,18,8,8,6
2026-09-13,PHC-011,Patna PHC-2,Patna,Bihar,25.8743,89.3502,Amoxicillin,strips,356.5,18,6,8,5
2026-09-14,PHC-011,Patna PHC-2,Patna,Bihar,25.8743,89.3502,Amoxicillin,strips,361.9,18,12,8,7
2026-09-15,PHC-011,Patna PHC-2,Patna,Bihar,25.8743,89.3502,Amoxicillin,strips,366.2,18,5,8,5
2026-09-16,PHC-011,Patna PHC-2,Patna,Bihar,25.8743,89.3502,Amoxicillin,strips,371.4,18,3,8,8
2026-09-17,PHC-011,Patna PHC-2,Patna,Bihar,25.8743,89.3502,Amoxicillin,strips,374.8,18,13,8,5
2026-09-18,PHC-011,Patna PHC-2,Patna,Bihar,25.8743,89.3502,Amoxicillin,strips,377.3,18,18,8,4
2026-09-19,PHC-011,Patna PHC-2,Patna,Bihar,25.8743,89.3502,Amoxicillin,strips,383.2,18,5,8,7
2026-09-20,PHC-011,Patna PHC-2,Patna,Bihar,25.8743,89.3502,Amoxicillin,strips,387.7,18,11,8,5
2026-09-21,PHC-011,Patna PHC-2,Patna,Bihar,25.8743,89.3502,Amoxicillin,strips,390.5,18,6,8,8
2026-09-22,PHC-011,Patna PHC-2,Patna,Bihar,25.8743,89.3502,Amoxicillin,strips,394.2,18,7,8,8
2026-09-23,PHC-011,Patna PHC-2,Patna,Bihar,25.8743,89.3502,Amoxicillin,strips,396.8,18,15,8,8
2026-09-24,PHC-011,Patna PHC-2,Patna,Bihar,25.8743,89.3502,Amoxicillin,strips,399.1,18,10,8,6
2026-09-25,PHC-011,Patna PHC-2,Patna,Bihar,25.8743,89.3502,Amoxicillin,strips,404.9,18,11,8,7
2026-09-26,PHC-011,Patna PHC-2,Patna,Bihar,25.8743,89.3502,Amoxicillin,strips,408.5,18,10,8,8
2026-08-28,PHC-011,Patna PHC-2,Patna,Bihar,25.8743,89.3502,Iron Folic Acid Tablets,strips,355.7,18,9,8,5
2026-08-29,PHC-011,Patna PHC-2,Patna,Bihar,25.8743,89.3502,Iron Folic Acid Tablets,strips,335.3,18,14,8,6
2026-08-30,PHC-011,Patna PHC-2,Patna,Bihar,25.8743,89.3502,Iron Folic Acid Tablets,strips,298.1,18,4,8,7
2026-08-31,PHC-011,Patna PHC-2,Patna,Bihar,25.8743,89.3502,Iron Folic Acid Tablets,strips,257.0,18,9,8,7
2026-09-01,PHC-011,Patna PHC-2,Patna,Bihar,25.8743,89.3502,Iron Folic Acid Tablets,strips,227.2,18,5,8,7
2026-09-02,PHC-011,Patna PHC-2,Patna,Bihar,25.8743,89.3502,Iron Folic Acid Tablets,strips,202.3,18,9,8,5
2026-09-03,PHC-011,Patna PHC-2,Patna,Bihar,25.8743,89.3502,Iron Folic Acid Tablets,strips,177.5,18,11,8,8
2026-09-04,PHC-011,Patna PHC-2,Patna,Bihar,25.8743,89.3502,Iron Folic Acid Tablets,strips,136.4,18,7,8,7
2026-09-05,PHC-011,Patna PHC-2,Patna,Bihar,25.8743,89.3502,Iron Folic Acid Tablets,strips,90.6,18,13,8,7
2026-09-06,PHC-011,Patna PHC-2,Patna,Bihar,25.8743,89.3502,Iron Folic Acid Tablets,strips,46.2,18,12,8,5
2026-09-07,PHC-011,Patna PHC-2,Patna,Bihar,25.8743,89.3502,Iron Folic Acid Tablets,strips,15.3,18,10,8,7
2026-09-08,PHC-011,Patna PHC-2,Patna,Bihar,25.8743,89.3502,Iron Folic Acid Tablets,strips,0.0,18,12,8,7
2026-09-09,PHC-011,Patna PHC-2,Patna,Bihar,25.8743,89.3502,Iron Folic Acid Tablets,strips,0.0,18,8,8,5
2026-09-10,PHC-011,Patna PHC-2,Patna,Bihar,25.8743,89.3502,Iron Folic Acid Tablets,strips,0.0,18,6,8,8
2026-09-11,PHC-011,Patna PHC-2,Patna,Bihar,25.8743,89.3502,Iron Folic Acid Tablets,strips,0.0,18,10,8,4
2026-09-12,PHC-011,Patna PHC-2,Patna,Bihar,25.8743,89.3502,Iron Folic Acid Tablets,strips,0.0,18,7,8,7
2026-09-13,PHC-011,Patna PHC-2,Patna,Bihar,25.8743,89.3502,Iron Folic Acid Tablets,strips,0.0,18,12,8,6
2026-09-14,PHC-011,Patna PHC-2,Patna,Bihar,25.8743,89.3502,Iron Folic Acid Tablets,strips,0.0,18,13,8,4
2026-09-15,PHC-011,Patna PHC-2,Patna,Bihar,25.8743,89.3502,Iron Folic Acid Tablets,strips,0.0,18,15,8,8
2026-09-16,PHC-011,Patna PHC-2,Patna,Bihar,25.8743,89.3502,Iron Folic Acid Tablets,strips,0.0,18,9,8,6
2026-09-17,PHC-011,Patna PHC-2,Patna,Bihar,25.8743,89.3502,Iron Folic Acid Tablets,strips,0.0,18,12,8,5
2026-09-18,PHC-011,Patna PHC-2,Patna,Bihar,25.8743,89.3502,Iron Folic Acid Tablets,strips,0.0,18,16,8,6
2026-09-19,PHC-011,Patna PHC-2,Patna,Bihar,25.8743,89.3502,Iron Folic Acid Tablets,strips,0.0,18,7,8,7
2026-09-20,PHC-011,Patna PHC-2,Patna,Bihar,25.8743,89.3502,Iron Folic Acid Tablets,strips,0.0,18,13,8,6
2026-09-21,PHC-011,Patna PHC-2,Patna,Bihar,25.8743,89.3502,Iron Folic Acid Tablets,strips,0.0,18,10,8,5
2026-09-22,PHC-011,Patna PHC-2,Patna,Bihar,25.8743,89.3502,Iron Folic Acid Tablets,strips,0.0,18,7,8,8
2026-09-23,PHC-011,Patna PHC-2,Patna,Bihar,25.8743,89.3502,Iron Folic Acid Tablets,strips,0.0,18,12,8,6
2026-09-24,PHC-011,Patna PHC-2,Patna,Bihar,25.8743,89.3502,Iron Folic Acid Tablets,strips,0.0,18,10,8,8
2026-09-25,PHC-011,Patna PHC-2,Patna,Bihar,25.8743,89.3502,Iron Folic Acid Tablets,strips,0.0,18,8,8,6
2026-09-26,PHC-011,Patna PHC-2,Patna,Bihar,25.8743,89.3502,Iron Folic Acid Tablets,strips,0.0,18,11,8,7
2026-08-28,PHC-012,Patna PHC-3,Patna,Bihar,16.891,79.3911,Paracetamol,units,348.7,25,17,6,3
2026-08-29,PHC-012,Patna PHC-3,Patna,Bihar,16.891,79.3911,Paracetamol,units,336.6,25,10,6,3
2026-08-30,PHC-012,Patna PHC-3,Patna,Bihar,16.891,79.3911,Paracetamol,units,322.7,25,16,6,5
2026-08-31,PHC-012,Patna PHC-3,Patna,Bihar,16.891,79.3911,Paracetamol,units,314.7,25,22,6,4
2026-09-01,PHC-012,Patna PHC-3,Patna,Bihar,16.891,79.3911,Paracetamol,units,302.4,25,9,6,4
2026-09-02,PHC-012,Patna PHC-3,Patna,Bihar,16.891,79.3911,Paracetamol,units,289.5,25,16,6,3
2026-09-03,PHC-012,Patna PHC-3,Patna,Bihar,16.891,79.3911,Paracetamol,units,278.4,25,9,6,6
2026-09-04,PHC-012,Patna PHC-3,Patna,Bihar,16.891,79.3911,Paracetamol,units,263.2,25,21,6,4
2026-09-05,PHC-012,Patna PHC-3,Patna,Bihar,16.891,79.3911,Paracetamol,units,248.4,25,10,6,4
2026-09-06,PHC-012,Patna PHC-3,Patna,Bihar,16.891,79.3911,Paracetamol,units,231.6,25,16,6,6
2026-09-07,PHC-012,Patna PHC-3,Patna,Bihar,16.891,79.3911,Paracetamol,units,212.9,25,11,6,6
2026-09-08,PHC-012,Patna PHC-3,Patna,Bihar,16.891,79.3911,Paracetamol,units,201.5,25,13,6,4
2026-09-09,PHC-012,Patna PHC-3,Patna,Bihar,16.891,79.3911,Paracetamol,units,189.4,25,21,6,5
2026-09-10,PHC-012,Patna PHC-3,Patna,Bihar,16.891,79.3911,Paracetamol,units,171.0,25,14,6,6
2026-09-11,PHC-012,Patna PHC-3,Patna,Bihar,16.891,79.3911,Paracetamol,units,158.2,25,12,6,4
2026-09-12,PHC-012,Patna PHC-3,Patna,Bihar,16.891,79.3911,Paracetamol,units,149.9,25,15,6,4
2026-09-13,PHC-012,Patna PHC-3,Patna,Bihar,16.891,79.3911,Paracetamol,units,137.5,25,20,6,3
2026-09-14,PHC-012,Patna PHC-3,Patna,Bihar,16.891,79.3911,Paracetamol,units,120.6,25,13,6,4
2026-09-15,PHC-012,Patna PHC-3,Patna,Bihar,16.891,79.3911,Paracetamol,units,108.1,25,18,6,6
2026-09-16,PHC-012,Patna PHC-3,Patna,Bihar,16.891,79.3911,Paracetamol,units,101.2,25,13,6,3
2026-09-17,PHC-012,Patna PHC-3,Patna,Bihar,16.891,79.3911,Paracetamol,units,92.0,25,16,6,6
2026-09-18,PHC-012,Patna PHC-3,Patna,Bihar,16.891,79.3911,Paracetamol,units,75.5,25,14,6,5
2026-09-19,PHC-012,Patna PHC-3,Patna,Bihar,16.891,79.3911,Paracetamol,units,67.9,25,9,6,5
2026-09-20,PHC-012,Patna PHC-3,Patna,Bihar,16.891,79.3911,Paracetamol,units,54.8,25,11,6,2
2026-09-21,PHC-012,Patna PHC-3,Patna,Bihar,16.891,79.3911,Paracetamol,units,36.7,25,20,6,6
2026-09-22,PHC-012,Patna PHC-3,Patna,Bihar,16.891,79.3911,Paracetamol,units,18.4,25,22,6,5
2026-09-23,PHC-012,Patna PHC-3,Patna,Bihar,16.891,79.3911,Paracetamol,units,1.6,25,13,6,4
2026-09-24,PHC-012,Patna PHC-3,Patna,Bihar,16.891,79.3911,Paracetamol,units,0.0,25,7,6,6
2026-09-25,PHC-012,Patna PHC-3,Patna,Bihar,16.891,79.3911,Paracetamol,units,0.0,25,13,6,4
2026-09-26,PHC-012,Patna PHC-3,Patna,Bihar,16.891,79.3911,Paracetamol,units,0.0,25,10,6,4
2026-08-28,PHC-012,Patna PHC-3,Patna,Bihar,16.891,79.3911,ORS Sachets,packets,267.5,25,13,6,3
2026-08-29,PHC-012,Patna PHC-3,Patna,Bihar,16.891,79.3911,ORS Sachets,packets,271.8,25,16,6,4
2026-08-30,PHC-012,Patna PHC-3,Patna,Bihar,16.891,79.3911,ORS Sachets,packets,274.9,25,13,6,6
2026-08-31,PHC-012,Patna PHC-3,Patna,Bihar,16.891,79.3911,ORS Sachets,packets,277.8,25,17,6,1
2026-09-01,PHC-012,Patna PHC-3,Patna,Bihar,16.891,79.3911,ORS Sachets,packets,280.5,25,22,6,6
2026-09-02,PHC-012,Patna PHC-3,Patna,Bihar,16.891,79.3911,ORS Sachets,packets,283.8,25,13,6,3
2026-09-03,PHC-012,Patna PHC-3,Patna,Bihar,16.891,79.3911,ORS Sachets,packets,287.0,25,15,6,4
2026-09-04,PHC-012,Patna PHC-3,Patna,Bihar,16.891,79.3911,ORS Sachets,packets,290.0,25,5,6,3
2026-09-05,PHC-012,Patna PHC-3,Patna,Bihar,16.891,79.3911,ORS Sachets,packets,292.7,25,18,6,2
2026-09-06,PHC-012,Patna PHC-3,Patna,Bihar,16.891,79.3911,ORS Sachets,packets,294.6,25,18,6,3
2026-09-07,PHC-012,Patna PHC-3,Patna,Bihar,16.891,79.3911,ORS Sachets,packets,298.8,25,15,6,6
2026-09-08,PHC-012,Patna PHC-3,Patna,Bihar,16.891,79.3911,ORS Sachets,packets,301.2,25,14,6,6
2026-09-09,PHC-012,Patna PHC-3,Patna,Bihar,16.891,79.3911,ORS Sachets,packets,304.9,25,14,6,4
2026-09-10,PHC-012,Patna PHC-3,Patna,Bihar,16.891,79.3911,ORS Sachets,packets,308.6,25,18,6,5
2026-09-11,PHC-012,Patna PHC-3,Patna,Bihar,16.891,79.3911,ORS Sachets,packets,311.6,25,11,6,4
2026-09-12,PHC-012,Patna PHC-3,Patna,Bihar,16.891,79.3911,ORS Sachets,packets,314.7,25,20,6,4
2026-09-13,PHC-012,Patna PHC-3,Patna,Bihar,16.891,79.3911,ORS Sachets,packets,318.1,25,14,6,5
2026-09-14,PHC-012,Patna PHC-3,Patna,Bihar,16.891,79.3911,ORS Sachets,packets,322.2,25,20,6,4
2026-09-15,PHC-012,Patna PHC-3,Patna,Bihar,16.891,79.3911,ORS Sachets,packets,324.3,25,12,6,4
2026-09-16,PHC-012,Patna PHC-3,Patna,Bihar,16.891,79.3911,ORS Sachets,packets,328.7,25,18,6,5
2026-09-17,PHC-012,Patna PHC-3,Patna,Bihar,16.891,79.3911,ORS Sachets,packets,330.8,25,13,6,5
2026-09-18,PHC-012,Patna PHC-3,Patna,Bihar,16.891,79.3911,ORS Sachets,packets,333.2,25,18,6,4
2026-09-19,PHC-012,Patna PHC-3,Patna,Bihar,16.891,79.3911,ORS Sachets,packets,337.3,25,13,6,5
2026-09-20,PHC-012,Patna PHC-3,Patna,Bihar,16.891,79.3911,ORS Sachets,packets,339.4,25,15,6,4
2026-09-21,PHC-012,Patna PHC-3,Patna,Bihar,16.891,79.3911,ORS Sachets,packets,341.2,25,18,6,4
2026-09-22,PHC-012,Patna PHC-3,Patna,Bihar,16.891,79.3911,ORS Sachets,packets,343.2,25,15,6,6
2026-09-23,PHC-012,Patna PHC-3,Patna,Bihar,16.891,79.3911,ORS Sachets,packets,345.1,25,21,6,4
2026-09-24,PHC-012,Patna PHC-3,Patna,Bihar,16.891,79.3911,ORS Sachets,packets,348.9,25,14,6,3
2026-09-25,PHC-012,Patna PHC-3,Patna,Bihar,16.891,79.3911,ORS Sachets,packets,352.9,25,13,6,6
2026-09-26,PHC-012,Patna PHC-3,Patna,Bihar,16.891,79.3911,ORS Sachets,packets,354.4,25,13,6,6
2026-08-28,PHC-012,Patna PHC-3,Patna,Bihar,16.891,79.3911,Insulin,vials,136.6,25,21,6,5
2026-08-29,PHC-012,Patna PHC-3,Patna,Bihar,16.891,79.3911,Insulin,vials,137.5,25,18,6,4
2026-08-30,PHC-012,Patna PHC-3,Patna,Bihar,16.891,79.3911,Insulin,vials,138.1,25,10,6,5
2026-08-31,PHC-012,Patna PHC-3,Patna,Bihar,16.891,79.3911,Insulin,vials,137.0,25,12,6,5
2026-09-01,PHC-012,Patna PHC-3,Patna,Bihar,16.891,79.3911,Insulin,vials,136.1,25,15,6,3
2026-09-02,PHC-012,Patna PHC-3,Patna,Bihar,16.891,79.3911,Insulin,vials,137.1,25,14,6,4
2026-09-03,PHC-012,Patna PHC-3,Patna,Bihar,16.891,79.3911,Insulin,vials,135.2,25,17,6,6
2026-09-04,PHC-012,Patna PHC-3,Patna,Bihar,16.891,79.3911,Insulin,vials,135.1,25,17,6,6
2026-09-05,PHC-012,Patna PHC-3,Patna,Bihar,16.891,79.3911,Insulin,vials,132.8,25,17,6,6
2026-09-06,PHC-012,Patna PHC-3,Patna,Bihar,16.891,79.3911,Insulin,vials,131.3,25,16,6,3
2026-09-07,PHC-012,Patna PHC-3,Patna,Bihar,16.891,79.3911,Insulin,vials,130.4,25,15,6,4
2026-09-08,PHC-012,Patna PHC-3,Patna,Bihar,16.891,79.3911,Insulin,vials,131.5,25,15,6,4
2026-09-09,PHC-012,Patna PHC-3,Patna,Bihar,16.891,79.3911,Insulin,vials,129.2,25,10,6,5
2026-09-10,PHC-012,Patna PHC-3,Patna,Bihar,16.891,79.3911,Insulin,vials,128.5,25,20,6,4
2026-09-11,PHC-012,Patna PHC-3,Patna,Bihar,16.891,79.3911,Insulin,vials,127.7,25,18,6,6
2026-09-12,PHC-012,Patna PHC-3,Patna,Bihar,16.891,79.3911,Insulin,vials,127.2,25,19,6,3
2026-09-13,PHC-012,Patna PHC-3,Patna,Bihar,16.891,79.3911,Insulin,vials,128.5,25,15,6,5
2026-09-14,PHC-012,Patna PHC-3,Patna,Bihar,16.891,79.3911,Insulin,vials,130.0,25,14,6,4
2026-09-15,PHC-012,Patna PHC-3,Patna,Bihar,16.891,79.3911,Insulin,vials,131.3,25,9,6,4
2026-09-16,PHC-012,Patna PHC-3,Patna,Bihar,16.891,79.3911,Insulin,vials,130.9,25,16,6,6
2026-09-17,PHC-012,Patna PHC-3,Patna,Bihar,16.891,79.3911,Insulin,vials,130.6,25,18,6,5
2026-09-18,PHC-012,Patna PHC-3,Patna,Bihar,16.891,79.3911,Insulin,vials,130.8,25,14,6,2
2026-09-19,PHC-012,Patna PHC-3,Patna,Bihar,16.891,79.3911,Insulin,vials,129.2,25,16,6,3
2026-09-20,PHC-012,Patna PHC-3,Patna,Bihar,16.891,79.3911,Insulin,vials,129.3,25,14,6,4
2026-09-21,PHC-012,Patna PHC-3,Patna,Bihar,16.891,79.3911,Insulin,vials,128.1,25,11,6,6
2026-09-22,PHC-012,Patna PHC-3,Patna,Bihar,16.891,79.3911,Insulin,vials,127.8,25,17,6,5
2026-09-23,PHC-012,Patna PHC-3,Patna,Bihar,16.891,79.3911,Insulin,vials,127.3,25,22,6,4
2026-09-24,PHC-012,Patna PHC-3,Patna,Bihar,16.891,79.3911,Insulin,vials,127.1,25,18,6,5
2026-09-25,PHC-012,Patna PHC-3,Patna,Bihar,16.891,79.3911,Insulin,vials,126.7,25,19,6,6
2026-09-26,PHC-012,Patna PHC-3,Patna,Bihar,16.891,79.3911,Insulin,vials,126.7,25,13,6,4
2026-08-28,PHC-012,Patna PHC-3,Patna,Bihar,16.891,79.3911,Amoxicillin,strips,467.7,25,21,6,5
2026-08-29,PHC-012,Patna PHC-3,Patna,Bihar,16.891,79.3911,Amoxicillin,strips,470.2,25,13,6,5
2026-08-30,PHC-012,Patna PHC-3,Patna,Bihar,16.891,79.3911,Amoxicillin,strips,475.2,25,15,6,2
2026-08-31,PHC-012,Patna PHC-3,Patna,Bihar,16.891,79.3911,Amoxicillin,strips,480.8,25,16,6,5
2026-09-01,PHC-012,Patna PHC-3,Patna,Bihar,16.891,79.3911,Amoxicillin,strips,486.2,25,11,6,5
2026-09-02,PHC-012,Patna PHC-3,Patna,Bihar,16.891,79.3911,Amoxicillin,strips,491.1,25,16,6,6
2026-09-03,PHC-012,Patna PHC-3,Patna,Bihar,16.891,79.3911,Amoxicillin,strips,494.1,25,9,6,4
2026-09-04,PHC-012,Patna PHC-3,Patna,Bihar,16.891,79.3911,Amoxicillin,strips,496.7,25,14,6,3
2026-09-05,PHC-012,Patna PHC-3,Patna,Bihar,16.891,79.3911,Amoxicillin,strips,499.3,25,14,6,6
2026-09-06,PHC-012,Patna PHC-3,Patna,Bihar,16.891,79.3911,Amoxicillin,strips,503.1,25,19,6,3
2026-09-07,PHC-012,Patna PHC-3,Patna,Bihar,16.891,79.3911,Amoxicillin,strips,508.9,25,17,6,6
2026-09-08,PHC-012,Patna PHC-3,Patna,Bihar,16.891,79.3911,Amoxicillin,strips,513.2,25,15,6,3
2026-09-09,PHC-012,Patna PHC-3,Patna,Bihar,16.891,79.3911,Amoxicillin,strips,518.8,25,18,6,4
2026-09-10,PHC-012,Patna PHC-3,Patna,Bihar,16.891,79.3911,Amoxicillin,strips,523.4,25,10,6,4
2026-09-11,PHC-012,Patna PHC-3,Patna,Bihar,16.891,79.3911,Amoxicillin,strips,527.9,25,18,6,5
2026-09-12,PHC-012,Patna PHC-3,Patna,Bihar,16.891,79.3911,Amoxicillin,strips,533.7,25,13,6,3
2026-09-13,PHC-012,Patna PHC-3,Patna,Bihar,16.891,79.3911,Amoxicillin,strips,538.1,25,20,6,4
2026-09-14,PHC-012,Patna PHC-3,Patna,Bihar,16.891,79.3911,Amoxicillin,strips,542.1,25,14,6,5
2026-09-15,PHC-012,Patna PHC-3,Patna,Bihar,16.891,79.3911,Amoxicillin,strips,547.9,25,4,6,5
2026-09-16,PHC-012,Patna PHC-3,Patna,Bihar,16.891,79.3911,Amoxicillin,strips,550.9,25,20,6,6
2026-09-17,PHC-012,Patna PHC-3,Patna,Bihar,16.891,79.3911,Amoxicillin,strips,556.1,25,19,6,4
2026-09-18,PHC-012,Patna PHC-3,Patna,Bihar,16.891,79.3911,Amoxicillin,strips,558.5,25,15,6,4
2026-09-19,PHC-012,Patna PHC-3,Patna,Bihar,16.891,79.3911,Amoxicillin,strips,561.0,25,16,6,5
2026-09-20,PHC-012,Patna PHC-3,Patna,Bihar,16.891,79.3911,Amoxicillin,strips,565.9,25,19,6,6
2026-09-21,PHC-012,Patna PHC-3,Patna,Bihar,16.891,79.3911,Amoxicillin,strips,568.8,25,17,6,5
2026-09-22,PHC-012,Patna PHC-3,Patna,Bihar,16.891,79.3911,Amoxicillin,strips,573.7,25,14,6,5
2026-09-23,PHC-012,Patna PHC-3,Patna,Bihar,16.891,79.3911,Amoxicillin,strips,576.1,25,21,6,5
2026-09-24,PHC-012,Patna PHC-3,Patna,Bihar,16.891,79.3911,Amoxicillin,strips,579.7,25,20,6,6
2026-09-25,PHC-012,Patna PHC-3,Patna,Bihar,16.891,79.3911,Amoxicillin,strips,582.8,25,13,6,5
2026-09-26,PHC-012,Patna PHC-3,Patna,Bihar,16.891,79.3911,Amoxicillin,strips,584.8,25,12,6,5
2026-08-28,PHC-012,Patna PHC-3,Patna,Bihar,16.891,79.3911,Iron Folic Acid Tablets,strips,674.6,25,19,6,6
2026-08-29,PHC-012,Patna PHC-3,Patna,Bihar,16.891,79.3911,Iron Folic Acid Tablets,strips,681.6,25,17,6,5
2026-08-30,PHC-012,Patna PHC-3,Patna,Bihar,16.891,79.3911,Iron Folic Acid Tablets,strips,688.1,25,17,6,5
2026-08-31,PHC-012,Patna PHC-3,Patna,Bihar,16.891,79.3911,Iron Folic Acid Tablets,strips,691.8,25,20,6,5
2026-09-01,PHC-012,Patna PHC-3,Patna,Bihar,16.891,79.3911,Iron Folic Acid Tablets,strips,697.2,25,15,6,3
2026-09-02,PHC-012,Patna PHC-3,Patna,Bihar,16.891,79.3911,Iron Folic Acid Tablets,strips,701.4,25,11,6,5
2026-09-03,PHC-012,Patna PHC-3,Patna,Bihar,16.891,79.3911,Iron Folic Acid Tablets,strips,705.0,25,12,6,4
2026-09-04,PHC-012,Patna PHC-3,Patna,Bihar,16.891,79.3911,Iron Folic Acid Tablets,strips,713.5,25,12,6,4
2026-09-05,PHC-012,Patna PHC-3,Patna,Bihar,16.891,79.3911,Iron Folic Acid Tablets,strips,722.4,25,17,6,4
2026-09-06,PHC-012,Patna PHC-3,Patna,Bihar,16.891,79.3911,Iron Folic Acid Tablets,strips,728.6,25,14,6,4
2026-09-07,PHC-012,Patna PHC-3,Patna,Bihar,16.891,79.3911,Iron Folic Acid Tablets,strips,737.3,25,18,6,4
2026-09-08,PHC-012,Patna PHC-3,Patna,Bihar,16.891,79.3911,Iron Folic Acid Tablets,strips,742.3,25,14,6,5
2026-09-09,PHC-012,Patna PHC-3,Patna,Bihar,16.891,79.3911,Iron Folic Acid Tablets,strips,750.4,25,14,6,6
2026-09-10,PHC-012,Patna PHC-3,Patna,Bihar,16.891,79.3911,Iron Folic Acid Tablets,strips,758.2,25,23,6,6
2026-09-11,PHC-012,Patna PHC-3,Patna,Bihar,16.891,79.3911,Iron Folic Acid Tablets,strips,766.3,25,25,6,6
2026-09-12,PHC-012,Patna PHC-3,Patna,Bihar,16.891,79.3911,Iron Folic Acid Tablets,strips,772.4,25,18,6,4
2026-09-13,PHC-012,Patna PHC-3,Patna,Bihar,16.891,79.3911,Iron Folic Acid Tablets,strips,776.2,25,12,6,5
2026-09-14,PHC-012,Patna PHC-3,Patna,Bihar,16.891,79.3911,Iron Folic Acid Tablets,strips,779.4,25,12,6,5
2026-09-15,PHC-012,Patna PHC-3,Patna,Bihar,16.891,79.3911,Iron Folic Acid Tablets,strips,787.7,25,7,6,3
2026-09-16,PHC-012,Patna PHC-3,Patna,Bihar,16.891,79.3911,Iron Folic Acid Tablets,strips,792.1,25,11,6,5
2026-09-17,PHC-012,Patna PHC-3,Patna,Bihar,16.891,79.3911,Iron Folic Acid Tablets,strips,800.4,25,18,6,6
2026-09-18,PHC-012,Patna PHC-3,Patna,Bihar,16.891,79.3911,Iron Folic Acid Tablets,strips,806.1,25,17,6,5
2026-09-19,PHC-012,Patna PHC-3,Patna,Bihar,16.891,79.3911,Iron Folic Acid Tablets,strips,814.0,25,18,6,5
2026-09-20,PHC-012,Patna PHC-3,Patna,Bihar,16.891,79.3911,Iron Folic Acid Tablets,strips,819.1,25,6,6,4
2026-09-21,PHC-012,Patna PHC-3,Patna,Bihar,16.891,79.3911,Iron Folic Acid Tablets,strips,825.4,25,19,6,6
2026-09-22,PHC-012,Patna PHC-3,Patna,Bihar,16.891,79.3911,Iron Folic Acid Tablets,strips,834.3,25,20,6,3
2026-09-23,PHC-012,Patna PHC-3,Patna,Bihar,16.891,79.3911,Iron Folic Acid Tablets,strips,840.2,25,14,6,4
2026-09-24,PHC-012,Patna PHC-3,Patna,Bihar,16.891,79.3911,Iron Folic Acid Tablets,strips,846.9,25,17,6,5
2026-09-25,PHC-012,Patna PHC-3,Patna,Bihar,16.891,79.3911,Iron Folic Acid Tablets,strips,855.0,25,13,6,5
2026-09-26,PHC-012,Patna PHC-3,Patna,Bihar,16.891,79.3911,Iron Folic Acid Tablets,strips,861.8,25,21,6,1
2026-08-28,PHC-013,Gaya PHC-1,Gaya,Bihar,11.1181,79.5141,Paracetamol,units,554.8,16,8,7,5
2026-08-29,PHC-013,Gaya PHC-1,Gaya,Bihar,11.1181,79.5141,Paracetamol,units,559.4,16,9,7,6
2026-08-30,PHC-013,Gaya PHC-1,Gaya,Bihar,11.1181,79.5141,Paracetamol,units,563.9,16,8,7,5
2026-08-31,PHC-013,Gaya PHC-1,Gaya,Bihar,11.1181,79.5141,Paracetamol,units,570.1,16,5,7,6
2026-09-01,PHC-013,Gaya PHC-1,Gaya,Bihar,11.1181,79.5141,Paracetamol,units,575.3,16,12,7,6
2026-09-02,PHC-013,Gaya PHC-1,Gaya,Bihar,11.1181,79.5141,Paracetamol,units,578.3,16,7,7,5
2026-09-03,PHC-013,Gaya PHC-1,Gaya,Bihar,11.1181,79.5141,Paracetamol,units,583.8,16,7,7,7
2026-09-04,PHC-013,Gaya PHC-1,Gaya,Bihar,11.1181,79.5141,Paracetamol,units,589.3,16,6,7,5
2026-09-05,PHC-013,Gaya PHC-1,Gaya,Bihar,11.1181,79.5141,Paracetamol,units,591.9,16,11,7,3
2026-09-06,PHC-013,Gaya PHC-1,Gaya,Bihar,11.1181,79.5141,Paracetamol,units,597.4,16,10,7,3
2026-09-07,PHC-013,Gaya PHC-1,Gaya,Bihar,11.1181,79.5141,Paracetamol,units,603.4,16,9,7,6
2026-09-08,PHC-013,Gaya PHC-1,Gaya,Bihar,11.1181,79.5141,Paracetamol,units,609.8,16,8,7,6
2026-09-09,PHC-013,Gaya PHC-1,Gaya,Bihar,11.1181,79.5141,Paracetamol,units,612.7,16,8,7,5
2026-09-10,PHC-013,Gaya PHC-1,Gaya,Bihar,11.1181,79.5141,Paracetamol,units,617.2,16,13,7,6
2026-09-11,PHC-013,Gaya PHC-1,Gaya,Bihar,11.1181,79.5141,Paracetamol,units,622.7,16,8,7,5
2026-09-12,PHC-013,Gaya PHC-1,Gaya,Bihar,11.1181,79.5141,Paracetamol,units,626.8,16,9,7,4
2026-09-13,PHC-013,Gaya PHC-1,Gaya,Bihar,11.1181,79.5141,Paracetamol,units,631.7,16,11,7,5
2026-09-14,PHC-013,Gaya PHC-1,Gaya,Bihar,11.1181,79.5141,Paracetamol,units,635.9,16,10,7,6
2026-09-15,PHC-013,Gaya PHC-1,Gaya,Bihar,11.1181,79.5141,Paracetamol,units,643.3,16,9,7,5
2026-09-16,PHC-013,Gaya PHC-1,Gaya,Bihar,11.1181,79.5141,Paracetamol,units,647.8,16,8,7,2
2026-09-17,PHC-013,Gaya PHC-1,Gaya,Bihar,11.1181,79.5141,Paracetamol,units,653.9,16,9,7,6
2026-09-18,PHC-013,Gaya PHC-1,Gaya,Bihar,11.1181,79.5141,Paracetamol,units,659.5,16,10,7,6
2026-09-19,PHC-013,Gaya PHC-1,Gaya,Bihar,11.1181,79.5141,Paracetamol,units,664.5,16,12,7,5
2026-09-20,PHC-013,Gaya PHC-1,Gaya,Bihar,11.1181,79.5141,Paracetamol,units,670.8,16,6,7,7
2026-09-21,PHC-013,Gaya PHC-1,Gaya,Bihar,11.1181,79.5141,Paracetamol,units,676.8,16,7,7,5
2026-09-22,PHC-013,Gaya PHC-1,Gaya,Bihar,11.1181,79.5141,Paracetamol,units,682.1,16,8,7,5
2026-09-23,PHC-013,Gaya PHC-1,Gaya,Bihar,11.1181,79.5141,Paracetamol,units,687.4,16,10,7,5
2026-09-24,PHC-013,Gaya PHC-1,Gaya,Bihar,11.1181,79.5141,Paracetamol,units,693.2,16,6,7,6
2026-09-25,PHC-013,Gaya PHC-1,Gaya,Bihar,11.1181,79.5141,Paracetamol,units,700.1,16,8,7,6
2026-09-26,PHC-013,Gaya PHC-1,Gaya,Bihar,11.1181,79.5141,Paracetamol,units,707.4,16,11,7,6
2026-08-28,PHC-013,Gaya PHC-1,Gaya,Bihar,11.1181,79.5141,ORS Sachets,packets,242.1,16,8,7,5
2026-08-29,PHC-013,Gaya PHC-1,Gaya,Bihar,11.1181,79.5141,ORS Sachets,packets,236.7,16,9,7,4
2026-08-30,PHC-013,Gaya PHC-1,Gaya,Bihar,11.1181,79.5141,ORS Sachets,packets,231.8,16,11,7,5
2026-08-31,PHC-013,Gaya PHC-1,Gaya,Bihar,11.1181,79.5141,ORS Sachets,packets,220.6,16,6,7,6
2026-09-01,PHC-013,Gaya PHC-1,Gaya,Bihar,11.1181,79.5141,ORS Sachets,packets,212.2,16,8,7,5
2026-09-02,PHC-013,Gaya PHC-1,Gaya,Bihar,11.1181,79.5141,ORS Sachets,packets,201.6,16,5,7,7
2026-09-03,PHC-013,Gaya PHC-1,Gaya,Bihar,11.1181,79.5141,ORS Sachets,packets,193.8,16,3,7,5
2026-09-04,PHC-013,Gaya PHC-1,Gaya,Bihar,11.1181,79.5141,ORS Sachets,packets,182.3,16,8,7,5
2026-09-05,PHC-013,Gaya PHC-1,Gaya,Bihar,11.1181,79.5141,ORS Sachets,packets,178.0,16,9,7,4
2026-09-06,PHC-013,Gaya PHC-1,Gaya,Bihar,11.1181,79.5141,ORS Sachets,packets,167.1,16,10,7,4
2026-09-07,PHC-013,Gaya PHC-1,Gaya,Bihar,11.1181,79.5141,ORS Sachets,packets,157.6,16,14,7,5
2026-09-08,PHC-013,Gaya PHC-1,Gaya,Bihar,11.1181,79.5141,ORS Sachets,packets,153.1,16,15,7,5
2026-09-09,PHC-013,Gaya PHC-1,Gaya,Bihar,11.1181,79.5141,ORS Sachets,packets,147.6,16,13,7,6
2026-09-10,PHC-013,Gaya PHC-1,Gaya,Bihar,11.1181,79.5141,ORS Sachets,packets,140.8,16,6,7,5
2026-09-11,PHC-013,Gaya PHC-1,Gaya,Bihar,11.1181,79.5141,ORS Sachets,packets,135.8,16,5,7,6
2026-09-12,PHC-013,Gaya PHC-1,Gaya,Bihar,11.1181,79.5141,ORS Sachets,packets,129.3,16,13,7,7
2026-09-13,PHC-013,Gaya PHC-1,Gaya,Bihar,11.1181,79.5141,ORS Sachets,packets,123.7,16,10,7,4
2026-09-14,PHC-013,Gaya PHC-1,Gaya,Bihar,11.1181,79.5141,ORS Sachets,packets,117.3,16,8,7,4
2026-09-15,PHC-013,Gaya PHC-1,Gaya,Bihar,11.1181,79.5141,ORS Sachets,packets,109.4,16,8,7,5
2026-09-16,PHC-013,Gaya PHC-1,Gaya,Bihar,11.1181,79.5141,ORS Sachets,packets,101.1,16,7,7,7
2026-09-17,PHC-013,Gaya PHC-1,Gaya,Bihar,11.1181,79.5141,ORS Sachets,packets,93.8,16,13,7,4
2026-09-18,PHC-013,Gaya PHC-1,Gaya,Bihar,11.1181,79.5141,ORS Sachets,packets,86.0,16,8,7,5
2026-09-19,PHC-013,Gaya PHC-1,Gaya,Bihar,11.1181,79.5141,ORS Sachets,packets,76.8,16,13,7,7
2026-09-20,PHC-013,Gaya PHC-1,Gaya,Bihar,11.1181,79.5141,ORS Sachets,packets,67.8,16,10,7,5
2026-09-21,PHC-013,Gaya PHC-1,Gaya,Bihar,11.1181,79.5141,ORS Sachets,packets,56.6,16,6,7,5
2026-09-22,PHC-013,Gaya PHC-1,Gaya,Bihar,11.1181,79.5141,ORS Sachets,packets,50.6,16,5,7,5
2026-09-23,PHC-013,Gaya PHC-1,Gaya,Bihar,11.1181,79.5141,ORS Sachets,packets,41.9,16,12,7,5
2026-09-24,PHC-013,Gaya PHC-1,Gaya,Bihar,11.1181,79.5141,ORS Sachets,packets,36.3,16,10,7,3
2026-09-25,PHC-013,Gaya PHC-1,Gaya,Bihar,11.1181,79.5141,ORS Sachets,packets,25.2,16,9,7,7
2026-09-26,PHC-013,Gaya PHC-1,Gaya,Bihar,11.1181,79.5141,ORS Sachets,packets,13.9,16,11,7,5
2026-08-28,PHC-013,Gaya PHC-1,Gaya,Bihar,11.1181,79.5141,Insulin,vials,86.0,16,13,7,7
2026-08-29,PHC-013,Gaya PHC-1,Gaya,Bihar,11.1181,79.5141,Insulin,vials,84.5,16,6,7,7
2026-08-30,PHC-013,Gaya PHC-1,Gaya,Bihar,11.1181,79.5141,Insulin,vials,86.3,16,10,7,6
2026-08-31,PHC-013,Gaya PHC-1,Gaya,Bihar,11.1181,79.5141,Insulin,vials,86.8,16,9,7,5
2026-09-01,PHC-013,Gaya PHC-1,Gaya,Bihar,11.1181,79.5141,Insulin,vials,86.7,16,7,7,6
2026-09-02,PHC-013,Gaya PHC-1,Gaya,Bihar,11.1181,79.5141,Insulin,vials,87.0,16,8,7,4
2026-09-03,PHC-013,Gaya PHC-1,Gaya,Bihar,11.1181,79.5141,Insulin,vials,88.2,16,11,7,5
2026-09-04,PHC-013,Gaya PHC-1,Gaya,Bihar,11.1181,79.5141,Insulin,vials,89.8,16,8,7,5
2026-09-05,PHC-013,Gaya PHC-1,Gaya,Bihar,11.1181,79.5141,Insulin,vials,89.7,16,13,7,4
2026-09-06,PHC-013,Gaya PHC-1,Gaya,Bihar,11.1181,79.5141,Insulin,vials,91.9,16,9,7,5
2026-09-07,PHC-013,Gaya PHC-1,Gaya,Bihar,11.1181,79.5141,Insulin,vials,93.2,16,7,7,5
2026-09-08,PHC-013,Gaya PHC-1,Gaya,Bihar,11.1181,79.5141,Insulin,vials,94.9,16,12,7,5
2026-09-09,PHC-013,Gaya PHC-1,Gaya,Bihar,11.1181,79.5141,Insulin,vials,96.8,16,8,7,4
2026-09-10,PHC-013,Gaya PHC-1,Gaya,Bihar,11.1181,79.5141,Insulin,vials,96.2,16,6,7,5
2026-09-11,PHC-013,Gaya PHC-1,Gaya,Bihar,11.1181,79.5141,Insulin,vials,95.8,16,10,7,5
2026-09-12,PHC-013,Gaya PHC-1,Gaya,Bihar,11.1181,79.5141,Insulin,vials,95.3,16,14,7,5
2026-09-13,PHC-013,Gaya PHC-1,Gaya,Bihar,11.1181,79.5141,Insulin,vials,93.3,16,13,7,5
2026-09-14,PHC-013,Gaya PHC-1,Gaya,Bihar,11.1181,79.5141,Insulin,vials,93.2,16,11,7,6
2026-09-15,PHC-013,Gaya PHC-1,Gaya,Bihar,11.1181,79.5141,Insulin,vials,94.6,16,7,7,6
2026-09-16,PHC-013,Gaya PHC-1,Gaya,Bihar,11.1181,79.5141,Insulin,vials,94.9,16,8,7,6
2026-09-17,PHC-013,Gaya PHC-1,Gaya,Bihar,11.1181,79.5141,Insulin,vials,95.1,16,9,7,5
2026-09-18,PHC-013,Gaya PHC-1,Gaya,Bihar,11.1181,79.5141,Insulin,vials,95.2,16,8,7,5
2026-09-19,PHC-013,Gaya PHC-1,Gaya,Bihar,11.1181,79.5141,Insulin,vials,98.3,16,12,7,6
2026-09-20,PHC-013,Gaya PHC-1,Gaya,Bihar,11.1181,79.5141,Insulin,vials,95.6,16,3,7,5
2026-09-21,PHC-013,Gaya PHC-1,Gaya,Bihar,11.1181,79.5141,Insulin,vials,95.3,16,10,7,7
2026-09-22,PHC-013,Gaya PHC-1,Gaya,Bihar,11.1181,79.5141,Insulin,vials,95.8,16,9,7,6
2026-09-23,PHC-013,Gaya PHC-1,Gaya,Bihar,11.1181,79.5141,Insulin,vials,96.6,16,9,7,7
2026-09-24,PHC-013,Gaya PHC-1,Gaya,Bihar,11.1181,79.5141,Insulin,vials,97.2,16,9,7,5
2026-09-25,PHC-013,Gaya PHC-1,Gaya,Bihar,11.1181,79.5141,Insulin,vials,97.0,16,3,7,2
2026-09-26,PHC-013,Gaya PHC-1,Gaya,Bihar,11.1181,79.5141,Insulin,vials,98.0,16,14,7,5
2026-08-28,PHC-013,Gaya PHC-1,Gaya,Bihar,11.1181,79.5141,Amoxicillin,strips,525.9,16,13,7,7
2026-08-29,PHC-013,Gaya PHC-1,Gaya,Bihar,11.1181,79.5141,Amoxicillin,strips,525.9,16,6,7,7
2026-08-30,PHC-013,Gaya PHC-1,Gaya,Bihar,11.1181,79.5141,Amoxicillin,strips,524.3,16,10,7,5
2026-08-31,PHC-013,Gaya PHC-1,Gaya,Bihar,11.1181,79.5141,Amoxicillin,strips,525.8,16,6,7,7
2026-09-01,PHC-013,Gaya PHC-1,Gaya,Bihar,11.1181,79.5141,Amoxicillin,strips,529.9,16,9,7,5
2026-09-02,PHC-013,Gaya PHC-1,Gaya,Bihar,11.1181,79.5141,Amoxicillin,strips,534.4,16,7,7,5
2026-09-03,PHC-013,Gaya PHC-1,Gaya,Bihar,11.1181,79.5141,Amoxicillin,strips,534.7,16,5,7,5
2026-09-04,PHC-013,Gaya PHC-1,Gaya,Bihar,11.1181,79.5141,Amoxicillin,strips,533.0,16,9,7,6
2026-09-05,PHC-013,Gaya PHC-1,Gaya,Bihar,11.1181,79.5141,Amoxicillin,strips,529.8,16,9,7,7
2026-09-06,PHC-013,Gaya PHC-1,Gaya,Bihar,11.1181,79.5141,Amoxicillin,strips,528.0,16,6,7,7
2026-09-07,PHC-013,Gaya PHC-1,Gaya,Bihar,11.1181,79.5141,Amoxicillin,strips,524.0,16,9,7,4
2026-09-08,PHC-013,Gaya PHC-1,Gaya,Bihar,11.1181,79.5141,Amoxicillin,strips,518.4,16,7,7,7
2026-09-09,PHC-013,Gaya PHC-1,Gaya,Bihar,11.1181,79.5141,Amoxicillin,strips,521.1,16,7,7,6
2026-09-10,PHC-013,Gaya PHC-1,Gaya,Bihar,11.1181,79.5141,Amoxicillin,strips,521.3,16,9,7,7
2026-09-11,PHC-013,Gaya PHC-1,Gaya,Bihar,11.1181,79.5141,Amoxicillin,strips,519.4,16,11,7,7
2026-09-12,PHC-013,Gaya PHC-1,Gaya,Bihar,11.1181,79.5141,Amoxicillin,strips,515.8,16,9,7,5
2026-09-13,PHC-013,Gaya PHC-1,Gaya,Bihar,11.1181,79.5141,Amoxicillin,strips,511.8,16,12,7,4
2026-09-14,PHC-013,Gaya PHC-1,Gaya,Bihar,11.1181,79.5141,Amoxicillin,strips,514.0,16,9,7,4
2026-09-15,PHC-013,Gaya PHC-1,Gaya,Bihar,11.1181,79.5141,Amoxicillin,strips,513.4,16,7,7,6
2026-09-16,PHC-013,Gaya PHC-1,Gaya,Bihar,11.1181,79.5141,Amoxicillin,strips,516.9,16,9,7,6
2026-09-17,PHC-013,Gaya PHC-1,Gaya,Bihar,11.1181,79.5141,Amoxicillin,strips,515.0,16,7,7,5
2026-09-18,PHC-013,Gaya PHC-1,Gaya,Bihar,11.1181,79.5141,Amoxicillin,strips,514.5,16,7,7,3
2026-09-19,PHC-013,Gaya PHC-1,Gaya,Bihar,11.1181,79.5141,Amoxicillin,strips,516.2,16,9,7,7
2026-09-20,PHC-013,Gaya PHC-1,Gaya,Bihar,11.1181,79.5141,Amoxicillin,strips,520.3,16,12,7,6
2026-09-21,PHC-013,Gaya PHC-1,Gaya,Bihar,11.1181,79.5141,Amoxicillin,strips,527.4,16,11,7,6
2026-09-22,PHC-013,Gaya PHC-1,Gaya,Bihar,11.1181,79.5141,Amoxicillin,strips,527.2,16,8,7,6
2026-09-23,PHC-013,Gaya PHC-1,Gaya,Bihar,11.1181,79.5141,Amoxicillin,strips,526.3,16,3,7,7
2026-09-24,PHC-013,Gaya PHC-1,Gaya,Bihar,11.1181,79.5141,Amoxicillin,strips,527.5,16,13,7,6
2026-09-25,PHC-013,Gaya PHC-1,Gaya,Bihar,11.1181,79.5141,Amoxicillin,strips,524.6,16,15,7,7
2026-09-26,PHC-013,Gaya PHC-1,Gaya,Bihar,11.1181,79.5141,Amoxicillin,strips,531.8,16,6,7,5
2026-08-28,PHC-013,Gaya PHC-1,Gaya,Bihar,11.1181,79.5141,Iron Folic Acid Tablets,strips,843.1,16,14,7,4
2026-08-29,PHC-013,Gaya PHC-1,Gaya,Bihar,11.1181,79.5141,Iron Folic Acid Tablets,strips,838.2,16,8,7,4
2026-08-30,PHC-013,Gaya PHC-1,Gaya,Bihar,11.1181,79.5141,Iron Folic Acid Tablets,strips,840.5,16,6,7,6
2026-08-31,PHC-013,Gaya PHC-1,Gaya,Bihar,11.1181,79.5141,Iron Folic Acid Tablets,strips,833.8,16,8,7,6
2026-09-01,PHC-013,Gaya PHC-1,Gaya,Bihar,11.1181,79.5141,Iron Folic Acid Tablets,strips,833.9,16,11,7,7
2026-09-02,PHC-013,Gaya PHC-1,Gaya,Bihar,11.1181,79.5141,Iron Folic Acid Tablets,strips,826.7,16,9,7,6
2026-09-03,PHC-013,Gaya PHC-1,Gaya,Bihar,11.1181,79.5141,Iron Folic Acid Tablets,strips,818.9,16,7,7,5
2026-09-04,PHC-013,Gaya PHC-1,Gaya,Bihar,11.1181,79.5141,Iron Folic Acid Tablets,strips,822.8,16,5,7,4
2026-09-05,PHC-013,Gaya PHC-1,Gaya,Bihar,11.1181,79.5141,Iron Folic Acid Tablets,strips,821.9,16,6,7,5
2026-09-06,PHC-013,Gaya PHC-1,Gaya,Bihar,11.1181,79.5141,Iron Folic Acid Tablets,strips,819.1,16,9,7,5
2026-09-07,PHC-013,Gaya PHC-1,Gaya,Bihar,11.1181,79.5141,Iron Folic Acid Tablets,strips,822.1,16,7,7,6
2026-09-08,PHC-013,Gaya PHC-1,Gaya,Bihar,11.1181,79.5141,Iron Folic Acid Tablets,strips,832.1,16,8,7,6
2026-09-09,PHC-013,Gaya PHC-1,Gaya,Bihar,11.1181,79.5141,Iron Folic Acid Tablets,strips,836.7,16,12,7,6
2026-09-10,PHC-013,Gaya PHC-1,Gaya,Bihar,11.1181,79.5141,Iron Folic Acid Tablets,strips,839.8,16,9,7,7
2026-09-11,PHC-013,Gaya PHC-1,Gaya,Bihar,11.1181,79.5141,Iron Folic Acid Tablets,strips,837.4,16,8,7,4
2026-09-12,PHC-013,Gaya PHC-1,Gaya,Bihar,11.1181,79.5141,Iron Folic Acid Tablets,strips,830.9,16,12,7,4
2026-09-13,PHC-013,Gaya PHC-1,Gaya,Bihar,11.1181,79.5141,Iron Folic Acid Tablets,strips,836.2,16,4,7,7
2026-09-14,PHC-013,Gaya PHC-1,Gaya,Bihar,11.1181,79.5141,Iron Folic Acid Tablets,strips,837.1,16,10,7,6
2026-09-15,PHC-013,Gaya PHC-1,Gaya,Bihar,11.1181,79.5141,Iron Folic Acid Tablets,strips,840.3,16,10,7,7
2026-09-16,PHC-013,Gaya PHC-1,Gaya,Bihar,11.1181,79.5141,Iron Folic Acid Tablets,strips,849.7,16,11,7,3
2026-09-17,PHC-013,Gaya PHC-1,Gaya,Bihar,11.1181,79.5141,Iron Folic Acid Tablets,strips,845.9,16,13,7,5
2026-09-18,PHC-013,Gaya PHC-1,Gaya,Bihar,11.1181,79.5141,Iron Folic Acid Tablets,strips,841.9,16,11,7,5
2026-09-19,PHC-013,Gaya PHC-1,Gaya,Bihar,11.1181,79.5141,Iron Folic Acid Tablets,strips,845.0,16,11,7,3
2026-09-20,PHC-013,Gaya PHC-1,Gaya,Bihar,11.1181,79.5141,Iron Folic Acid Tablets,strips,848.4,16,10,7,7
2026-09-21,PHC-013,Gaya PHC-1,Gaya,Bihar,11.1181,79.5141,Iron Folic Acid Tablets,strips,848.7,16,12,7,3
2026-09-22,PHC-013,Gaya PHC-1,Gaya,Bihar,11.1181,79.5141,Iron Folic Acid Tablets,strips,846.7,16,7,7,6
2026-09-23,PHC-013,Gaya PHC-1,Gaya,Bihar,11.1181,79.5141,Iron Folic Acid Tablets,strips,854.2,16,9,7,7
2026-09-24,PHC-013,Gaya PHC-1,Gaya,Bihar,11.1181,79.5141,Iron Folic Acid Tablets,strips,853.7,16,7,7,5
2026-09-25,PHC-013,Gaya PHC-1,Gaya,Bihar,11.1181,79.5141,Iron Folic Acid Tablets,strips,853.5,16,7,7,3
2026-09-26,PHC-013,Gaya PHC-1,Gaya,Bihar,11.1181,79.5141,Iron Folic Acid Tablets,strips,849.0,16,10,7,7
2026-08-28,PHC-014,Gaya PHC-2,Gaya,Bihar,24.0755,78.743,Paracetamol,units,604.4,13,10,13,9
2026-08-29,PHC-014,Gaya PHC-2,Gaya,Bihar,24.0755,78.743,Paracetamol,units,610.7,13,7,13,10
2026-08-30,PHC-014,Gaya PHC-2,Gaya,Bihar,24.0755,78.743,Paracetamol,units,613.2,13,8,13,11
2026-08-31,PHC-014,Gaya PHC-2,Gaya,Bihar,24.0755,78.743,Paracetamol,units,618.5,13,10,13,11
2026-09-01,PHC-014,Gaya PHC-2,Gaya,Bihar,24.0755,78.743,Paracetamol,units,617.7,13,8,13,9
2026-09-02,PHC-014,Gaya PHC-2,Gaya,Bihar,24.0755,78.743,Paracetamol,units,609.4,13,8,13,11
2026-09-03,PHC-014,Gaya PHC-2,Gaya,Bihar,24.0755,78.743,Paracetamol,units,611.1,13,7,13,11
2026-09-04,PHC-014,Gaya PHC-2,Gaya,Bihar,24.0755,78.743,Paracetamol,units,606.9,13,6,13,10
2026-09-05,PHC-014,Gaya PHC-2,Gaya,Bihar,24.0755,78.743,Paracetamol,units,607.4,13,7,13,10
2026-09-06,PHC-014,Gaya PHC-2,Gaya,Bihar,24.0755,78.743,Paracetamol,units,618.7,13,6,13,10
2026-09-07,PHC-014,Gaya PHC-2,Gaya,Bihar,24.0755,78.743,Paracetamol,units,621.6,13,5,13,12
2026-09-08,PHC-014,Gaya PHC-2,Gaya,Bihar,24.0755,78.743,Paracetamol,units,624.1,13,7,13,10
2026-09-09,PHC-014,Gaya PHC-2,Gaya,Bihar,24.0755,78.743,Paracetamol,units,627.6,13,9,13,11
2026-09-10,PHC-014,Gaya PHC-2,Gaya,Bihar,24.0755,78.743,Paracetamol,units,629.9,13,10,13,11
2026-09-11,PHC-014,Gaya PHC-2,Gaya,Bihar,24.0755,78.743,Paracetamol,units,633.6,13,8,13,11
2026-09-12,PHC-014,Gaya PHC-2,Gaya,Bihar,24.0755,78.743,Paracetamol,units,626.5,13,7,13,11
2026-09-13,PHC-014,Gaya PHC-2,Gaya,Bihar,24.0755,78.743,Paracetamol,units,628.2,13,7,13,11
2026-09-14,PHC-014,Gaya PHC-2,Gaya,Bihar,24.0755,78.743,Paracetamol,units,628.9,13,5,13,13
2026-09-15,PHC-014,Gaya PHC-2,Gaya,Bihar,24.0755,78.743,Paracetamol,units,628.6,13,7,13,10
2026-09-16,PHC-014,Gaya PHC-2,Gaya,Bihar,24.0755,78.743,Paracetamol,units,638.7,13,8,13,10
2026-09-17,PHC-014,Gaya PHC-2,Gaya,Bihar,24.0755,78.743,Paracetamol,units,639.1,13,7,13,11
2026-09-18,PHC-014,Gaya PHC-2,Gaya,Bihar,24.0755,78.743,Paracetamol,units,640.3,13,8,13,11
2026-09-19,PHC-014,Gaya PHC-2,Gaya,Bihar,24.0755,78.743,Paracetamol,units,642.8,13,6,13,10
2026-09-20,PHC-014,Gaya PHC-2,Gaya,Bihar,24.0755,78.743,Paracetamol,units,635.2,13,9,13,9
2026-09-21,PHC-014,Gaya PHC-2,Gaya,Bihar,24.0755,78.743,Paracetamol,units,641.7,13,6,13,10
2026-09-22,PHC-014,Gaya PHC-2,Gaya,Bihar,24.0755,78.743,Paracetamol,units,644.1,13,9,13,11
2026-09-23,PHC-014,Gaya PHC-2,Gaya,Bihar,24.0755,78.743,Paracetamol,units,644.4,13,6,13,10
2026-09-24,PHC-014,Gaya PHC-2,Gaya,Bihar,24.0755,78.743,Paracetamol,units,646.8,13,6,13,11
2026-09-25,PHC-014,Gaya PHC-2,Gaya,Bihar,24.0755,78.743,Paracetamol,units,643.8,13,8,13,10
2026-09-26,PHC-014,Gaya PHC-2,Gaya,Bihar,24.0755,78.743,Paracetamol,units,638.5,13,4,13,10
2026-08-28,PHC-014,Gaya PHC-2,Gaya,Bihar,24.0755,78.743,ORS Sachets,packets,245.0,13,8,13,11
2026-08-29,PHC-014,Gaya PHC-2,Gaya,Bihar,24.0755,78.743,ORS Sachets,packets,239.1,13,8,13,10
2026-08-30,PHC-014,Gaya PHC-2,Gaya,Bihar,24.0755,78.743,ORS Sachets,packets,230.9,13,8,13,9
2026-08-31,PHC-014,Gaya PHC-2,Gaya,Bihar,24.0755,78.743,ORS Sachets,packets,222.6,13,5,13,12
2026-09-01,PHC-014,Gaya PHC-2,Gaya,Bihar,24.0755,78.743,ORS Sachets,packets,212.7,13,9,13,9
2026-09-02,PHC-014,Gaya PHC-2,Gaya,Bihar,24.0755,78.743,ORS Sachets,packets,204.1,13,8,13,12
2026-09-03,PHC-014,Gaya PHC-2,Gaya,Bihar,24.0755,78.743,ORS Sachets,packets,198.6,13,7,13,13
2026-09-04,PHC-014,Gaya PHC-2,Gaya,Bihar,24.0755,78.743,ORS Sachets,packets,194.0,13,9,13,9
2026-09-05,PHC-014,Gaya PHC-2,Gaya,Bihar,24.0755,78.743,ORS Sachets,packets,187.9,13,3,13,9
2026-09-06,PHC-014,Gaya PHC-2,Gaya,Bihar,24.0755,78.743,ORS Sachets,packets,182.5,13,5,13,11
2026-09-07,PHC-014,Gaya PHC-2,Gaya,Bihar,24.0755,78.743,ORS Sachets,packets,173.9,13,6,13,9
2026-09-08,PHC-014,Gaya PHC-2,Gaya,Bihar,24.0755,78.743,ORS Sachets,packets,165.0,13,5,13,10
2026-09-09,PHC-014,Gaya PHC-2,Gaya,Bihar,24.0755,78.743,ORS Sachets,packets,161.0,13,7,13,13
2026-09-10,PHC-014,Gaya PHC-2,Gaya,Bihar,24.0755,78.743,ORS Sachets,packets,154.3,13,10,13,9
2026-09-11,PHC-014,Gaya PHC-2,Gaya,Bihar,24.0755,78.743,ORS Sachets,packets,143.6,13,10,13,12
2026-09-12,PHC-014,Gaya PHC-2,Gaya,Bihar,24.0755,78.743,ORS Sachets,packets,138.5,13,8,13,11
2026-09-13,PHC-014,Gaya PHC-2,Gaya,Bihar,24.0755,78.743,ORS Sachets,packets,129.6,13,9,13,13
2026-09-14,PHC-014,Gaya PHC-2,Gaya,Bihar,24.0755,78.743,ORS Sachets,packets,123.2,13,8,13,11
2026-09-15,PHC-014,Gaya PHC-2,Gaya,Bihar,24.0755,78.743,ORS Sachets,packets,111.8,13,8,13,9
2026-09-16,PHC-014,Gaya PHC-2,Gaya,Bihar,24.0755,78.743,ORS Sachets,packets,101.7,13,12,13,10
2026-09-17,PHC-014,Gaya PHC-2,Gaya,Bihar,24.0755,78.743,ORS Sachets,packets,94.0,13,10,13,9
2026-09-18,PHC-014,Gaya PHC-2,Gaya,Bihar,24.0755,78.743,ORS Sachets,packets,83.0,13,10,13,11
2026-09-19,PHC-014,Gaya PHC-2,Gaya,Bihar,24.0755,78.743,ORS Sachets,packets,77.5,13,8,13,10
2026-09-20,PHC-014,Gaya PHC-2,Gaya,Bihar,24.0755,78.743,ORS Sachets,packets,68.9,13,6,13,12
2026-09-21,PHC-014,Gaya PHC-2,Gaya,Bihar,24.0755,78.743,ORS Sachets,packets,62.2,13,6,13,10
2026-09-22,PHC-014,Gaya PHC-2,Gaya,Bihar,24.0755,78.743,ORS Sachets,packets,54.3,13,6,13,11
2026-09-23,PHC-014,Gaya PHC-2,Gaya,Bihar,24.0755,78.743,ORS Sachets,packets,47.1,13,7,13,11
2026-09-24,PHC-014,Gaya PHC-2,Gaya,Bihar,24.0755,78.743,ORS Sachets,packets,36.0,13,6,13,11
2026-09-25,PHC-014,Gaya PHC-2,Gaya,Bihar,24.0755,78.743,ORS Sachets,packets,29.8,13,6,13,10
2026-09-26,PHC-014,Gaya PHC-2,Gaya,Bihar,24.0755,78.743,ORS Sachets,packets,25.8,13,6,13,11
2026-08-28,PHC-014,Gaya PHC-2,Gaya,Bihar,24.0755,78.743,Insulin,vials,141.3,13,6,13,10
2026-08-29,PHC-014,Gaya PHC-2,Gaya,Bihar,24.0755,78.743,Insulin,vials,142.5,13,10,13,11
2026-08-30,PHC-014,Gaya PHC-2,Gaya,Bihar,24.0755,78.743,Insulin,vials,143.7,13,6,13,11
2026-08-31,PHC-014,Gaya PHC-2,Gaya,Bihar,24.0755,78.743,Insulin,vials,144.9,13,7,13,9
2026-09-01,PHC-014,Gaya PHC-2,Gaya,Bihar,24.0755,78.743,Insulin,vials,145.9,13,2,13,9
2026-09-02,PHC-014,Gaya PHC-2,Gaya,Bihar,24.0755,78.743,Insulin,vials,147.3,13,9,13,12
2026-09-03,PHC-014,Gaya PHC-2,Gaya,Bihar,24.0755,78.743,Insulin,vials,148.4,13,9,13,10
2026-09-04,PHC-014,Gaya PHC-2,Gaya,Bihar,24.0755,78.743,Insulin,vials,149.6,13,10,13,11
2026-09-05,PHC-014,Gaya PHC-2,Gaya,Bihar,24.0755,78.743,Insulin,vials,151.0,13,7,13,13
2026-09-06,PHC-014,Gaya PHC-2,Gaya,Bihar,24.0755,78.743,Insulin,vials,151.5,13,10,13,13
2026-09-07,PHC-014,Gaya PHC-2,Gaya,Bihar,24.0755,78.743,Insulin,vials,152.4,13,6,13,9
2026-09-08,PHC-014,Gaya PHC-2,Gaya,Bihar,24.0755,78.743,Insulin,vials,153.2,13,9,13,10
2026-09-09,PHC-014,Gaya PHC-2,Gaya,Bihar,24.0755,78.743,Insulin,vials,154.0,13,8,13,8
2026-09-10,PHC-014,Gaya PHC-2,Gaya,Bihar,24.0755,78.743,Insulin,vials,154.6,13,7,13,11
2026-09-11,PHC-014,Gaya PHC-2,Gaya,Bihar,24.0755,78.743,Insulin,vials,155.5,13,10,13,10
2026-09-12,PHC-014,Gaya PHC-2,Gaya,Bihar,24.0755,78.743,Insulin,vials,156.8,13,7,13,11
2026-09-13,PHC-014,Gaya PHC-2,Gaya,Bihar,24.0755,78.743,Insulin,vials,158.2,13,8,13,10
2026-09-14,PHC-014,Gaya PHC-2,Gaya,Bihar,24.0755,78.743,Insulin,vials,159.7,13,9,13,10
2026-09-15,PHC-014,Gaya PHC-2,Gaya,Bihar,24.0755,78.743,Insulin,vials,160.7,13,6,13,12
2026-09-16,PHC-014,Gaya PHC-2,Gaya,Bihar,24.0755,78.743,Insulin,vials,161.3,13,7,13,10
2026-09-17,PHC-014,Gaya PHC-2,Gaya,Bihar,24.0755,78.743,Insulin,vials,162.0,13,10,13,11
2026-09-18,PHC-014,Gaya PHC-2,Gaya,Bihar,24.0755,78.743,Insulin,vials,163.5,13,8,13,9
2026-09-19,PHC-014,Gaya PHC-2,Gaya,Bihar,24.0755,78.743,Insulin,vials,164.8,13,7,13,10
2026-09-20,PHC-014,Gaya PHC-2,Gaya,Bihar,24.0755,78.743,Insulin,vials,165.6,13,4,13,9
2026-09-21,PHC-014,Gaya PHC-2,Gaya,Bihar,24.0755,78.743,Insulin,vials,166.4,13,7,13,10
2026-09-22,PHC-014,Gaya PHC-2,Gaya,Bihar,24.0755,78.743,Insulin,vials,167.5,13,6,13,12
2026-09-23,PHC-014,Gaya PHC-2,Gaya,Bihar,24.0755,78.743,Insulin,vials,168.7,13,9,13,11
2026-09-24,PHC-014,Gaya PHC-2,Gaya,Bihar,24.0755,78.743,Insulin,vials,169.6,13,7,13,9
2026-09-25,PHC-014,Gaya PHC-2,Gaya,Bihar,24.0755,78.743,Insulin,vials,171.0,13,6,13,11
2026-09-26,PHC-014,Gaya PHC-2,Gaya,Bihar,24.0755,78.743,Insulin,vials,171.8,13,7,13,11
2026-08-28,PHC-014,Gaya PHC-2,Gaya,Bihar,24.0755,78.743,Amoxicillin,strips,418.1,13,10,13,9
2026-08-29,PHC-014,Gaya PHC-2,Gaya,Bihar,24.0755,78.743,Amoxicillin,strips,428.6,13,7,13,8
2026-08-30,PHC-014,Gaya PHC-2,Gaya,Bihar,24.0755,78.743,Amoxicillin,strips,414.1,13,8,13,12
2026-08-31,PHC-014,Gaya PHC-2,Gaya,Bihar,24.0755,78.743,Amoxicillin,strips,411.8,13,9,13,8
2026-09-01,PHC-014,Gaya PHC-2,Gaya,Bihar,24.0755,78.743,Amoxicillin,strips,410.5,13,6,13,10
2026-09-02,PHC-014,Gaya PHC-2,Gaya,Bihar,24.0755,78.743,Amoxicillin,strips,411.7,13,7,13,11
2026-09-03,PHC-014,Gaya PHC-2,Gaya,Bihar,24.0755,78.743,Amoxicillin,strips,412.9,13,4,13,11
2026-09-04,PHC-014,Gaya PHC-2,Gaya,Bihar,24.0755,78.743,Amoxicillin,strips,412.3,13,9,13,10
2026-09-05,PHC-014,Gaya PHC-2,Gaya,Bihar,24.0755,78.743,Amoxicillin,strips,419.1,13,9,13,9
2026-09-06,PHC-014,Gaya PHC-2,Gaya,Bihar,24.0755,78.743,Amoxicillin,strips,424.5,13,8,13,10
2026-09-07,PHC-014,Gaya PHC-2,Gaya,Bihar,24.0755,78.743,Amoxicillin,strips,422.6,13,6,13,11
2026-09-08,PHC-014,Gaya PHC-2,Gaya,Bihar,24.0755,78.743,Amoxicillin,strips,422.0,13,9,13,11
2026-09-09,PHC-014,Gaya PHC-2,Gaya,Bihar,24.0755,78.743,Amoxicillin,strips,426.9,13,7,13,8
2026-09-10,PHC-014,Gaya PHC-2,Gaya,Bihar,24.0755,78.743,Amoxicillin,strips,431.3,13,4,13,10
2026-09-11,PHC-014,Gaya PHC-2,Gaya,Bihar,24.0755,78.743,Amoxicillin,strips,439.6,13,6,13,10
2026-09-12,PHC-014,Gaya PHC-2,Gaya,Bihar,24.0755,78.743,Amoxicillin,strips,440.7,13,7,13,12
2026-09-13,PHC-014,Gaya PHC-2,Gaya,Bihar,24.0755,78.743,Amoxicillin,strips,441.3,13,8,13,10
2026-09-14,PHC-014,Gaya PHC-2,Gaya,Bihar,24.0755,78.743,Amoxicillin,strips,441.7,13,9,13,11
2026-09-15,PHC-014,Gaya PHC-2,Gaya,Bihar,24.0755,78.743,Amoxicillin,strips,440.1,13,6,13,12
2026-09-16,PHC-014,Gaya PHC-2,Gaya,Bihar,24.0755,78.743,Amoxicillin,strips,435.3,13,8,13,8
2026-09-17,PHC-014,Gaya PHC-2,Gaya,Bihar,24.0755,78.743,Amoxicillin,strips,440.2,13,7,13,11
2026-09-18,PHC-014,Gaya PHC-2,Gaya,Bihar,24.0755,78.743,Amoxicillin,strips,437.9,13,8,13,11
2026-09-19,PHC-014,Gaya PHC-2,Gaya,Bihar,24.0755,78.743,Amoxicillin,strips,437.1,13,7,13,9
2026-09-20,PHC-014,Gaya PHC-2,Gaya,Bihar,24.0755,78.743,Amoxicillin,strips,429.9,13,4,13,9
2026-09-21,PHC-014,Gaya PHC-2,Gaya,Bihar,24.0755,78.743,Amoxicillin,strips,428.9,13,8,13,10
2026-09-22,PHC-014,Gaya PHC-2,Gaya,Bihar,24.0755,78.743,Amoxicillin,strips,432.6,13,3,13,10
2026-09-23,PHC-014,Gaya PHC-2,Gaya,Bihar,24.0755,78.743,Amoxicillin,strips,431.3,13,8,13,10
2026-09-24,PHC-014,Gaya PHC-2,Gaya,Bihar,24.0755,78.743,Amoxicillin,strips,429.0,13,6,13,10
2026-09-25,PHC-014,Gaya PHC-2,Gaya,Bihar,24.0755,78.743,Amoxicillin,strips,426.0,13,8,13,11
2026-09-26,PHC-014,Gaya PHC-2,Gaya,Bihar,24.0755,78.743,Amoxicillin,strips,425.4,13,9,13,10
2026-08-28,PHC-014,Gaya PHC-2,Gaya,Bihar,24.0755,78.743,Iron Folic Acid Tablets,strips,568.6,13,8,13,11
2026-08-29,PHC-014,Gaya PHC-2,Gaya,Bihar,24.0755,78.743,Iron Folic Acid Tablets,strips,548.7,13,6,13,12
2026-08-30,PHC-014,Gaya PHC-2,Gaya,Bihar,24.0755,78.743,Iron Folic Acid Tablets,strips,536.6,13,8,13,11
2026-08-31,PHC-014,Gaya PHC-2,Gaya,Bihar,24.0755,78.743,Iron Folic Acid Tablets,strips,515.8,13,7,13,10
2026-09-01,PHC-014,Gaya PHC-2,Gaya,Bihar,24.0755,78.743,Iron Folic Acid Tablets,strips,505.0,13,10,13,11
2026-09-02,PHC-014,Gaya PHC-2,Gaya,Bihar,24.0755,78.743,Iron Folic Acid Tablets,strips,491.0,13,13,13,11
2026-09-03,PHC-014,Gaya PHC-2,Gaya,Bihar,24.0755,78.743,Iron Folic Acid Tablets,strips,481.3,13,7,13,9
2026-09-04,PHC-014,Gaya PHC-2,Gaya,Bihar,24.0755,78.743,Iron Folic Acid Tablets,strips,471.1,13,7,13,10
2026-09-05,PHC-014,Gaya PHC-2,Gaya,Bihar,24.0755,78.743,Iron Folic Acid Tablets,strips,458.1,13,10,13,11
2026-09-06,PHC-014,Gaya PHC-2,Gaya,Bihar,24.0755,78.743,Iron Folic Acid Tablets,strips,444.1,13,9,13,11
2026-09-07,PHC-014,Gaya PHC-2,Gaya,Bihar,24.0755,78.743,Iron Folic Acid Tablets,strips,434.9,13,9,13,11
2026-09-08,PHC-014,Gaya PHC-2,Gaya,Bihar,24.0755,78.743,Iron Folic Acid Tablets,strips,420.0,13,9,13,11
2026-09-09,PHC-014,Gaya PHC-2,Gaya,Bihar,24.0755,78.743,Iron Folic Acid Tablets,strips,399.9,13,10,13,10
2026-09-10,PHC-014,Gaya PHC-2,Gaya,Bihar,24.0755,78.743,Iron Folic Acid Tablets,strips,382.0,13,8,13,10
2026-09-11,PHC-014,Gaya PHC-2,Gaya,Bihar,24.0755,78.743,Iron Folic Acid Tablets,strips,360.9,13,7,13,10
2026-09-12,PHC-014,Gaya PHC-2,Gaya,Bihar,24.0755,78.743,Iron Folic Acid Tablets,strips,339.8,13,6,13,11
2026-09-13,PHC-014,Gaya PHC-2,Gaya,Bihar,24.0755,78.743,Iron Folic Acid Tablets,strips,330.1,13,8,13,7
2026-09-14,PHC-014,Gaya PHC-2,Gaya,Bihar,24.0755,78.743,Iron Folic Acid Tablets,strips,313.5,13,6,13,11
2026-09-15,PHC-014,Gaya PHC-2,Gaya,Bihar,24.0755,78.743,Iron Folic Acid Tablets,strips,301.8,13,7,13,10
2026-09-16,PHC-014,Gaya PHC-2,Gaya,Bihar,24.0755,78.743,Iron Folic Acid Tablets,strips,293.9,13,10,13,11
2026-09-17,PHC-014,Gaya PHC-2,Gaya,Bihar,24.0755,78.743,Iron Folic Acid Tablets,strips,270.8,13,9,13,11
2026-09-18,PHC-014,Gaya PHC-2,Gaya,Bihar,24.0755,78.743,Iron Folic Acid Tablets,strips,261.6,13,9,13,10
2026-09-19,PHC-014,Gaya PHC-2,Gaya,Bihar,24.0755,78.743,Iron Folic Acid Tablets,strips,243.1,13,5,13,9
2026-09-20,PHC-014,Gaya PHC-2,Gaya,Bihar,24.0755,78.743,Iron Folic Acid Tablets,strips,221.7,13,5,13,12
2026-09-21,PHC-014,Gaya PHC-2,Gaya,Bihar,24.0755,78.743,Iron Folic Acid Tablets,strips,202.0,13,6,13,10
2026-09-22,PHC-014,Gaya PHC-2,Gaya,Bihar,24.0755,78.743,Iron Folic Acid Tablets,strips,190.7,13,7,13,9
2026-09-23,PHC-014,Gaya PHC-2,Gaya,Bihar,24.0755,78.743,Iron Folic Acid Tablets,strips,172.1,13,9,13,11
2026-09-24,PHC-014,Gaya PHC-2,Gaya,Bihar,24.0755,78.743,Iron Folic Acid Tablets,strips,160.6,13,9,13,11
2026-09-25,PHC-014,Gaya PHC-2,Gaya,Bihar,24.0755,78.743,Iron Folic Acid Tablets,strips,150.0,13,9,13,10
2026-09-26,PHC-014,Gaya PHC-2,Gaya,Bihar,24.0755,78.743,Iron Folic Acid Tablets,strips,130.7,13,11,13,11
2026-08-28,PHC-015,Gaya PHC-3,Gaya,Bihar,24.8064,76.2473,Paracetamol,units,399.4,25,13,13,9
2026-08-29,PHC-015,Gaya PHC-3,Gaya,Bihar,24.8064,76.2473,Paracetamol,units,386.6,25,19,13,12
2026-08-30,PHC-015,Gaya PHC-3,Gaya,Bihar,24.8064,76.2473,Paracetamol,units,370.0,25,20,13,11
2026-08-31,PHC-015,Gaya PHC-3,Gaya,Bihar,24.8064,76.2473,Paracetamol,units,363.1,25,14,13,11
2026-09-01,PHC-015,Gaya PHC-3,Gaya,Bihar,24.8064,76.2473,Paracetamol,units,347.5,25,15,13,11
2026-09-02,PHC-015,Gaya PHC-3,Gaya,Bihar,24.8064,76.2473,Paracetamol,units,336.8,25,14,13,10
2026-09-03,PHC-015,Gaya PHC-3,Gaya,Bihar,24.8064,76.2473,Paracetamol,units,317.7,25,8,13,10
2026-09-04,PHC-015,Gaya PHC-3,Gaya,Bihar,24.8064,76.2473,Paracetamol,units,303.7,25,18,13,10
2026-09-05,PHC-015,Gaya PHC-3,Gaya,Bihar,24.8064,76.2473,Paracetamol,units,284.3,25,17,13,10
2026-09-06,PHC-015,Gaya PHC-3,Gaya,Bihar,24.8064,76.2473,Paracetamol,units,275.9,25,13,13,12
2026-09-07,PHC-015,Gaya PHC-3,Gaya,Bihar,24.8064,76.2473,Paracetamol,units,256.8,25,11,13,11
2026-09-08,PHC-015,Gaya PHC-3,Gaya,Bihar,24.8064,76.2473,Paracetamol,units,241.3,25,6,13,12
2026-09-09,PHC-015,Gaya PHC-3,Gaya,Bihar,24.8064,76.2473,Paracetamol,units,231.4,25,7,13,7
2026-09-10,PHC-015,Gaya PHC-3,Gaya,Bihar,24.8064,76.2473,Paracetamol,units,220.7,25,14,13,10
2026-09-11,PHC-015,Gaya PHC-3,Gaya,Bihar,24.8064,76.2473,Paracetamol,units,213.3,25,12,13,9
2026-09-12,PHC-015,Gaya PHC-3,Gaya,Bihar,24.8064,76.2473,Paracetamol,units,203.2,25,15,13,11
2026-09-13,PHC-015,Gaya PHC-3,Gaya,Bihar,24.8064,76.2473,Paracetamol,units,193.9,25,18,13,10
2026-09-14,PHC-015,Gaya PHC-3,Gaya,Bihar,24.8064,76.2473,Paracetamol,units,176.5,25,12,13,12
2026-09-15,PHC-015,Gaya PHC-3,Gaya,Bihar,24.8064,76.2473,Paracetamol,units,166.6,25,12,13,12
2026-09-16,PHC-015,Gaya PHC-3,Gaya,Bihar,24.8064,76.2473,Paracetamol,units,156.9,25,15,13,12
2026-09-17,PHC-015,Gaya PHC-3,Gaya,Bihar,24.8064,76.2473,Paracetamol,units,142.5,25,12,13,11
2026-09-18,PHC-015,Gaya PHC-3,Gaya,Bihar,24.8064,76.2473,Paracetamol,units,129.5,25,25,13,9
2026-09-19,PHC-015,Gaya PHC-3,Gaya,Bihar,24.8064,76.2473,Paracetamol,units,122.7,25,12,13,10
2026-09-20,PHC-015,Gaya PHC-3,Gaya,Bihar,24.8064,76.2473,Paracetamol,units,107.2,25,13,13,11
2026-09-21,PHC-015,Gaya PHC-3,Gaya,Bihar,24.8064,76.2473,Paracetamol,units,97.3,25,8,13,10
2026-09-22,PHC-015,Gaya PHC-3,Gaya,Bihar,24.8064,76.2473,Paracetamol,units,89.2,25,15,13,11
2026-09-23,PHC-015,Gaya PHC-3,Gaya,Bihar,24.8064,76.2473,Paracetamol,units,70.1,25,12,13,11
2026-09-24,PHC-015,Gaya PHC-3,Gaya,Bihar,24.8064,76.2473,Paracetamol,units,63.2,25,10,13,11
2026-09-25,PHC-015,Gaya PHC-3,Gaya,Bihar,24.8064,76.2473,Paracetamol,units,55.9,25,18,13,10
2026-09-26,PHC-015,Gaya PHC-3,Gaya,Bihar,24.8064,76.2473,Paracetamol,units,46.6,25,13,13,11
2026-08-28,PHC-015,Gaya PHC-3,Gaya,Bihar,24.8064,76.2473,ORS Sachets,packets,398.0,25,15,13,10
2026-08-29,PHC-015,Gaya PHC-3,Gaya,Bihar,24.8064,76.2473,ORS Sachets,packets,394.3,25,12,13,9
2026-08-30,PHC-015,Gaya PHC-3,Gaya,Bihar,24.8064,76.2473,ORS Sachets,packets,396.9,25,20,13,10
2026-08-31,PHC-015,Gaya PHC-3,Gaya,Bihar,24.8064,76.2473,ORS Sachets,packets,391.9,25,19,13,12
2026-09-01,PHC-015,Gaya PHC-3,Gaya,Bihar,24.8064,76.2473,ORS Sachets,packets,387.6,25,10,13,11
2026-09-02,PHC-015,Gaya PHC-3,Gaya,Bihar,24.8064,76.2473,ORS Sachets,packets,382.0,25,13,13,12
2026-09-03,PHC-015,Gaya PHC-3,Gaya,Bihar,24.8064,76.2473,ORS Sachets,packets,388.2,25,17,13,9
2026-09-04,PHC-015,Gaya PHC-3,Gaya,Bihar,24.8064,76.2473,ORS Sachets,packets,387.7,25,11,13,9
2026-09-05,PHC-015,Gaya PHC-3,Gaya,Bihar,24.8064,76.2473,ORS Sachets,packets,383.8,25,19,13,10
2026-09-06,PHC-015,Gaya PHC-3,Gaya,Bihar,24.8064,76.2473,ORS Sachets,packets,384.6,25,12,13,11
2026-09-07,PHC-015,Gaya PHC-3,Gaya,Bihar,24.8064,76.2473,ORS Sachets,packets,385.4,25,5,13,10
2026-09-08,PHC-015,Gaya PHC-3,Gaya,Bihar,24.8064,76.2473,ORS Sachets,packets,386.7,25,10,13,9
2026-09-09,PHC-015,Gaya PHC-3,Gaya,Bihar,24.8064,76.2473,ORS Sachets,packets,387.1,25,7,13,11
2026-09-10,PHC-015,Gaya PHC-3,Gaya,Bihar,24.8064,76.2473,ORS Sachets,packets,385.9,25,16,13,11
2026-09-11,PHC-015,Gaya PHC-3,Gaya,Bihar,24.8064,76.2473,ORS Sachets,packets,379.2,25,15,13,9
2026-09-12,PHC-015,Gaya PHC-3,Gaya,Bihar,24.8064,76.2473,ORS Sachets,packets,381.1,25,20,13,11
2026-09-13,PHC-015,Gaya PHC-3,Gaya,Bihar,24.8064,76.2473,ORS Sachets,packets,378.5,25,15,13,10
2026-09-14,PHC-015,Gaya PHC-3,Gaya,Bihar,24.8064,76.2473,ORS Sachets,packets,376.5,25,14,13,12
2026-09-15,PHC-015,Gaya PHC-3,Gaya,Bihar,24.8064,76.2473,ORS Sachets,packets,373.2,25,24,13,9
2026-09-16,PHC-015,Gaya PHC-3,Gaya,Bihar,24.8064,76.2473,ORS Sachets,packets,374.4,25,16,13,10
2026-09-17,PHC-015,Gaya PHC-3,Gaya,Bihar,24.8064,76.2473,ORS Sachets,packets,373.5,25,10,13,13
2026-09-18,PHC-015,Gaya PHC-3,Gaya,Bihar,24.8064,76.2473,ORS Sachets,packets,376.0,25,13,13,10
2026-09-19,PHC-015,Gaya PHC-3,Gaya,Bihar,24.8064,76.2473,ORS Sachets,packets,369.3,25,14,13,10
2026-09-20,PHC-015,Gaya PHC-3,Gaya,Bihar,24.8064,76.2473,ORS Sachets,packets,364.2,25,12,13,9
2026-09-21,PHC-015,Gaya PHC-3,Gaya,Bihar,24.8064,76.2473,ORS Sachets,packets,362.6,25,17,13,12
2026-09-22,PHC-015,Gaya PHC-3,Gaya,Bihar,24.8064,76.2473,ORS Sachets,packets,360.0,25,9,13,12
2026-09-23,PHC-015,Gaya PHC-3,Gaya,Bihar,24.8064,76.2473,ORS Sachets,packets,361.2,25,15,13,11
2026-09-24,PHC-015,Gaya PHC-3,Gaya,Bihar,24.8064,76.2473,ORS Sachets,packets,357.7,25,11,13,11
2026-09-25,PHC-015,Gaya PHC-3,Gaya,Bihar,24.8064,76.2473,ORS Sachets,packets,346.6,25,17,13,9
2026-09-26,PHC-015,Gaya PHC-3,Gaya,Bihar,24.8064,76.2473,ORS Sachets,packets,351.5,25,15,13,12
2026-08-28,PHC-015,Gaya PHC-3,Gaya,Bihar,24.8064,76.2473,Insulin,vials,116.8,25,17,13,10
2026-08-29,PHC-015,Gaya PHC-3,Gaya,Bihar,24.8064,76.2473,Insulin,vials,116.2,25,22,13,13
2026-08-30,PHC-015,Gaya PHC-3,Gaya,Bihar,24.8064,76.2473,Insulin,vials,116.6,25,19,13,9
2026-08-31,PHC-015,Gaya PHC-3,Gaya,Bihar,24.8064,76.2473,Insulin,vials,118.0,25,16,13,10
2026-09-01,PHC-015,Gaya PHC-3,Gaya,Bihar,24.8064,76.2473,Insulin,vials,116.8,25,14,13,10
2026-09-02,PHC-015,Gaya PHC-3,Gaya,Bihar,24.8064,76.2473,Insulin,vials,117.4,25,17,13,11
2026-09-03,PHC-015,Gaya PHC-3,Gaya,Bihar,24.8064,76.2473,Insulin,vials,118.2,25,17,13,12
2026-09-04,PHC-015,Gaya PHC-3,Gaya,Bihar,24.8064,76.2473,Insulin,vials,116.1,25,13,13,10
2026-09-05,PHC-015,Gaya PHC-3,Gaya,Bihar,24.8064,76.2473,Insulin,vials,116.2,25,14,13,12
2026-09-06,PHC-015,Gaya PHC-3,Gaya,Bihar,24.8064,76.2473,Insulin,vials,114.7,25,11,13,10
2026-09-07,PHC-015,Gaya PHC-3,Gaya,Bihar,24.8064,76.2473,Insulin,vials,114.6,25,14,13,10
2026-09-08,PHC-015,Gaya PHC-3,Gaya,Bihar,24.8064,76.2473,Insulin,vials,114.5,25,18,13,10
2026-09-09,PHC-015,Gaya PHC-3,Gaya,Bihar,24.8064,76.2473,Insulin,vials,114.2,25,14,13,11
2026-09-10,PHC-015,Gaya PHC-3,Gaya,Bihar,24.8064,76.2473,Insulin,vials,114.7,25,11,13,11
2026-09-11,PHC-015,Gaya PHC-3,Gaya,Bihar,24.8064,76.2473,Insulin,vials,115.9,25,15,13,12
2026-09-12,PHC-015,Gaya PHC-3,Gaya,Bihar,24.8064,76.2473,Insulin,vials,113.7,25,12,13,9
2026-09-13,PHC-015,Gaya PHC-3,Gaya,Bihar,24.8064,76.2473,Insulin,vials,114.1,25,14,13,10
2026-09-14,PHC-015,Gaya PHC-3,Gaya,Bihar,24.8064,76.2473,Insulin,vials,113.2,25,21,13,10
2026-09-15,PHC-015,Gaya PHC-3,Gaya,Bihar,24.8064,76.2473,Insulin,vials,113.9,25,14,13,13
2026-09-16,PHC-015,Gaya PHC-3,Gaya,Bihar,24.8064,76.2473,Insulin,vials,114.4,25,19,13,10
2026-09-17,PHC-015,Gaya PHC-3,Gaya,Bihar,24.8064,76.2473,Insulin,vials,115.1,25,17,13,9
2026-09-18,PHC-015,Gaya PHC-3,Gaya,Bihar,24.8064,76.2473,Insulin,vials,111.9,25,17,13,10
2026-09-19,PHC-015,Gaya PHC-3,Gaya,Bihar,24.8064,76.2473,Insulin,vials,110.6,25,10,13,10
2026-09-20,PHC-015,Gaya PHC-3,Gaya,Bihar,24.8064,76.2473,Insulin,vials,110.7,25,17,13,13
2026-09-21,PHC-015,Gaya PHC-3,Gaya,Bihar,24.8064,76.2473,Insulin,vials,111.4,25,11,13,9
2026-09-22,PHC-015,Gaya PHC-3,Gaya,Bihar,24.8064,76.2473,Insulin,vials,110.0,25,15,13,10
2026-09-23,PHC-015,Gaya PHC-3,Gaya,Bihar,24.8064,76.2473,Insulin,vials,112.1,25,12,13,9
2026-09-24,PHC-015,Gaya PHC-3,Gaya,Bihar,24.8064,76.2473,Insulin,vials,111.4,25,19,13,10
2026-09-25,PHC-015,Gaya PHC-3,Gaya,Bihar,24.8064,76.2473,Insulin,vials,111.8,25,17,13,11
2026-09-26,PHC-015,Gaya PHC-3,Gaya,Bihar,24.8064,76.2473,Insulin,vials,112.2,25,17,13,11
2026-08-28,PHC-015,Gaya PHC-3,Gaya,Bihar,24.8064,76.2473,Amoxicillin,strips,343.6,25,13,13,12
2026-08-29,PHC-015,Gaya PHC-3,Gaya,Bihar,24.8064,76.2473,Amoxicillin,strips,350.9,25,14,13,11
2026-08-30,PHC-015,Gaya PHC-3,Gaya,Bihar,24.8064,76.2473,Amoxicillin,strips,342.1,25,14,13,11
2026-08-31,PHC-015,Gaya PHC-3,Gaya,Bihar,24.8064,76.2473,Amoxicillin,strips,341.2,25,6,13,9
2026-09-01,PHC-015,Gaya PHC-3,Gaya,Bihar,24.8064,76.2473,Amoxicillin,strips,335.2,25,20,13,9
2026-09-02,PHC-015,Gaya PHC-3,Gaya,Bihar,24.8064,76.2473,Amoxicillin,strips,337.4,25,11,13,12
2026-09-03,PHC-015,Gaya PHC-3,Gaya,Bihar,24.8064,76.2473,Amoxicillin,strips,339.1,25,13,13,11
2026-09-04,PHC-015,Gaya PHC-3,Gaya,Bihar,24.8064,76.2473,Amoxicillin,strips,338.7,25,21,13,10
2026-09-05,PHC-015,Gaya PHC-3,Gaya,Bihar,24.8064,76.2473,Amoxicillin,strips,340.8,25,10,13,11
2026-09-06,PHC-015,Gaya PHC-3,Gaya,Bihar,24.8064,76.2473,Amoxicillin,strips,337.0,25,16,13,11
2026-09-07,PHC-015,Gaya PHC-3,Gaya,Bihar,24.8064,76.2473,Amoxicillin,strips,336.8,25,14,13,10
2026-09-08,PHC-015,Gaya PHC-3,Gaya,Bihar,24.8064,76.2473,Amoxicillin,strips,334.5,25,24,13,9
2026-09-09,PHC-015,Gaya PHC-3,Gaya,Bihar,24.8064,76.2473,Amoxicillin,strips,331.8,25,22,13,9
2026-09-10,PHC-015,Gaya PHC-3,Gaya,Bihar,24.8064,76.2473,Amoxicillin,strips,333.3,25,16,13,12
2026-09-11,PHC-015,Gaya PHC-3,Gaya,Bihar,24.8064,76.2473,Amoxicillin,strips,331.5,25,15,13,8
2026-09-12,PHC-015,Gaya PHC-3,Gaya,Bihar,24.8064,76.2473,Amoxicillin,strips,329.1,25,14,13,9
2026-09-13,PHC-015,Gaya PHC-3,Gaya,Bihar,24.8064,76.2473,Amoxicillin,strips,323.0,25,15,13,9
2026-09-14,PHC-015,Gaya PHC-3,Gaya,Bihar,24.8064,76.2473,Amoxicillin,strips,327.3,25,17,13,12
2026-09-15,PHC-015,Gaya PHC-3,Gaya,Bihar,24.8064,76.2473,Amoxicillin,strips,325.1,25,20,13,9
2026-09-16,PHC-015,Gaya PHC-3,Gaya,Bihar,24.8064,76.2473,Amoxicillin,strips,323.3,25,11,13,11
2026-09-17,PHC-015,Gaya PHC-3,Gaya,Bihar,24.8064,76.2473,Amoxicillin,strips,326.3,25,15,13,11
2026-09-18,PHC-015,Gaya PHC-3,Gaya,Bihar,24.8064,76.2473,Amoxicillin,strips,327.7,25,17,13,11
2026-09-19,PHC-015,Gaya PHC-3,Gaya,Bihar,24.8064,76.2473,Amoxicillin,strips,323.0,25,14,13,9
2026-09-20,PHC-015,Gaya PHC-3,Gaya,Bihar,24.8064,76.2473,Amoxicillin,strips,332.1,25,13,13,11
2026-09-21,PHC-015,Gaya PHC-3,Gaya,Bihar,24.8064,76.2473,Amoxicillin,strips,322.5,25,13,13,11
2026-09-22,PHC-015,Gaya PHC-3,Gaya,Bihar,24.8064,76.2473,Amoxicillin,strips,316.6,25,19,13,12
2026-09-23,PHC-015,Gaya PHC-3,Gaya,Bihar,24.8064,76.2473,Amoxicillin,strips,318.9,25,15,13,11
2026-09-24,PHC-015,Gaya PHC-3,Gaya,Bihar,24.8064,76.2473,Amoxicillin,strips,319.4,25,12,13,12
2026-09-25,PHC-015,Gaya PHC-3,Gaya,Bihar,24.8064,76.2473,Amoxicillin,strips,325.9,25,13,13,9
2026-09-26,PHC-015,Gaya PHC-3,Gaya,Bihar,24.8064,76.2473,Amoxicillin,strips,327.8,25,16,13,10
2026-08-28,PHC-015,Gaya PHC-3,Gaya,Bihar,24.8064,76.2473,Iron Folic Acid Tablets,strips,834.8,25,21,13,11
2026-08-29,PHC-015,Gaya PHC-3,Gaya,Bihar,24.8064,76.2473,Iron Folic Acid Tablets,strips,836.0,25,23,13,10
2026-08-30,PHC-015,Gaya PHC-3,Gaya,Bihar,24.8064,76.2473,Iron Folic Acid Tablets,strips,842.5,25,17,13,13
2026-08-31,PHC-015,Gaya PHC-3,Gaya,Bihar,24.8064,76.2473,Iron Folic Acid Tablets,strips,834.1,25,19,13,9
2026-09-01,PHC-015,Gaya PHC-3,Gaya,Bihar,24.8064,76.2473,Iron Folic Acid Tablets,strips,833.7,25,18,13,11
2026-09-02,PHC-015,Gaya PHC-3,Gaya,Bihar,24.8064,76.2473,Iron Folic Acid Tablets,strips,831.5,25,19,13,13
2026-09-03,PHC-015,Gaya PHC-3,Gaya,Bihar,24.8064,76.2473,Iron Folic Acid Tablets,strips,832.1,25,10,13,10
2026-09-04,PHC-015,Gaya PHC-3,Gaya,Bihar,24.8064,76.2473,Iron Folic Acid Tablets,strips,828.3,25,14,13,13
2026-09-05,PHC-015,Gaya PHC-3,Gaya,Bihar,24.8064,76.2473,Iron Folic Acid Tablets,strips,827.2,25,10,13,12
2026-09-06,PHC-015,Gaya PHC-3,Gaya,Bihar,24.8064,76.2473,Iron Folic Acid Tablets,strips,814.2,25,17,13,12
2026-09-07,PHC-015,Gaya PHC-3,Gaya,Bihar,24.8064,76.2473,Iron Folic Acid Tablets,strips,809.9,25,14,13,11
2026-09-08,PHC-015,Gaya PHC-3,Gaya,Bihar,24.8064,76.2473,Iron Folic Acid Tablets,strips,807.3,25,17,13,10
2026-09-09,PHC-015,Gaya PHC-3,Gaya,Bihar,24.8064,76.2473,Iron Folic Acid Tablets,strips,797.8,25,9,13,11
2026-09-10,PHC-015,Gaya PHC-3,Gaya,Bihar,24.8064,76.2473,Iron Folic Acid Tablets,strips,800.8,25,13,13,10
2026-09-11,PHC-015,Gaya PHC-3,Gaya,Bihar,24.8064,76.2473,Iron Folic Acid Tablets,strips,788.3,25,19,13,12
2026-09-12,PHC-015,Gaya PHC-3,Gaya,Bihar,24.8064,76.2473,Iron Folic Acid Tablets,strips,782.9,25,11,13,10
2026-09-13,PHC-015,Gaya PHC-3,Gaya,Bihar,24.8064,76.2473,Iron Folic Acid Tablets,strips,779.6,25,17,13,11
2026-09-14,PHC-015,Gaya PHC-3,Gaya,Bihar,24.8064,76.2473,Iron Folic Acid Tablets,strips,784.9,25,16,13,12
2026-09-15,PHC-015,Gaya PHC-3,Gaya,Bihar,24.8064,76.2473,Iron Folic Acid Tablets,strips,789.2,25,16,13,12
2026-09-16,PHC-015,Gaya PHC-3,Gaya,Bihar,24.8064,76.2473,Iron Folic Acid Tablets,strips,788.2,25,14,13,10
2026-09-17,PHC-015,Gaya PHC-3,Gaya,Bihar,24.8064,76.2473,Iron Folic Acid Tablets,strips,790.2,25,16,13,10
2026-09-18,PHC-015,Gaya PHC-3,Gaya,Bihar,24.8064,76.2473,Iron Folic Acid Tablets,strips,798.8,25,16,13,9
2026-09-19,PHC-015,Gaya PHC-3,Gaya,Bihar,24.8064,76.2473,Iron Folic Acid Tablets,strips,786.5,25,15,13,10
2026-09-20,PHC-015,Gaya PHC-3,Gaya,Bihar,24.8064,76.2473,Iron Folic Acid Tablets,strips,799.8,25,10,13,11
2026-09-21,PHC-015,Gaya PHC-3,Gaya,Bihar,24.8064,76.2473,Iron Folic Acid Tablets,strips,809.4,25,14,13,9
2026-09-22,PHC-015,Gaya PHC-3,Gaya,Bihar,24.8064,76.2473,Iron Folic Acid Tablets,strips,807.9,25,12,13,10
2026-09-23,PHC-015,Gaya PHC-3,Gaya,Bihar,24.8064,76.2473,Iron Folic Acid Tablets,strips,807.3,25,16,13,9
2026-09-24,PHC-015,Gaya PHC-3,Gaya,Bihar,24.8064,76.2473,Iron Folic Acid Tablets,strips,806.0,25,14,13,13
2026-09-25,PHC-015,Gaya PHC-3,Gaya,Bihar,24.8064,76.2473,Iron Folic Acid Tablets,strips,795.7,25,16,13,11
2026-09-26,PHC-015,Gaya PHC-3,Gaya,Bihar,24.8064,76.2473,Iron Folic Acid Tablets,strips,789.3,25,21,13,9
2026-08-28,PHC-016,Muzaffarpur PHC-1,Muzaffarpur,Bihar,27.3143,77.7496,Paracetamol,units,575.6,27,18,7,5
2026-08-29,PHC-016,Muzaffarpur PHC-1,Muzaffarpur,Bihar,27.3143,77.7496,Paracetamol,units,572.3,27,16,7,4
2026-08-30,PHC-016,Muzaffarpur PHC-1,Muzaffarpur,Bihar,27.3143,77.7496,Paracetamol,units,572.7,27,17,7,3
2026-08-31,PHC-016,Muzaffarpur PHC-1,Muzaffarpur,Bihar,27.3143,77.7496,Paracetamol,units,567.2,27,21,7,5
2026-09-01,PHC-016,Muzaffarpur PHC-1,Muzaffarpur,Bihar,27.3143,77.7496,Paracetamol,units,567.7,27,12,7,7
2026-09-02,PHC-016,Muzaffarpur PHC-1,Muzaffarpur,Bihar,27.3143,77.7496,Paracetamol,units,566.9,27,18,7,4
2026-09-03,PHC-016,Muzaffarpur PHC-1,Muzaffarpur,Bihar,27.3143,77.7496,Paracetamol,units,569.6,27,11,7,4
2026-09-04,PHC-016,Muzaffarpur PHC-1,Muzaffarpur,Bihar,27.3143,77.7496,Paracetamol,units,571.2,27,11,7,5
2026-09-05,PHC-016,Muzaffarpur PHC-1,Muzaffarpur,Bihar,27.3143,77.7496,Paracetamol,units,584.2,27,19,7,5
2026-09-06,PHC-016,Muzaffarpur PHC-1,Muzaffarpur,Bihar,27.3143,77.7496,Paracetamol,units,579.2,27,13,7,6
2026-09-07,PHC-016,Muzaffarpur PHC-1,Muzaffarpur,Bihar,27.3143,77.7496,Paracetamol,units,579.0,27,17,7,6
2026-09-08,PHC-016,Muzaffarpur PHC-1,Muzaffarpur,Bihar,27.3143,77.7496,Paracetamol,units,577.1,27,14,7,6
2026-09-09,PHC-016,Muzaffarpur PHC-1,Muzaffarpur,Bihar,27.3143,77.7496,Paracetamol,units,577.7,27,11,7,4
2026-09-10,PHC-016,Muzaffarpur PHC-1,Muzaffarpur,Bihar,27.3143,77.7496,Paracetamol,units,584.4,27,16,7,5
2026-09-11,PHC-016,Muzaffarpur PHC-1,Muzaffarpur,Bihar,27.3143,77.7496,Paracetamol,units,577.7,27,21,7,6
2026-09-12,PHC-016,Muzaffarpur PHC-1,Muzaffarpur,Bihar,27.3143,77.7496,Paracetamol,units,576.5,27,14,7,7
2026-09-13,PHC-016,Muzaffarpur PHC-1,Muzaffarpur,Bihar,27.3143,77.7496,Paracetamol,units,577.6,27,18,7,5
2026-09-14,PHC-016,Muzaffarpur PHC-1,Muzaffarpur,Bihar,27.3143,77.7496,Paracetamol,units,579.2,27,9,7,6
2026-09-15,PHC-016,Muzaffarpur PHC-1,Muzaffarpur,Bihar,27.3143,77.7496,Paracetamol,units,579.8,27,16,7,6
2026-09-16,PHC-016,Muzaffarpur PHC-1,Muzaffarpur,Bihar,27.3143,77.7496,Paracetamol,units,574.7,27,14,7,6
2026-09-17,PHC-016,Muzaffarpur PHC-1,Muzaffarpur,Bihar,27.3143,77.7496,Paracetamol,units,576.0,27,27,7,6
2026-09-18,PHC-016,Muzaffarpur PHC-1,Muzaffarpur,Bihar,27.3143,77.7496,Paracetamol,units,574.5,27,12,7,5
2026-09-19,PHC-016,Muzaffarpur PHC-1,Muzaffarpur,Bihar,27.3143,77.7496,Paracetamol,units,575.9,27,17,7,5
2026-09-20,PHC-016,Muzaffarpur PHC-1,Muzaffarpur,Bihar,27.3143,77.7496,Paracetamol,units,574.7,27,19,7,6
2026-09-21,PHC-016,Muzaffarpur PHC-1,Muzaffarpur,Bihar,27.3143,77.7496,Paracetamol,units,579.3,27,13,7,6
2026-09-22,PHC-016,Muzaffarpur PHC-1,Muzaffarpur,Bihar,27.3143,77.7496,Paracetamol,units,590.1,27,14,7,6
2026-09-23,PHC-016,Muzaffarpur PHC-1,Muzaffarpur,Bihar,27.3143,77.7496,Paracetamol,units,584.0,27,15,7,5
2026-09-24,PHC-016,Muzaffarpur PHC-1,Muzaffarpur,Bihar,27.3143,77.7496,Paracetamol,units,581.1,27,20,7,5
2026-09-25,PHC-016,Muzaffarpur PHC-1,Muzaffarpur,Bihar,27.3143,77.7496,Paracetamol,units,582.4,27,10,7,6
2026-09-26,PHC-016,Muzaffarpur PHC-1,Muzaffarpur,Bihar,27.3143,77.7496,Paracetamol,units,586.6,27,14,7,5
2026-08-28,PHC-016,Muzaffarpur PHC-1,Muzaffarpur,Bihar,27.3143,77.7496,ORS Sachets,packets,277.8,27,12,7,5
2026-08-29,PHC-016,Muzaffarpur PHC-1,Muzaffarpur,Bihar,27.3143,77.7496,ORS Sachets,packets,280.9,27,18,7,3
2026-08-30,PHC-016,Muzaffarpur PHC-1,Muzaffarpur,Bihar,27.3143,77.7496,ORS Sachets,packets,283.5,27,18,7,6
2026-08-31,PHC-016,Muzaffarpur PHC-1,Muzaffarpur,Bihar,27.3143,77.7496,ORS Sachets,packets,285.4,27,8,7,6
2026-09-01,PHC-016,Muzaffarpur PHC-1,Muzaffarpur,Bihar,27.3143,77.7496,ORS Sachets,packets,289.0,27,18,7,5
2026-09-02,PHC-016,Muzaffarpur PHC-1,Muzaffarpur,Bihar,27.3143,77.7496,ORS Sachets,packets,290.6,27,13,7,6
2026-09-03,PHC-016,Muzaffarpur PHC-1,Muzaffarpur,Bihar,27.3143,77.7496,ORS Sachets,packets,294.3,27,25,7,7
2026-09-04,PHC-016,Muzaffarpur PHC-1,Muzaffarpur,Bihar,27.3143,77.7496,ORS Sachets,packets,298.7,27,21,7,5
2026-09-05,PHC-016,Muzaffarpur PHC-1,Muzaffarpur,Bihar,27.3143,77.7496,ORS Sachets,packets,300.7,27,15,7,4
2026-09-06,PHC-016,Muzaffarpur PHC-1,Muzaffarpur,Bihar,27.3143,77.7496,ORS Sachets,packets,305.1,27,20,7,5
2026-09-07,PHC-016,Muzaffarpur PHC-1,Muzaffarpur,Bihar,27.3143,77.7496,ORS Sachets,packets,308.9,27,13,7,3
2026-09-08,PHC-016,Muzaffarpur PHC-1,Muzaffarpur,Bihar,27.3143,77.7496,ORS Sachets,packets,312.4,27,9,7,6
2026-09-09,PHC-016,Muzaffarpur PHC-1,Muzaffarpur,Bihar,27.3143,77.7496,ORS Sachets,packets,316.3,27,10,7,6
2026-09-10,PHC-016,Muzaffarpur PHC-1,Muzaffarpur,Bihar,27.3143,77.7496,ORS Sachets,packets,318.2,27,19,7,4
2026-09-11,PHC-016,Muzaffarpur PHC-1,Muzaffarpur,Bihar,27.3143,77.7496,ORS Sachets,packets,320.6,27,6,7,3
2026-09-12,PHC-016,Muzaffarpur PHC-1,Muzaffarpur,Bihar,27.3143,77.7496,ORS Sachets,packets,324.7,27,24,7,6
2026-09-13,PHC-016,Muzaffarpur PHC-1,Muzaffarpur,Bihar,27.3143,77.7496,ORS Sachets,packets,327.3,27,14,7,6
2026-09-14,PHC-016,Muzaffarpur PHC-1,Muzaffarpur,Bihar,27.3143,77.7496,ORS Sachets,packets,330.9,27,17,7,5
2026-09-15,PHC-016,Muzaffarpur PHC-1,Muzaffarpur,Bihar,27.3143,77.7496,ORS Sachets,packets,335.2,27,14,7,6
2026-09-16,PHC-016,Muzaffarpur PHC-1,Muzaffarpur,Bihar,27.3143,77.7496,ORS Sachets,packets,339.6,27,18,7,5
2026-09-17,PHC-016,Muzaffarpur PHC-1,Muzaffarpur,Bihar,27.3143,77.7496,ORS Sachets,packets,341.9,27,21,7,5
2026-09-18,PHC-016,Muzaffarpur PHC-1,Muzaffarpur,Bihar,27.3143,77.7496,ORS Sachets,packets,345.1,27,8,7,5
2026-09-19,PHC-016,Muzaffarpur PHC-1,Muzaffarpur,Bihar,27.3143,77.7496,ORS Sachets,packets,346.6,27,23,7,3
2026-09-20,PHC-016,Muzaffarpur PHC-1,Muzaffarpur,Bihar,27.3143,77.7496,ORS Sachets,packets,348.5,27,22,7,5
2026-09-21,PHC-016,Muzaffarpur PHC-1,Muzaffarpur,Bihar,27.3143,77.7496,ORS Sachets,packets,351.9,27,17,7,6
2026-09-22,PHC-016,Muzaffarpur PHC-1,Muzaffarpur,Bihar,27.3143,77.7496,ORS Sachets,packets,356.1,27,18,7,7
2026-09-23,PHC-016,Muzaffarpur PHC-1,Muzaffarpur,Bihar,27.3143,77.7496,ORS Sachets,packets,359.9,27,13,7,5
2026-09-24,PHC-016,Muzaffarpur PHC-1,Muzaffarpur,Bihar,27.3143,77.7496,ORS Sachets,packets,362.7,27,18,7,5
2026-09-25,PHC-016,Muzaffarpur PHC-1,Muzaffarpur,Bihar,27.3143,77.7496,ORS Sachets,packets,364.3,27,18,7,4
2026-09-26,PHC-016,Muzaffarpur PHC-1,Muzaffarpur,Bihar,27.3143,77.7496,ORS Sachets,packets,367.8,27,14,7,7
2026-08-28,PHC-016,Muzaffarpur PHC-1,Muzaffarpur,Bihar,27.3143,77.7496,Insulin,vials,80.9,27,19,7,6
2026-08-29,PHC-016,Muzaffarpur PHC-1,Muzaffarpur,Bihar,27.3143,77.7496,Insulin,vials,81.5,27,15,7,6
2026-08-30,PHC-016,Muzaffarpur PHC-1,Muzaffarpur,Bihar,27.3143,77.7496,Insulin,vials,80.6,27,12,7,6
2026-08-31,PHC-016,Muzaffarpur PHC-1,Muzaffarpur,Bihar,27.3143,77.7496,Insulin,vials,81.6,27,15,7,7
2026-09-01,PHC-016,Muzaffarpur PHC-1,Muzaffarpur,Bihar,27.3143,77.7496,Insulin,vials,81.8,27,14,7,6
2026-09-02,PHC-016,Muzaffarpur PHC-1,Muzaffarpur,Bihar,27.3143,77.7496,Insulin,vials,81.7,27,18,7,6
2026-09-03,PHC-016,Muzaffarpur PHC-1,Muzaffarpur,Bihar,27.3143,77.7496,Insulin,vials,83.7,27,21,7,6
2026-09-04,PHC-016,Muzaffarpur PHC-1,Muzaffarpur,Bihar,27.3143,77.7496,Insulin,vials,83.0,27,15,7,6
2026-09-05,PHC-016,Muzaffarpur PHC-1,Muzaffarpur,Bihar,27.3143,77.7496,Insulin,vials,84.2,27,11,7,7
2026-09-06,PHC-016,Muzaffarpur PHC-1,Muzaffarpur,Bihar,27.3143,77.7496,Insulin,vials,83.3,27,21,7,7
2026-09-07,PHC-016,Muzaffarpur PHC-1,Muzaffarpur,Bihar,27.3143,77.7496,Insulin,vials,84.1,27,19,7,7
2026-09-08,PHC-016,Muzaffarpur PHC-1,Muzaffarpur,Bihar,27.3143,77.7496,Insulin,vials,83.3,27,24,7,7
2026-09-09,PHC-016,Muzaffarpur PHC-1,Muzaffarpur,Bihar,27.3143,77.7496,Insulin,vials,82.3,27,18,7,5
2026-09-10,PHC-016,Muzaffarpur PHC-1,Muzaffarpur,Bihar,27.3143,77.7496,Insulin,vials,82.8,27,13,7,4
2026-09-11,PHC-016,Muzaffarpur PHC-1,Muzaffarpur,Bihar,27.3143,77.7496,Insulin,vials,82.2,27,16,7,4
2026-09-12,PHC-016,Muzaffarpur PHC-1,Muzaffarpur,Bihar,27.3143,77.7496,Insulin,vials,83.2,27,18,7,5
2026-09-13,PHC-016,Muzaffarpur PHC-1,Muzaffarpur,Bihar,27.3143,77.7496,Insulin,vials,83.2,27,18,7,6
2026-09-14,PHC-016,Muzaffarpur PHC-1,Muzaffarpur,Bihar,27.3143,77.7496,Insulin,vials,83.6,27,22,7,6
2026-09-15,PHC-016,Muzaffarpur PHC-1,Muzaffarpur,Bihar,27.3143,77.7496,Insulin,vials,83.8,27,24,7,4
2026-09-16,PHC-016,Muzaffarpur PHC-1,Muzaffarpur,Bihar,27.3143,77.7496,Insulin,vials,83.7,27,16,7,6
2026-09-17,PHC-016,Muzaffarpur PHC-1,Muzaffarpur,Bihar,27.3143,77.7496,Insulin,vials,83.8,27,21,7,5
2026-09-18,PHC-016,Muzaffarpur PHC-1,Muzaffarpur,Bihar,27.3143,77.7496,Insulin,vials,83.4,27,8,7,6
2026-09-19,PHC-016,Muzaffarpur PHC-1,Muzaffarpur,Bihar,27.3143,77.7496,Insulin,vials,83.8,27,18,7,5
2026-09-20,PHC-016,Muzaffarpur PHC-1,Muzaffarpur,Bihar,27.3143,77.7496,Insulin,vials,84.8,27,24,7,7
2026-09-21,PHC-016,Muzaffarpur PHC-1,Muzaffarpur,Bihar,27.3143,77.7496,Insulin,vials,84.9,27,17,7,5
2026-09-22,PHC-016,Muzaffarpur PHC-1,Muzaffarpur,Bihar,27.3143,77.7496,Insulin,vials,83.9,27,16,7,5
2026-09-23,PHC-016,Muzaffarpur PHC-1,Muzaffarpur,Bihar,27.3143,77.7496,Insulin,vials,83.9,27,14,7,4
2026-09-24,PHC-016,Muzaffarpur PHC-1,Muzaffarpur,Bihar,27.3143,77.7496,Insulin,vials,83.7,27,13,7,7
2026-09-25,PHC-016,Muzaffarpur PHC-1,Muzaffarpur,Bihar,27.3143,77.7496,Insulin,vials,81.7,27,16,7,6
2026-09-26,PHC-016,Muzaffarpur PHC-1,Muzaffarpur,Bihar,27.3143,77.7496,Insulin,vials,81.0,27,12,7,5
2026-08-28,PHC-016,Muzaffarpur PHC-1,Muzaffarpur,Bihar,27.3143,77.7496,Amoxicillin,strips,300.8,27,15,7,7
2026-08-29,PHC-016,Muzaffarpur PHC-1,Muzaffarpur,Bihar,27.3143,77.7496,Amoxicillin,strips,287.6,27,18,7,6
2026-08-30,PHC-016,Muzaffarpur PHC-1,Muzaffarpur,Bihar,27.3143,77.7496,Amoxicillin,strips,278.9,27,17,7,6
2026-08-31,PHC-016,Muzaffarpur PHC-1,Muzaffarpur,Bihar,27.3143,77.7496,Amoxicillin,strips,273.6,27,13,7,6
2026-09-01,PHC-016,Muzaffarpur PHC-1,Muzaffarpur,Bihar,27.3143,77.7496,Amoxicillin,strips,260.9,27,21,7,6
2026-09-02,PHC-016,Muzaffarpur PHC-1,Muzaffarpur,Bihar,27.3143,77.7496,Amoxicillin,strips,248.5,27,12,7,5
2026-09-03,PHC-016,Muzaffarpur PHC-1,Muzaffarpur,Bihar,27.3143,77.7496,Amoxicillin,strips,237.6,27,22,7,5
2026-09-04,PHC-016,Muzaffarpur PHC-1,Muzaffarpur,Bihar,27.3143,77.7496,Amoxicillin,strips,224.2,27,25,7,6
2026-09-05,PHC-016,Muzaffarpur PHC-1,Muzaffarpur,Bihar,27.3143,77.7496,Amoxicillin,strips,216.5,27,17,7,6
2026-09-06,PHC-016,Muzaffarpur PHC-1,Muzaffarpur,Bihar,27.3143,77.7496,Amoxicillin,strips,207.3,27,20,7,7
2026-09-07,PHC-016,Muzaffarpur PHC-1,Muzaffarpur,Bihar,27.3143,77.7496,Amoxicillin,strips,201.0,27,14,7,7
2026-09-08,PHC-016,Muzaffarpur PHC-1,Muzaffarpur,Bihar,27.3143,77.7496,Amoxicillin,strips,191.6,27,14,7,7
2026-09-09,PHC-016,Muzaffarpur PHC-1,Muzaffarpur,Bihar,27.3143,77.7496,Amoxicillin,strips,176.2,27,14,7,6
2026-09-10,PHC-016,Muzaffarpur PHC-1,Muzaffarpur,Bihar,27.3143,77.7496,Amoxicillin,strips,169.9,27,12,7,6
2026-09-11,PHC-016,Muzaffarpur PHC-1,Muzaffarpur,Bihar,27.3143,77.7496,Amoxicillin,strips,156.9,27,12,7,5
2026-09-12,PHC-016,Muzaffarpur PHC-1,Muzaffarpur,Bihar,27.3143,77.7496,Amoxicillin,strips,147.1,27,18,7,3
2026-09-13,PHC-016,Muzaffarpur PHC-1,Muzaffarpur,Bihar,27.3143,77.7496,Amoxicillin,strips,139.4,27,8,7,6
2026-09-14,PHC-016,Muzaffarpur PHC-1,Muzaffarpur,Bihar,27.3143,77.7496,Amoxicillin,strips,124.2,27,16,7,7
2026-09-15,PHC-016,Muzaffarpur PHC-1,Muzaffarpur,Bihar,27.3143,77.7496,Amoxicillin,strips,116.6,27,8,7,6
2026-09-16,PHC-016,Muzaffarpur PHC-1,Muzaffarpur,Bihar,27.3143,77.7496,Amoxicillin,strips,108.0,27,11,7,5
2026-09-17,PHC-016,Muzaffarpur PHC-1,Muzaffarpur,Bihar,27.3143,77.7496,Amoxicillin,strips,93.9,27,18,7,5
2026-09-18,PHC-016,Muzaffarpur PHC-1,Muzaffarpur,Bihar,27.3143,77.7496,Amoxicillin,strips,82.9,27,7,7,5
2026-09-19,PHC-016,Muzaffarpur PHC-1,Muzaffarpur,Bihar,27.3143,77.7496,Amoxicillin,strips,71.4,27,16,7,5
2026-09-20,PHC-016,Muzaffarpur PHC-1,Muzaffarpur,Bihar,27.3143,77.7496,Amoxicillin,strips,64.4,27,15,7,5
2026-09-21,PHC-016,Muzaffarpur PHC-1,Muzaffarpur,Bihar,27.3143,77.7496,Amoxicillin,strips,57.0,27,16,7,5
2026-09-22,PHC-016,Muzaffarpur PHC-1,Muzaffarpur,Bihar,27.3143,77.7496,Amoxicillin,strips,51.5,27,19,7,5
2026-09-23,PHC-016,Muzaffarpur PHC-1,Muzaffarpur,Bihar,27.3143,77.7496,Amoxicillin,strips,37.2,27,20,7,4
2026-09-24,PHC-016,Muzaffarpur PHC-1,Muzaffarpur,Bihar,27.3143,77.7496,Amoxicillin,strips,25.9,27,10,7,5
2026-09-25,PHC-016,Muzaffarpur PHC-1,Muzaffarpur,Bihar,27.3143,77.7496,Amoxicillin,strips,17.4,27,25,7,5
2026-09-26,PHC-016,Muzaffarpur PHC-1,Muzaffarpur,Bihar,27.3143,77.7496,Amoxicillin,strips,4.2,27,14,7,6
2026-08-28,PHC-016,Muzaffarpur PHC-1,Muzaffarpur,Bihar,27.3143,77.7496,Iron Folic Acid Tablets,strips,667.6,27,16,7,7
2026-08-29,PHC-016,Muzaffarpur PHC-1,Muzaffarpur,Bihar,27.3143,77.7496,Iron Folic Acid Tablets,strips,666.0,27,19,7,4
2026-08-30,PHC-016,Muzaffarpur PHC-1,Muzaffarpur,Bihar,27.3143,77.7496,Iron Folic Acid Tablets,strips,662.4,27,11,7,5
2026-08-31,PHC-016,Muzaffarpur PHC-1,Muzaffarpur,Bihar,27.3143,77.7496,Iron Folic Acid Tablets,strips,663.0,27,22,7,5
2026-09-01,PHC-016,Muzaffarpur PHC-1,Muzaffarpur,Bihar,27.3143,77.7496,Iron Folic Acid Tablets,strips,658.3,27,17,7,6
2026-09-02,PHC-016,Muzaffarpur PHC-1,Muzaffarpur,Bihar,27.3143,77.7496,Iron Folic Acid Tablets,strips,660.0,27,13,7,7
2026-09-03,PHC-016,Muzaffarpur PHC-1,Muzaffarpur,Bihar,27.3143,77.7496,Iron Folic Acid Tablets,strips,656.2,27,8,7,6
2026-09-04,PHC-016,Muzaffarpur PHC-1,Muzaffarpur,Bihar,27.3143,77.7496,Iron Folic Acid Tablets,strips,655.7,27,18,7,5
2026-09-05,PHC-016,Muzaffarpur PHC-1,Muzaffarpur,Bihar,27.3143,77.7496,Iron Folic Acid Tablets,strips,655.2,27,22,7,5
2026-09-06,PHC-016,Muzaffarpur PHC-1,Muzaffarpur,Bihar,27.3143,77.7496,Iron Folic Acid Tablets,strips,650.2,27,16,7,4
2026-09-07,PHC-016,Muzaffarpur PHC-1,Muzaffarpur,Bihar,27.3143,77.7496,Iron Folic Acid Tablets,strips,654.4,27,18,7,5
2026-09-08,PHC-016,Muzaffarpur PHC-1,Muzaffarpur,Bihar,27.3143,77.7496,Iron Folic Acid Tablets,strips,655.4,27,18,7,6
2026-09-09,PHC-016,Muzaffarpur PHC-1,Muzaffarpur,Bihar,27.3143,77.7496,Iron Folic Acid Tablets,strips,654.6,27,15,7,6
2026-09-10,PHC-016,Muzaffarpur PHC-1,Muzaffarpur,Bihar,27.3143,77.7496,Iron Folic Acid Tablets,strips,654.8,27,19,7,6
2026-09-11,PHC-016,Muzaffarpur PHC-1,Muzaffarpur,Bihar,27.3143,77.7496,Iron Folic Acid Tablets,strips,663.0,27,15,7,5
2026-09-12,PHC-016,Muzaffarpur PHC-1,Muzaffarpur,Bihar,27.3143,77.7496,Iron Folic Acid Tablets,strips,666.9,27,14,7,4
2026-09-13,PHC-016,Muzaffarpur PHC-1,Muzaffarpur,Bihar,27.3143,77.7496,Iron Folic Acid Tablets,strips,668.1,27,19,7,7
2026-09-14,PHC-016,Muzaffarpur PHC-1,Muzaffarpur,Bihar,27.3143,77.7496,Iron Folic Acid Tablets,strips,685.2,27,17,7,4
2026-09-15,PHC-016,Muzaffarpur PHC-1,Muzaffarpur,Bihar,27.3143,77.7496,Iron Folic Acid Tablets,strips,683.6,27,18,7,4
2026-09-16,PHC-016,Muzaffarpur PHC-1,Muzaffarpur,Bihar,27.3143,77.7496,Iron Folic Acid Tablets,strips,682.9,27,14,7,6
2026-09-17,PHC-016,Muzaffarpur PHC-1,Muzaffarpur,Bihar,27.3143,77.7496,Iron Folic Acid Tablets,strips,693.0,27,14,7,7
2026-09-18,PHC-016,Muzaffarpur PHC-1,Muzaffarpur,Bihar,27.3143,77.7496,Iron Folic Acid Tablets,strips,685.2,27,11,7,5
2026-09-19,PHC-016,Muzaffarpur PHC-1,Muzaffarpur,Bihar,27.3143,77.7496,Iron Folic Acid Tablets,strips,681.1,27,14,7,5
2026-09-20,PHC-016,Muzaffarpur PHC-1,Muzaffarpur,Bihar,27.3143,77.7496,Iron Folic Acid Tablets,strips,678.2,27,14,7,4
2026-09-21,PHC-016,Muzaffarpur PHC-1,Muzaffarpur,Bihar,27.3143,77.7496,Iron Folic Acid Tablets,strips,684.6,27,16,7,5
2026-09-22,PHC-016,Muzaffarpur PHC-1,Muzaffarpur,Bihar,27.3143,77.7496,Iron Folic Acid Tablets,strips,681.3,27,21,7,7
2026-09-23,PHC-016,Muzaffarpur PHC-1,Muzaffarpur,Bihar,27.3143,77.7496,Iron Folic Acid Tablets,strips,673.4,27,25,7,6
2026-09-24,PHC-016,Muzaffarpur PHC-1,Muzaffarpur,Bihar,27.3143,77.7496,Iron Folic Acid Tablets,strips,677.1,27,19,7,7
2026-09-25,PHC-016,Muzaffarpur PHC-1,Muzaffarpur,Bihar,27.3143,77.7496,Iron Folic Acid Tablets,strips,678.4,27,11,7,6
2026-09-26,PHC-016,Muzaffarpur PHC-1,Muzaffarpur,Bihar,27.3143,77.7496,Iron Folic Acid Tablets,strips,682.1,27,17,7,5
2026-08-28,PHC-017,Muzaffarpur PHC-2,Muzaffarpur,Bihar,24.3799,72.795,Paracetamol,units,582.3,26,13,6,5
2026-08-29,PHC-017,Muzaffarpur PHC-2,Muzaffarpur,Bihar,24.3799,72.795,Paracetamol,units,582.3,26,9,6,3
2026-08-30,PHC-017,Muzaffarpur PHC-2,Muzaffarpur,Bihar,24.3799,72.795,Paracetamol,units,571.9,26,21,6,5
2026-08-31,PHC-017,Muzaffarpur PHC-2,Muzaffarpur,Bihar,24.3799,72.795,Paracetamol,units,566.4,26,8,6,5
2026-09-01,PHC-017,Muzaffarpur PHC-2,Muzaffarpur,Bihar,24.3799,72.795,Paracetamol,units,562.2,26,18,6,4
2026-09-02,PHC-017,Muzaffarpur PHC-2,Muzaffarpur,Bihar,24.3799,72.795,Paracetamol,units,568.3,26,14,6,4
2026-09-03,PHC-017,Muzaffarpur PHC-2,Muzaffarpur,Bihar,24.3799,72.795,Paracetamol,units,568.6,26,19,6,4
2026-09-04,PHC-017,Muzaffarpur PHC-2,Muzaffarpur,Bihar,24.3799,72.795,Paracetamol,units,569.7,26,17,6,5
2026-09-05,PHC-017,Muzaffarpur PHC-2,Muzaffarpur,Bihar,24.3799,72.795,Paracetamol,units,569.7,26,13,6,6
2026-09-06,PHC-017,Muzaffarpur PHC-2,Muzaffarpur,Bihar,24.3799,72.795,Paracetamol,units,561.1,26,9,6,3
2026-09-07,PHC-017,Muzaffarpur PHC-2,Muzaffarpur,Bihar,24.3799,72.795,Paracetamol,units,556.6,26,16,6,5
2026-09-08,PHC-017,Muzaffarpur PHC-2,Muzaffarpur,Bihar,24.3799,72.795,Paracetamol,units,559.7,26,16,6,1
2026-09-09,PHC-017,Muzaffarpur PHC-2,Muzaffarpur,Bihar,24.3799,72.795,Paracetamol,units,561.6,26,21,6,6
2026-09-10,PHC-017,Muzaffarpur PHC-2,Muzaffarpur,Bihar,24.3799,72.795,Paracetamol,units,559.1,26,9,6,6
2026-09-11,PHC-017,Muzaffarpur PHC-2,Muzaffarpur,Bihar,24.3799,72.795,Paracetamol,units,560.8,26,16,6,6
2026-09-12,PHC-017,Muzaffarpur PHC-2,Muzaffarpur,Bihar,24.3799,72.795,Paracetamol,units,564.4,26,17,6,4
2026-09-13,PHC-017,Muzaffarpur PHC-2,Muzaffarpur,Bihar,24.3799,72.795,Paracetamol,units,568.3,26,14,6,4
2026-09-14,PHC-017,Muzaffarpur PHC-2,Muzaffarpur,Bihar,24.3799,72.795,Paracetamol,units,580.5,26,12,6,4
2026-09-15,PHC-017,Muzaffarpur PHC-2,Muzaffarpur,Bihar,24.3799,72.795,Paracetamol,units,583.5,26,13,6,6
2026-09-16,PHC-017,Muzaffarpur PHC-2,Muzaffarpur,Bihar,24.3799,72.795,Paracetamol,units,587.2,26,22,6,4
2026-09-17,PHC-017,Muzaffarpur PHC-2,Muzaffarpur,Bihar,24.3799,72.795,Paracetamol,units,579.3,26,14,6,3
2026-09-18,PHC-017,Muzaffarpur PHC-2,Muzaffarpur,Bihar,24.3799,72.795,Paracetamol,units,581.1,26,14,6,4
2026-09-19,PHC-017,Muzaffarpur PHC-2,Muzaffarpur,Bihar,24.3799,72.795,Paracetamol,units,575.6,26,16,6,5
2026-09-20,PHC-017,Muzaffarpur PHC-2,Muzaffarpur,Bihar,24.3799,72.795,Paracetamol,units,578.5,26,9,6,4
2026-09-21,PHC-017,Muzaffarpur PHC-2,Muzaffarpur,Bihar,24.3799,72.795,Paracetamol,units,584.7,26,11,6,3
2026-09-22,PHC-017,Muzaffarpur PHC-2,Muzaffarpur,Bihar,24.3799,72.795,Paracetamol,units,583.2,26,9,6,5
2026-09-23,PHC-017,Muzaffarpur PHC-2,Muzaffarpur,Bihar,24.3799,72.795,Paracetamol,units,580.1,26,13,6,6
2026-09-24,PHC-017,Muzaffarpur PHC-2,Muzaffarpur,Bihar,24.3799,72.795,Paracetamol,units,587.5,26,15,6,2
2026-09-25,PHC-017,Muzaffarpur PHC-2,Muzaffarpur,Bihar,24.3799,72.795,Paracetamol,units,591.4,26,20,6,5
2026-09-26,PHC-017,Muzaffarpur PHC-2,Muzaffarpur,Bihar,24.3799,72.795,Paracetamol,units,588.8,26,23,6,3
2026-08-28,PHC-017,Muzaffarpur PHC-2,Muzaffarpur,Bihar,24.3799,72.795,ORS Sachets,packets,313.9,26,10,6,6
2026-08-29,PHC-017,Muzaffarpur PHC-2,Muzaffarpur,Bihar,24.3799,72.795,ORS Sachets,packets,307.5,26,14,6,3
2026-08-30,PHC-017,Muzaffarpur PHC-2,Muzaffarpur,Bihar,24.3799,72.795,ORS Sachets,packets,297.8,26,15,6,6
2026-08-31,PHC-017,Muzaffarpur PHC-2,Muzaffarpur,Bihar,24.3799,72.795,ORS Sachets,packets,288.6,26,13,6,4
2026-09-01,PHC-017,Muzaffarpur PHC-2,Muzaffarpur,Bihar,24.3799,72.795,ORS Sachets,packets,281.0,26,21,6,2
2026-09-02,PHC-017,Muzaffarpur PHC-2,Muzaffarpur,Bihar,24.3799,72.795,ORS Sachets,packets,275.5,26,15,6,3
2026-09-03,PHC-017,Muzaffarpur PHC-2,Muzaffarpur,Bihar,24.3799,72.795,ORS Sachets,packets,269.5,26,10,6,4
2026-09-04,PHC-017,Muzaffarpur PHC-2,Muzaffarpur,Bihar,24.3799,72.795,ORS Sachets,packets,262.3,26,13,6,5
2026-09-05,PHC-017,Muzaffarpur PHC-2,Muzaffarpur,Bihar,24.3799,72.795,ORS Sachets,packets,256.7,26,21,6,5
2026-09-06,PHC-017,Muzaffarpur PHC-2,Muzaffarpur,Bihar,24.3799,72.795,ORS Sachets,packets,249.2,26,14,6,4
2026-09-07,PHC-017,Muzaffarpur PHC-2,Muzaffarpur,Bihar,24.3799,72.795,ORS Sachets,packets,237.7,26,13,6,4
2026-09-08,PHC-017,Muzaffarpur PHC-2,Muzaffarpur,Bihar,24.3799,72.795,ORS Sachets,packets,230.1,26,10,6,5
2026-09-09,PHC-017,Muzaffarpur PHC-2,Muzaffarpur,Bihar,24.3799,72.795,ORS Sachets,packets,220.5,26,20,6,6
2026-09-10,PHC-017,Muzaffarpur PHC-2,Muzaffarpur,Bihar,24.3799,72.795,ORS Sachets,packets,210.2,26,15,6,4
2026-09-11,PHC-017,Muzaffarpur PHC-2,Muzaffarpur,Bihar,24.3799,72.795,ORS Sachets,packets,203.5,26,9,6,3
2026-09-12,PHC-017,Muzaffarpur PHC-2,Muzaffarpur,Bihar,24.3799,72.795,ORS Sachets,packets,196.2,26,21,6,5
2026-09-13,PHC-017,Muzaffarpur PHC-2,Muzaffarpur,Bihar,24.3799,72.795,ORS Sachets,packets,187.9,26,7,6,4
2026-09-14,PHC-017,Muzaffarpur PHC-2,Muzaffarpur,Bihar,24.3799,72.795,ORS Sachets,packets,179.2,26,18,6,3
2026-09-15,PHC-017,Muzaffarpur PHC-2,Muzaffarpur,Bihar,24.3799,72.795,ORS Sachets,packets,172.6,26,17,6,6
2026-09-16,PHC-017,Muzaffarpur PHC-2,Muzaffarpur,Bihar,24.3799,72.795,ORS Sachets,packets,166.7,26,17,6,5
2026-09-17,PHC-017,Muzaffarpur PHC-2,Muzaffarpur,Bihar,24.3799,72.795,ORS Sachets,packets,157.7,26,11,6,5
2026-09-18,PHC-017,Muzaffarpur PHC-2,Muzaffarpur,Bihar,24.3799,72.795,ORS Sachets,packets,150.6,26,19,6,5
2026-09-19,PHC-017,Muzaffarpur PHC-2,Muzaffarpur,Bihar,24.3799,72.795,ORS Sachets,packets,141.2,26,18,6,5
2026-09-20,PHC-017,Muzaffarpur PHC-2,Muzaffarpur,Bihar,24.3799,72.795,ORS Sachets,packets,134.9,26,14,6,4
2026-09-21,PHC-017,Muzaffarpur PHC-2,Muzaffarpur,Bihar,24.3799,72.795,ORS Sachets,packets,123.6,26,10,6,3
2026-09-22,PHC-017,Muzaffarpur PHC-2,Muzaffarpur,Bihar,24.3799,72.795,ORS Sachets,packets,119.3,26,21,6,6
2026-09-23,PHC-017,Muzaffarpur PHC-2,Muzaffarpur,Bihar,24.3799,72.795,ORS Sachets,packets,111.9,26,20,6,6
2026-09-24,PHC-017,Muzaffarpur PHC-2,Muzaffarpur,Bihar,24.3799,72.795,ORS Sachets,packets,105.3,26,5,6,5
2026-09-25,PHC-017,Muzaffarpur PHC-2,Muzaffarpur,Bihar,24.3799,72.795,ORS Sachets,packets,93.8,26,21,6,4
2026-09-26,PHC-017,Muzaffarpur PHC-2,Muzaffarpur,Bihar,24.3799,72.795,ORS Sachets,packets,86.3,26,6,6,4
2026-08-28,PHC-017,Muzaffarpur PHC-2,Muzaffarpur,Bihar,24.3799,72.795,Insulin,vials,87.3,26,10,6,6
2026-08-29,PHC-017,Muzaffarpur PHC-2,Muzaffarpur,Bihar,24.3799,72.795,Insulin,vials,85.8,26,7,6,6
2026-08-30,PHC-017,Muzaffarpur PHC-2,Muzaffarpur,Bihar,24.3799,72.795,Insulin,vials,85.0,26,14,6,5
2026-08-31,PHC-017,Muzaffarpur PHC-2,Muzaffarpur,Bihar,24.3799,72.795,Insulin,vials,82.8,26,22,6,6
2026-09-01,PHC-017,Muzaffarpur PHC-2,Muzaffarpur,Bihar,24.3799,72.795,Insulin,vials,82.4,26,17,6,3
2026-09-02,PHC-017,Muzaffarpur PHC-2,Muzaffarpur,Bihar,24.3799,72.795,Insulin,vials,81.2,26,15,6,3
2026-09-03,PHC-017,Muzaffarpur PHC-2,Muzaffarpur,Bihar,24.3799,72.795,Insulin,vials,83.3,26,15,6,5
2026-09-04,PHC-017,Muzaffarpur PHC-2,Muzaffarpur,Bihar,24.3799,72.795,Insulin,vials,82.7,26,17,6,5
2026-09-05,PHC-017,Muzaffarpur PHC-2,Muzaffarpur,Bihar,24.3799,72.795,Insulin,vials,82.9,26,17,6,6
2026-09-06,PHC-017,Muzaffarpur PHC-2,Muzaffarpur,Bihar,24.3799,72.795,Insulin,vials,81.1,26,11,6,3
2026-09-07,PHC-017,Muzaffarpur PHC-2,Muzaffarpur,Bihar,24.3799,72.795,Insulin,vials,78.5,26,13,6,6
2026-09-08,PHC-017,Muzaffarpur PHC-2,Muzaffarpur,Bihar,24.3799,72.795,Insulin,vials,79.6,26,9,6,3
2026-09-09,PHC-017,Muzaffarpur PHC-2,Muzaffarpur,Bihar,24.3799,72.795,Insulin,vials,79.7,26,16,6,3
2026-09-10,PHC-017,Muzaffarpur PHC-2,Muzaffarpur,Bihar,24.3799,72.795,Insulin,vials,79.1,26,20,6,6
2026-09-11,PHC-017,Muzaffarpur PHC-2,Muzaffarpur,Bihar,24.3799,72.795,Insulin,vials,78.3,26,5,6,3
2026-09-12,PHC-017,Muzaffarpur PHC-2,Muzaffarpur,Bihar,24.3799,72.795,Insulin,vials,77.4,26,14,6,5
2026-09-13,PHC-017,Muzaffarpur PHC-2,Muzaffarpur,Bihar,24.3799,72.795,Insulin,vials,77.1,26,14,6,5
2026-09-14,PHC-017,Muzaffarpur PHC-2,Muzaffarpur,Bihar,24.3799,72.795,Insulin,vials,76.8,26,17,6,5
2026-09-15,PHC-017,Muzaffarpur PHC-2,Muzaffarpur,Bihar,24.3799,72.795,Insulin,vials,77.1,26,20,6,3
2026-09-16,PHC-017,Muzaffarpur PHC-2,Muzaffarpur,Bihar,24.3799,72.795,Insulin,vials,76.2,26,17,6,5
2026-09-17,PHC-017,Muzaffarpur PHC-2,Muzaffarpur,Bihar,24.3799,72.795,Insulin,vials,76.2,26,24,6,6
2026-09-18,PHC-017,Muzaffarpur PHC-2,Muzaffarpur,Bihar,24.3799,72.795,Insulin,vials,76.9,26,22,6,3
2026-09-19,PHC-017,Muzaffarpur PHC-2,Muzaffarpur,Bihar,24.3799,72.795,Insulin,vials,76.2,26,13,6,5
2026-09-20,PHC-017,Muzaffarpur PHC-2,Muzaffarpur,Bihar,24.3799,72.795,Insulin,vials,74.7,26,13,6,5
2026-09-21,PHC-017,Muzaffarpur PHC-2,Muzaffarpur,Bihar,24.3799,72.795,Insulin,vials,75.4,26,26,6,5
2026-09-22,PHC-017,Muzaffarpur PHC-2,Muzaffarpur,Bihar,24.3799,72.795,Insulin,vials,73.9,26,14,6,3
2026-09-23,PHC-017,Muzaffarpur PHC-2,Muzaffarpur,Bihar,24.3799,72.795,Insulin,vials,74.3,26,13,6,6
2026-09-24,PHC-017,Muzaffarpur PHC-2,Muzaffarpur,Bihar,24.3799,72.795,Insulin,vials,74.2,26,18,6,6
2026-09-25,PHC-017,Muzaffarpur PHC-2,Muzaffarpur,Bihar,24.3799,72.795,Insulin,vials,74.7,26,19,6,4
2026-09-26,PHC-017,Muzaffarpur PHC-2,Muzaffarpur,Bihar,24.3799,72.795,Insulin,vials,75.4,26,21,6,3
2026-08-28,PHC-017,Muzaffarpur PHC-2,Muzaffarpur,Bihar,24.3799,72.795,Amoxicillin,strips,298.7,26,19,6,4
2026-08-29,PHC-017,Muzaffarpur PHC-2,Muzaffarpur,Bihar,24.3799,72.795,Amoxicillin,strips,294.8,26,13,6,4
2026-08-30,PHC-017,Muzaffarpur PHC-2,Muzaffarpur,Bihar,24.3799,72.795,Amoxicillin,strips,291.3,26,14,6,4
2026-08-31,PHC-017,Muzaffarpur PHC-2,Muzaffarpur,Bihar,24.3799,72.795,Amoxicillin,strips,290.3,26,16,6,4
2026-09-01,PHC-017,Muzaffarpur PHC-2,Muzaffarpur,Bihar,24.3799,72.795,Amoxicillin,strips,281.6,26,9,6,3
2026-09-02,PHC-017,Muzaffarpur PHC-2,Muzaffarpur,Bihar,24.3799,72.795,Amoxicillin,strips,283.8,26,8,6,4
2026-09-03,PHC-017,Muzaffarpur PHC-2,Muzaffarpur,Bihar,24.3799,72.795,Amoxicillin,strips,282.9,26,19,6,4
2026-09-04,PHC-017,Muzaffarpur PHC-2,Muzaffarpur,Bihar,24.3799,72.795,Amoxicillin,strips,287.3,26,17,6,4
2026-09-05,PHC-017,Muzaffarpur PHC-2,Muzaffarpur,Bihar,24.3799,72.795,Amoxicillin,strips,282.7,26,17,6,5
2026-09-06,PHC-017,Muzaffarpur PHC-2,Muzaffarpur,Bihar,24.3799,72.795,Amoxicillin,strips,283.5,26,15,6,5
2026-09-07,PHC-017,Muzaffarpur PHC-2,Muzaffarpur,Bihar,24.3799,72.795,Amoxicillin,strips,285.4,26,14,6,6
2026-09-08,PHC-017,Muzaffarpur PHC-2,Muzaffarpur,Bihar,24.3799,72.795,Amoxicillin,strips,282.5,26,3,6,5
2026-09-09,PHC-017,Muzaffarpur PHC-2,Muzaffarpur,Bihar,24.3799,72.795,Amoxicillin,strips,284.3,26,7,6,4
2026-09-10,PHC-017,Muzaffarpur PHC-2,Muzaffarpur,Bihar,24.3799,72.795,Amoxicillin,strips,279.9,26,17,6,4
2026-09-11,PHC-017,Muzaffarpur PHC-2,Muzaffarpur,Bihar,24.3799,72.795,Amoxicillin,strips,281.1,26,19,6,5
2026-09-12,PHC-017,Muzaffarpur PHC-2,Muzaffarpur,Bihar,24.3799,72.795,Amoxicillin,strips,279.2,26,18,6,3
2026-09-13,PHC-017,Muzaffarpur PHC-2,Muzaffarpur,Bihar,24.3799,72.795,Amoxicillin,strips,278.4,26,15,6,3
2026-09-14,PHC-017,Muzaffarpur PHC-2,Muzaffarpur,Bihar,24.3799,72.795,Amoxicillin,strips,280.9,26,19,6,2
2026-09-15,PHC-017,Muzaffarpur PHC-2,Muzaffarpur,Bihar,24.3799,72.795,Amoxicillin,strips,285.9,26,17,6,4
2026-09-16,PHC-017,Muzaffarpur PHC-2,Muzaffarpur,Bihar,24.3799,72.795,Amoxicillin,strips,286.2,26,16,6,5
2026-09-17,PHC-017,Muzaffarpur PHC-2,Muzaffarpur,Bihar,24.3799,72.795,Amoxicillin,strips,282.9,26,17,6,5
2026-09-18,PHC-017,Muzaffarpur PHC-2,Muzaffarpur,Bihar,24.3799,72.795,Amoxicillin,strips,283.5,26,22,6,4
2026-09-19,PHC-017,Muzaffarpur PHC-2,Muzaffarpur,Bihar,24.3799,72.795,Amoxicillin,strips,279.1,26,19,6,6
2026-09-20,PHC-017,Muzaffarpur PHC-2,Muzaffarpur,Bihar,24.3799,72.795,Amoxicillin,strips,283.6,26,17,6,4
2026-09-21,PHC-017,Muzaffarpur PHC-2,Muzaffarpur,Bihar,24.3799,72.795,Amoxicillin,strips,287.8,26,19,6,3
2026-09-22,PHC-017,Muzaffarpur PHC-2,Muzaffarpur,Bihar,24.3799,72.795,Amoxicillin,strips,288.6,26,13,6,6
2026-09-23,PHC-017,Muzaffarpur PHC-2,Muzaffarpur,Bihar,24.3799,72.795,Amoxicillin,strips,288.5,26,20,6,4
2026-09-24,PHC-017,Muzaffarpur PHC-2,Muzaffarpur,Bihar,24.3799,72.795,Amoxicillin,strips,283.7,26,13,6,6
2026-09-25,PHC-017,Muzaffarpur PHC-2,Muzaffarpur,Bihar,24.3799,72.795,Amoxicillin,strips,279.5,26,12,6,5
2026-09-26,PHC-017,Muzaffarpur PHC-2,Muzaffarpur,Bihar,24.3799,72.795,Amoxicillin,strips,278.3,26,19,6,4
2026-08-28,PHC-017,Muzaffarpur PHC-2,Muzaffarpur,Bihar,24.3799,72.795,Iron Folic Acid Tablets,strips,588.2,26,14,6,3
2026-08-29,PHC-017,Muzaffarpur PHC-2,Muzaffarpur,Bihar,24.3799,72.795,Iron Folic Acid Tablets,strips,599.3,26,11,6,5
2026-08-30,PHC-017,Muzaffarpur PHC-2,Muzaffarpur,Bihar,24.3799,72.795,Iron Folic Acid Tablets,strips,597.0,26,22,6,4
2026-08-31,PHC-017,Muzaffarpur PHC-2,Muzaffarpur,Bihar,24.3799,72.795,Iron Folic Acid Tablets,strips,594.0,26,20,6,1
2026-09-01,PHC-017,Muzaffarpur PHC-2,Muzaffarpur,Bihar,24.3799,72.795,Iron Folic Acid Tablets,strips,593.6,26,13,6,6
2026-09-02,PHC-017,Muzaffarpur PHC-2,Muzaffarpur,Bihar,24.3799,72.795,Iron Folic Acid Tablets,strips,582.3,26,23,6,3
2026-09-03,PHC-017,Muzaffarpur PHC-2,Muzaffarpur,Bihar,24.3799,72.795,Iron Folic Acid Tablets,strips,583.2,26,13,6,4
2026-09-04,PHC-017,Muzaffarpur PHC-2,Muzaffarpur,Bihar,24.3799,72.795,Iron Folic Acid Tablets,strips,584.8,26,12,6,4
2026-09-05,PHC-017,Muzaffarpur PHC-2,Muzaffarpur,Bihar,24.3799,72.795,Iron Folic Acid Tablets,strips,574.2,26,12,6,3
2026-09-06,PHC-017,Muzaffarpur PHC-2,Muzaffarpur,Bihar,24.3799,72.795,Iron Folic Acid Tablets,strips,576.2,26,16,6,6
2026-09-07,PHC-017,Muzaffarpur PHC-2,Muzaffarpur,Bihar,24.3799,72.795,Iron Folic Acid Tablets,strips,578.6,26,15,6,6
2026-09-08,PHC-017,Muzaffarpur PHC-2,Muzaffarpur,Bihar,24.3799,72.795,Iron Folic Acid Tablets,strips,577.5,26,16,6,4
2026-09-09,PHC-017,Muzaffarpur PHC-2,Muzaffarpur,Bihar,24.3799,72.795,Iron Folic Acid Tablets,strips,569.8,26,18,6,5
2026-09-10,PHC-017,Muzaffarpur PHC-2,Muzaffarpur,Bihar,24.3799,72.795,Iron Folic Acid Tablets,strips,569.1,26,14,6,6
2026-09-11,PHC-017,Muzaffarpur PHC-2,Muzaffarpur,Bihar,24.3799,72.795,Iron Folic Acid Tablets,strips,574.5,26,13,6,5
2026-09-12,PHC-017,Muzaffarpur PHC-2,Muzaffarpur,Bihar,24.3799,72.795,Iron Folic Acid Tablets,strips,570.4,26,10,6,5
2026-09-13,PHC-017,Muzaffarpur PHC-2,Muzaffarpur,Bihar,24.3799,72.795,Iron Folic Acid Tablets,strips,564.8,26,12,6,5
2026-09-14,PHC-017,Muzaffarpur PHC-2,Muzaffarpur,Bihar,24.3799,72.795,Iron Folic Acid Tablets,strips,575.5,26,10,6,6
2026-09-15,PHC-017,Muzaffarpur PHC-2,Muzaffarpur,Bihar,24.3799,72.795,Iron Folic Acid Tablets,strips,565.0,26,15,6,3
2026-09-16,PHC-017,Muzaffarpur PHC-2,Muzaffarpur,Bihar,24.3799,72.795,Iron Folic Acid Tablets,strips,564.7,26,14,6,4
2026-09-17,PHC-017,Muzaffarpur PHC-2,Muzaffarpur,Bihar,24.3799,72.795,Iron Folic Acid Tablets,strips,562.0,26,19,6,4
2026-09-18,PHC-017,Muzaffarpur PHC-2,Muzaffarpur,Bihar,24.3799,72.795,Iron Folic Acid Tablets,strips,551.0,26,14,6,3
2026-09-19,PHC-017,Muzaffarpur PHC-2,Muzaffarpur,Bihar,24.3799,72.795,Iron Folic Acid Tablets,strips,552.9,26,8,6,6
2026-09-20,PHC-017,Muzaffarpur PHC-2,Muzaffarpur,Bihar,24.3799,72.795,Iron Folic Acid Tablets,strips,552.6,26,11,6,6
2026-09-21,PHC-017,Muzaffarpur PHC-2,Muzaffarpur,Bihar,24.3799,72.795,Iron Folic Acid Tablets,strips,548.0,26,16,6,3
2026-09-22,PHC-017,Muzaffarpur PHC-2,Muzaffarpur,Bihar,24.3799,72.795,Iron Folic Acid Tablets,strips,544.1,26,16,6,5
2026-09-23,PHC-017,Muzaffarpur PHC-2,Muzaffarpur,Bihar,24.3799,72.795,Iron Folic Acid Tablets,strips,536.9,26,17,6,4
2026-09-24,PHC-017,Muzaffarpur PHC-2,Muzaffarpur,Bihar,24.3799,72.795,Iron Folic Acid Tablets,strips,538.9,26,15,6,4
2026-09-25,PHC-017,Muzaffarpur PHC-2,Muzaffarpur,Bihar,24.3799,72.795,Iron Folic Acid Tablets,strips,538.0,26,15,6,4
2026-09-26,PHC-017,Muzaffarpur PHC-2,Muzaffarpur,Bihar,24.3799,72.795,Iron Folic Acid Tablets,strips,538.5,26,12,6,3
2026-08-28,PHC-018,Muzaffarpur PHC-3,Muzaffarpur,Bihar,8.1767,85.7385,Paracetamol,units,501.8,25,13,11,8
2026-08-29,PHC-018,Muzaffarpur PHC-3,Muzaffarpur,Bihar,8.1767,85.7385,Paracetamol,units,483.4,25,6,11,10
2026-08-30,PHC-018,Muzaffarpur PHC-3,Muzaffarpur,Bihar,8.1767,85.7385,Paracetamol,units,473.8,25,9,11,8
2026-08-31,PHC-018,Muzaffarpur PHC-3,Muzaffarpur,Bihar,8.1767,85.7385,Paracetamol,units,454.5,25,21,11,10
2026-09-01,PHC-018,Muzaffarpur PHC-3,Muzaffarpur,Bihar,8.1767,85.7385,Paracetamol,units,441.2,25,8,11,9
2026-09-02,PHC-018,Muzaffarpur PHC-3,Muzaffarpur,Bihar,8.1767,85.7385,Paracetamol,units,425.9,25,11,11,9
2026-09-03,PHC-018,Muzaffarpur PHC-3,Muzaffarpur,Bihar,8.1767,85.7385,Paracetamol,units,417.5,25,18,11,7
2026-09-04,PHC-018,Muzaffarpur PHC-3,Muzaffarpur,Bihar,8.1767,85.7385,Paracetamol,units,402.8,25,11,11,8
2026-09-05,PHC-018,Muzaffarpur PHC-3,Muzaffarpur,Bihar,8.1767,85.7385,Paracetamol,units,396.0,25,10,11,9
2026-09-06,PHC-018,Muzaffarpur PHC-3,Muzaffarpur,Bihar,8.1767,85.7385,Paracetamol,units,382.8,25,12,11,8
2026-09-07,PHC-018,Muzaffarpur PHC-3,Muzaffarpur,Bihar,8.1767,85.7385,Paracetamol,units,374.4,25,12,11,9
2026-09-08,PHC-018,Muzaffarpur PHC-3,Muzaffarpur,Bihar,8.1767,85.7385,Paracetamol,units,359.4,25,12,11,11
2026-09-09,PHC-018,Muzaffarpur PHC-3,Muzaffarpur,Bihar,8.1767,85.7385,Paracetamol,units,342.4,25,13,11,9
2026-09-10,PHC-018,Muzaffarpur PHC-3,Muzaffarpur,Bihar,8.1767,85.7385,Paracetamol,units,334.3,25,13,11,8
2026-09-11,PHC-018,Muzaffarpur PHC-3,Muzaffarpur,Bihar,8.1767,85.7385,Paracetamol,units,318.5,25,16,11,8
2026-09-12,PHC-018,Muzaffarpur PHC-3,Muzaffarpur,Bihar,8.1767,85.7385,Paracetamol,units,310.1,25,12,11,11
2026-09-13,PHC-018,Muzaffarpur PHC-3,Muzaffarpur,Bihar,8.1767,85.7385,Paracetamol,units,302.7,25,7,11,7
2026-09-14,PHC-018,Muzaffarpur PHC-3,Muzaffarpur,Bihar,8.1767,85.7385,Paracetamol,units,293.2,25,20,11,8
2026-09-15,PHC-018,Muzaffarpur PHC-3,Muzaffarpur,Bihar,8.1767,85.7385,Paracetamol,units,275.6,25,17,11,9
2026-09-16,PHC-018,Muzaffarpur PHC-3,Muzaffarpur,Bihar,8.1767,85.7385,Paracetamol,units,259.1,25,15,11,10
2026-09-17,PHC-018,Muzaffarpur PHC-3,Muzaffarpur,Bihar,8.1767,85.7385,Paracetamol,units,251.3,25,12,11,9
2026-09-18,PHC-018,Muzaffarpur PHC-3,Muzaffarpur,Bihar,8.1767,85.7385,Paracetamol,units,238.4,25,15,11,10
2026-09-19,PHC-018,Muzaffarpur PHC-3,Muzaffarpur,Bihar,8.1767,85.7385,Paracetamol,units,222.4,25,16,11,9
2026-09-20,PHC-018,Muzaffarpur PHC-3,Muzaffarpur,Bihar,8.1767,85.7385,Paracetamol,units,213.4,25,17,11,9
2026-09-21,PHC-018,Muzaffarpur PHC-3,Muzaffarpur,Bihar,8.1767,85.7385,Paracetamol,units,204.5,25,16,11,9
2026-09-22,PHC-018,Muzaffarpur PHC-3,Muzaffarpur,Bihar,8.1767,85.7385,Paracetamol,units,191.2,25,25,11,7
2026-09-23,PHC-018,Muzaffarpur PHC-3,Muzaffarpur,Bihar,8.1767,85.7385,Paracetamol,units,172.4,25,11,11,9
2026-09-24,PHC-018,Muzaffarpur PHC-3,Muzaffarpur,Bihar,8.1767,85.7385,Paracetamol,units,162.9,25,11,11,8
2026-09-25,PHC-018,Muzaffarpur PHC-3,Muzaffarpur,Bihar,8.1767,85.7385,Paracetamol,units,156.2,25,21,11,8
2026-09-26,PHC-018,Muzaffarpur PHC-3,Muzaffarpur,Bihar,8.1767,85.7385,Paracetamol,units,140.3,25,12,11,10
2026-08-28,PHC-018,Muzaffarpur PHC-3,Muzaffarpur,Bihar,8.1767,85.7385,ORS Sachets,packets,362.2,25,9,11,11
2026-08-29,PHC-018,Muzaffarpur PHC-3,Muzaffarpur,Bihar,8.1767,85.7385,ORS Sachets,packets,364.8,25,11,11,9
2026-08-30,PHC-018,Muzaffarpur PHC-3,Muzaffarpur,Bihar,8.1767,85.7385,ORS Sachets,packets,368.7,25,9,11,11
2026-08-31,PHC-018,Muzaffarpur PHC-3,Muzaffarpur,Bihar,8.1767,85.7385,ORS Sachets,packets,371.1,25,14,11,9
2026-09-01,PHC-018,Muzaffarpur PHC-3,Muzaffarpur,Bihar,8.1767,85.7385,ORS Sachets,packets,374.3,25,18,11,10
2026-09-02,PHC-018,Muzaffarpur PHC-3,Muzaffarpur,Bihar,8.1767,85.7385,ORS Sachets,packets,376.7,25,11,11,8
2026-09-03,PHC-018,Muzaffarpur PHC-3,Muzaffarpur,Bihar,8.1767,85.7385,ORS Sachets,packets,380.9,25,17,11,7
2026-09-04,PHC-018,Muzaffarpur PHC-3,Muzaffarpur,Bihar,8.1767,85.7385,ORS Sachets,packets,383.9,25,12,11,9
2026-09-05,PHC-018,Muzaffarpur PHC-3,Muzaffarpur,Bihar,8.1767,85.7385,ORS Sachets,packets,386.0,25,10,11,8
2026-09-06,PHC-018,Muzaffarpur PHC-3,Muzaffarpur,Bihar,8.1767,85.7385,ORS Sachets,packets,389.9,25,13,11,8
2026-09-07,PHC-018,Muzaffarpur PHC-3,Muzaffarpur,Bihar,8.1767,85.7385,ORS Sachets,packets,392.7,25,12,11,8
2026-09-08,PHC-018,Muzaffarpur PHC-3,Muzaffarpur,Bihar,8.1767,85.7385,ORS Sachets,packets,395.4,25,18,11,9
2026-09-09,PHC-018,Muzaffarpur PHC-3,Muzaffarpur,Bihar,8.1767,85.7385,ORS Sachets,packets,397.7,25,9,11,7
2026-09-10,PHC-018,Muzaffarpur PHC-3,Muzaffarpur,Bihar,8.1767,85.7385,ORS Sachets,packets,401.4,25,19,11,9
2026-09-11,PHC-018,Muzaffarpur PHC-3,Muzaffarpur,Bihar,8.1767,85.7385,ORS Sachets,packets,405.5,25,12,11,8
2026-09-12,PHC-018,Muzaffarpur PHC-3,Muzaffarpur,Bihar,8.1767,85.7385,ORS Sachets,packets,409.8,25,16,11,9
2026-09-13,PHC-018,Muzaffarpur PHC-3,Muzaffarpur,Bihar,8.1767,85.7385,ORS Sachets,packets,411.6,25,19,11,10
2026-09-14,PHC-018,Muzaffarpur PHC-3,Muzaffarpur,Bihar,8.1767,85.7385,ORS Sachets,packets,414.3,25,13,11,10
2026-09-15,PHC-018,Muzaffarpur PHC-3,Muzaffarpur,Bihar,8.1767,85.7385,ORS Sachets,packets,415.9,25,21,11,9
2026-09-16,PHC-018,Muzaffarpur PHC-3,Muzaffarpur,Bihar,8.1767,85.7385,ORS Sachets,packets,417.8,25,15,11,11
2026-09-17,PHC-018,Muzaffarpur PHC-3,Muzaffarpur,Bihar,8.1767,85.7385,ORS Sachets,packets,421.9,25,21,11,9
2026-09-18,PHC-018,Muzaffarpur PHC-3,Muzaffarpur,Bihar,8.1767,85.7385,ORS Sachets,packets,424.8,25,12,11,7
2026-09-19,PHC-018,Muzaffarpur PHC-3,Muzaffarpur,Bihar,8.1767,85.7385,ORS Sachets,packets,426.4,25,11,11,9
2026-09-20,PHC-018,Muzaffarpur PHC-3,Muzaffarpur,Bihar,8.1767,85.7385,ORS Sachets,packets,429.3,25,12,11,9
2026-09-21,PHC-018,Muzaffarpur PHC-3,Muzaffarpur,Bihar,8.1767,85.7385,ORS Sachets,packets,431.5,25,13,11,11
2026-09-22,PHC-018,Muzaffarpur PHC-3,Muzaffarpur,Bihar,8.1767,85.7385,ORS Sachets,packets,435.9,25,14,11,8
2026-09-23,PHC-018,Muzaffarpur PHC-3,Muzaffarpur,Bihar,8.1767,85.7385,ORS Sachets,packets,437.8,25,15,11,8
2026-09-24,PHC-018,Muzaffarpur PHC-3,Muzaffarpur,Bihar,8.1767,85.7385,ORS Sachets,packets,441.7,25,11,11,8
2026-09-25,PHC-018,Muzaffarpur PHC-3,Muzaffarpur,Bihar,8.1767,85.7385,ORS Sachets,packets,444.4,25,10,11,10
2026-09-26,PHC-018,Muzaffarpur PHC-3,Muzaffarpur,Bihar,8.1767,85.7385,ORS Sachets,packets,445.9,25,8,11,9
2026-08-28,PHC-018,Muzaffarpur PHC-3,Muzaffarpur,Bihar,8.1767,85.7385,Insulin,vials,124.6,25,21,11,10
2026-08-29,PHC-018,Muzaffarpur PHC-3,Muzaffarpur,Bihar,8.1767,85.7385,Insulin,vials,118.8,25,7,11,8
2026-08-30,PHC-018,Muzaffarpur PHC-3,Muzaffarpur,Bihar,8.1767,85.7385,Insulin,vials,110.9,25,21,11,9
2026-08-31,PHC-018,Muzaffarpur PHC-3,Muzaffarpur,Bihar,8.1767,85.7385,Insulin,vials,104.3,25,13,11,9
2026-09-01,PHC-018,Muzaffarpur PHC-3,Muzaffarpur,Bihar,8.1767,85.7385,Insulin,vials,99.0,25,19,11,9
2026-09-02,PHC-018,Muzaffarpur PHC-3,Muzaffarpur,Bihar,8.1767,85.7385,Insulin,vials,95.6,25,21,11,8
2026-09-03,PHC-018,Muzaffarpur PHC-3,Muzaffarpur,Bihar,8.1767,85.7385,Insulin,vials,91.5,25,4,11,10
2026-09-04,PHC-018,Muzaffarpur PHC-3,Muzaffarpur,Bihar,8.1767,85.7385,Insulin,vials,85.4,25,15,11,8
2026-09-05,PHC-018,Muzaffarpur PHC-3,Muzaffarpur,Bihar,8.1767,85.7385,Insulin,vials,78.6,25,13,11,9
2026-09-06,PHC-018,Muzaffarpur PHC-3,Muzaffarpur,Bihar,8.1767,85.7385,Insulin,vials,71.6,25,14,11,10
2026-09-07,PHC-018,Muzaffarpur PHC-3,Muzaffarpur,Bihar,8.1767,85.7385,Insulin,vials,67.8,25,13,11,9
2026-09-08,PHC-018,Muzaffarpur PHC-3,Muzaffarpur,Bihar,8.1767,85.7385,Insulin,vials,62.8,25,15,11,7
2026-09-09,PHC-018,Muzaffarpur PHC-3,Muzaffarpur,Bihar,8.1767,85.7385,Insulin,vials,57.2,25,7,11,9
2026-09-10,PHC-018,Muzaffarpur PHC-3,Muzaffarpur,Bihar,8.1767,85.7385,Insulin,vials,52.7,25,14,11,10
2026-09-11,PHC-018,Muzaffarpur PHC-3,Muzaffarpur,Bihar,8.1767,85.7385,Insulin,vials,45.3,25,16,11,8
2026-09-12,PHC-018,Muzaffarpur PHC-3,Muzaffarpur,Bihar,8.1767,85.7385,Insulin,vials,39.1,25,15,11,8
2026-09-13,PHC-018,Muzaffarpur PHC-3,Muzaffarpur,Bihar,8.1767,85.7385,Insulin,vials,32.0,25,18,11,10
2026-09-14,PHC-018,Muzaffarpur PHC-3,Muzaffarpur,Bihar,8.1767,85.7385,Insulin,vials,24.5,25,11,11,8
2026-09-15,PHC-018,Muzaffarpur PHC-3,Muzaffarpur,Bihar,8.1767,85.7385,Insulin,vials,16.8,25,19,11,11
2026-09-16,PHC-018,Muzaffarpur PHC-3,Muzaffarpur,Bihar,8.1767,85.7385,Insulin,vials,9.9,25,13,11,10
2026-09-17,PHC-018,Muzaffarpur PHC-3,Muzaffarpur,Bihar,8.1767,85.7385,Insulin,vials,5.8,25,14,11,8
2026-09-18,PHC-018,Muzaffarpur PHC-3,Muzaffarpur,Bihar,8.1767,85.7385,Insulin,vials,1.5,25,15,11,9
2026-09-19,PHC-018,Muzaffarpur PHC-3,Muzaffarpur,Bihar,8.1767,85.7385,Insulin,vials,0.0,25,15,11,7
2026-09-20,PHC-018,Muzaffarpur PHC-3,Muzaffarpur,Bihar,8.1767,85.7385,Insulin,vials,0.0,25,7,11,7
2026-09-21,PHC-018,Muzaffarpur PHC-3,Muzaffarpur,Bihar,8.1767,85.7385,Insulin,vials,0.0,25,14,11,10
2026-09-22,PHC-018,Muzaffarpur PHC-3,Muzaffarpur,Bihar,8.1767,85.7385,Insulin,vials,0.0,25,14,11,8
2026-09-23,PHC-018,Muzaffarpur PHC-3,Muzaffarpur,Bihar,8.1767,85.7385,Insulin,vials,0.0,25,17,11,10
2026-09-24,PHC-018,Muzaffarpur PHC-3,Muzaffarpur,Bihar,8.1767,85.7385,Insulin,vials,0.0,25,13,11,10
2026-09-25,PHC-018,Muzaffarpur PHC-3,Muzaffarpur,Bihar,8.1767,85.7385,Insulin,vials,0.0,25,10,11,10
2026-09-26,PHC-018,Muzaffarpur PHC-3,Muzaffarpur,Bihar,8.1767,85.7385,Insulin,vials,0.0,25,17,11,9
2026-08-28,PHC-018,Muzaffarpur PHC-3,Muzaffarpur,Bihar,8.1767,85.7385,Amoxicillin,strips,350.4,25,16,11,8
2026-08-29,PHC-018,Muzaffarpur PHC-3,Muzaffarpur,Bihar,8.1767,85.7385,Amoxicillin,strips,343.3,25,16,11,9
2026-08-30,PHC-018,Muzaffarpur PHC-3,Muzaffarpur,Bihar,8.1767,85.7385,Amoxicillin,strips,334.0,25,14,11,11
2026-08-31,PHC-018,Muzaffarpur PHC-3,Muzaffarpur,Bihar,8.1767,85.7385,Amoxicillin,strips,319.3,25,13,11,7
2026-09-01,PHC-018,Muzaffarpur PHC-3,Muzaffarpur,Bihar,8.1767,85.7385,Amoxicillin,strips,310.1,25,17,11,10
2026-09-02,PHC-018,Muzaffarpur PHC-3,Muzaffarpur,Bihar,8.1767,85.7385,Amoxicillin,strips,299.7,25,20,11,9
2026-09-03,PHC-018,Muzaffarpur PHC-3,Muzaffarpur,Bihar,8.1767,85.7385,Amoxicillin,strips,286.3,25,17,11,10
2026-09-04,PHC-018,Muzaffarpur PHC-3,Muzaffarpur,Bihar,8.1767,85.7385,Amoxicillin,strips,273.7,25,20,11,9
2026-09-05,PHC-018,Muzaffarpur PHC-3,Muzaffarpur,Bihar,8.1767,85.7385,Amoxicillin,strips,266.7,25,17,11,10
2026-09-06,PHC-018,Muzaffarpur PHC-3,Muzaffarpur,Bihar,8.1767,85.7385,Amoxicillin,strips,251.5,25,19,11,11
2026-09-07,PHC-018,Muzaffarpur PHC-3,Muzaffarpur,Bihar,8.1767,85.7385,Amoxicillin,strips,244.3,25,15,11,7
2026-09-08,PHC-018,Muzaffarpur PHC-3,Muzaffarpur,Bihar,8.1767,85.7385,Amoxicillin,strips,233.4,25,12,11,9
2026-09-09,PHC-018,Muzaffarpur PHC-3,Muzaffarpur,Bihar,8.1767,85.7385,Amoxicillin,strips,224.3,25,16,11,9
2026-09-10,PHC-018,Muzaffarpur PHC-3,Muzaffarpur,Bihar,8.1767,85.7385,Amoxicillin,strips,211.8,25,4,11,9
2026-09-11,PHC-018,Muzaffarpur PHC-3,Muzaffarpur,Bihar,8.1767,85.7385,Amoxicillin,strips,205.5,25,22,11,10
2026-09-12,PHC-018,Muzaffarpur PHC-3,Muzaffarpur,Bihar,8.1767,85.7385,Amoxicillin,strips,193.9,25,15,11,9
2026-09-13,PHC-018,Muzaffarpur PHC-3,Muzaffarpur,Bihar,8.1767,85.7385,Amoxicillin,strips,187.1,25,14,11,8
2026-09-14,PHC-018,Muzaffarpur PHC-3,Muzaffarpur,Bihar,8.1767,85.7385,Amoxicillin,strips,172.3,25,10,11,9
2026-09-15,PHC-018,Muzaffarpur PHC-3,Muzaffarpur,Bihar,8.1767,85.7385,Amoxicillin,strips,167.1,25,13,11,8
2026-09-16,PHC-018,Muzaffarpur PHC-3,Muzaffarpur,Bihar,8.1767,85.7385,Amoxicillin,strips,153.4,25,17,11,7
2026-09-17,PHC-018,Muzaffarpur PHC-3,Muzaffarpur,Bihar,8.1767,85.7385,Amoxicillin,strips,144.4,25,18,11,7
2026-09-18,PHC-018,Muzaffarpur PHC-3,Muzaffarpur,Bihar,8.1767,85.7385,Amoxicillin,strips,137.4,25,21,11,11
2026-09-19,PHC-018,Muzaffarpur PHC-3,Muzaffarpur,Bihar,8.1767,85.7385,Amoxicillin,strips,130.9,25,15,11,10
2026-09-20,PHC-018,Muzaffarpur PHC-3,Muzaffarpur,Bihar,8.1767,85.7385,Amoxicillin,strips,123.4,25,23,11,6
2026-09-21,PHC-018,Muzaffarpur PHC-3,Muzaffarpur,Bihar,8.1767,85.7385,Amoxicillin,strips,110.1,25,18,11,8
2026-09-22,PHC-018,Muzaffarpur PHC-3,Muzaffarpur,Bihar,8.1767,85.7385,Amoxicillin,strips,99.0,25,14,11,9
2026-09-23,PHC-018,Muzaffarpur PHC-3,Muzaffarpur,Bihar,8.1767,85.7385,Amoxicillin,strips,84.4,25,13,11,8
2026-09-24,PHC-018,Muzaffarpur PHC-3,Muzaffarpur,Bihar,8.1767,85.7385,Amoxicillin,strips,72.4,25,12,11,10
2026-09-25,PHC-018,Muzaffarpur PHC-3,Muzaffarpur,Bihar,8.1767,85.7385,Amoxicillin,strips,57.6,25,19,11,7
2026-09-26,PHC-018,Muzaffarpur PHC-3,Muzaffarpur,Bihar,8.1767,85.7385,Amoxicillin,strips,45.0,25,14,11,11
2026-08-28,PHC-018,Muzaffarpur PHC-3,Muzaffarpur,Bihar,8.1767,85.7385,Iron Folic Acid Tablets,strips,628.4,25,9,11,10
2026-08-29,PHC-018,Muzaffarpur PHC-3,Muzaffarpur,Bihar,8.1767,85.7385,Iron Folic Acid Tablets,strips,627.8,25,15,11,10
2026-08-30,PHC-018,Muzaffarpur PHC-3,Muzaffarpur,Bihar,8.1767,85.7385,Iron Folic Acid Tablets,strips,619.5,25,16,11,6
2026-08-31,PHC-018,Muzaffarpur PHC-3,Muzaffarpur,Bihar,8.1767,85.7385,Iron Folic Acid Tablets,strips,629.4,25,17,11,10
2026-09-01,PHC-018,Muzaffarpur PHC-3,Muzaffarpur,Bihar,8.1767,85.7385,Iron Folic Acid Tablets,strips,637.2,25,12,11,9
2026-09-02,PHC-018,Muzaffarpur PHC-3,Muzaffarpur,Bihar,8.1767,85.7385,Iron Folic Acid Tablets,strips,640.3,25,14,11,11
2026-09-03,PHC-018,Muzaffarpur PHC-3,Muzaffarpur,Bihar,8.1767,85.7385,Iron Folic Acid Tablets,strips,650.3,25,17,11,9
2026-09-04,PHC-018,Muzaffarpur PHC-3,Muzaffarpur,Bihar,8.1767,85.7385,Iron Folic Acid Tablets,strips,651.5,25,16,11,9
2026-09-05,PHC-018,Muzaffarpur PHC-3,Muzaffarpur,Bihar,8.1767,85.7385,Iron Folic Acid Tablets,strips,649.1,25,8,11,10
2026-09-06,PHC-018,Muzaffarpur PHC-3,Muzaffarpur,Bihar,8.1767,85.7385,Iron Folic Acid Tablets,strips,647.7,25,17,11,10
2026-09-07,PHC-018,Muzaffarpur PHC-3,Muzaffarpur,Bihar,8.1767,85.7385,Iron Folic Acid Tablets,strips,647.3,25,16,11,9
2026-09-08,PHC-018,Muzaffarpur PHC-3,Muzaffarpur,Bihar,8.1767,85.7385,Iron Folic Acid Tablets,strips,639.9,25,7,11,10
2026-09-09,PHC-018,Muzaffarpur PHC-3,Muzaffarpur,Bihar,8.1767,85.7385,Iron Folic Acid Tablets,strips,629.6,25,14,11,10
2026-09-10,PHC-018,Muzaffarpur PHC-3,Muzaffarpur,Bihar,8.1767,85.7385,Iron Folic Acid Tablets,strips,641.3,25,11,11,9
2026-09-11,PHC-018,Muzaffarpur PHC-3,Muzaffarpur,Bihar,8.1767,85.7385,Iron Folic Acid Tablets,strips,641.7,25,14,11,7
2026-09-12,PHC-018,Muzaffarpur PHC-3,Muzaffarpur,Bihar,8.1767,85.7385,Iron Folic Acid Tablets,strips,638.4,25,13,11,10
2026-09-13,PHC-018,Muzaffarpur PHC-3,Muzaffarpur,Bihar,8.1767,85.7385,Iron Folic Acid Tablets,strips,642.4,25,10,11,9
2026-09-14,PHC-018,Muzaffarpur PHC-3,Muzaffarpur,Bihar,8.1767,85.7385,Iron Folic Acid Tablets,strips,645.7,25,8,11,8
2026-09-15,PHC-018,Muzaffarpur PHC-3,Muzaffarpur,Bihar,8.1767,85.7385,Iron Folic Acid Tablets,strips,647.4,25,14,11,11
2026-09-16,PHC-018,Muzaffarpur PHC-3,Muzaffarpur,Bihar,8.1767,85.7385,Iron Folic Acid Tablets,strips,651.6,25,10,11,11
2026-09-17,PHC-018,Muzaffarpur PHC-3,Muzaffarpur,Bihar,8.1767,85.7385,Iron Folic Acid Tablets,strips,665.3,25,22,11,9
2026-09-18,PHC-018,Muzaffarpur PHC-3,Muzaffarpur,Bihar,8.1767,85.7385,Iron Folic Acid Tablets,strips,649.6,25,14,11,10
2026-09-19,PHC-018,Muzaffarpur PHC-3,Muzaffarpur,Bihar,8.1767,85.7385,Iron Folic Acid Tablets,strips,642.7,25,13,11,6
2026-09-20,PHC-018,Muzaffarpur PHC-3,Muzaffarpur,Bihar,8.1767,85.7385,Iron Folic Acid Tablets,strips,631.6,25,19,11,10
2026-09-21,PHC-018,Muzaffarpur PHC-3,Muzaffarpur,Bihar,8.1767,85.7385,Iron Folic Acid Tablets,strips,633.3,25,14,11,9
2026-09-22,PHC-018,Muzaffarpur PHC-3,Muzaffarpur,Bihar,8.1767,85.7385,Iron Folic Acid Tablets,strips,638.8,25,8,11,7
2026-09-23,PHC-018,Muzaffarpur PHC-3,Muzaffarpur,Bihar,8.1767,85.7385,Iron Folic Acid Tablets,strips,637.6,25,16,11,8
2026-09-24,PHC-018,Muzaffarpur PHC-3,Muzaffarpur,Bihar,8.1767,85.7385,Iron Folic Acid Tablets,strips,638.1,25,15,11,9
2026-09-25,PHC-018,Muzaffarpur PHC-3,Muzaffarpur,Bihar,8.1767,85.7385,Iron Folic Acid Tablets,strips,642.4,25,16,11,10
2026-09-26,PHC-018,Muzaffarpur PHC-3,Muzaffarpur,Bihar,8.1767,85.7385,Iron Folic Acid Tablets,strips,626.3,25,14,11,9
2026-08-28,PHC-019,Kolkata PHC-1,Kolkata,West Bengal,24.924,85.6146,Paracetamol,units,636.8,21,8,9,7
2026-08-29,PHC-019,Kolkata PHC-1,Kolkata,West Bengal,24.924,85.6146,Paracetamol,units,620.8,21,13,9,5
2026-08-30,PHC-019,Kolkata PHC-1,Kolkata,West Bengal,24.924,85.6146,Paracetamol,units,602.7,21,7,9,7
2026-08-31,PHC-019,Kolkata PHC-1,Kolkata,West Bengal,24.924,85.6146,Paracetamol,units,589.2,21,13,9,5
2026-09-01,PHC-019,Kolkata PHC-1,Kolkata,West Bengal,24.924,85.6146,Paracetamol,units,574.1,21,7,9,5
2026-09-02,PHC-019,Kolkata PHC-1,Kolkata,West Bengal,24.924,85.6146,Paracetamol,units,559.4,21,14,9,8
2026-09-03,PHC-019,Kolkata PHC-1,Kolkata,West Bengal,24.924,85.6146,Paracetamol,units,543.7,21,12,9,7
2026-09-04,PHC-019,Kolkata PHC-1,Kolkata,West Bengal,24.924,85.6146,Paracetamol,units,528.2,21,11,9,6
2026-09-05,PHC-019,Kolkata PHC-1,Kolkata,West Bengal,24.924,85.6146,Paracetamol,units,519.5,21,12,9,7
2026-09-06,PHC-019,Kolkata PHC-1,Kolkata,West Bengal,24.924,85.6146,Paracetamol,units,503.4,21,8,9,7
2026-09-07,PHC-019,Kolkata PHC-1,Kolkata,West Bengal,24.924,85.6146,Paracetamol,units,490.6,21,11,9,7
2026-09-08,PHC-019,Kolkata PHC-1,Kolkata,West Bengal,24.924,85.6146,Paracetamol,units,476.7,21,11,9,7
2026-09-09,PHC-019,Kolkata PHC-1,Kolkata,West Bengal,24.924,85.6146,Paracetamol,units,457.7,21,8,9,6
2026-09-10,PHC-019,Kolkata PHC-1,Kolkata,West Bengal,24.924,85.6146,Paracetamol,units,444.4,21,12,9,8
2026-09-11,PHC-019,Kolkata PHC-1,Kolkata,West Bengal,24.924,85.6146,Paracetamol,units,427.5,21,11,9,5
2026-09-12,PHC-019,Kolkata PHC-1,Kolkata,West Bengal,24.924,85.6146,Paracetamol,units,413.7,21,10,9,8
2026-09-13,PHC-019,Kolkata PHC-1,Kolkata,West Bengal,24.924,85.6146,Paracetamol,units,397.9,21,12,9,6
2026-09-14,PHC-019,Kolkata PHC-1,Kolkata,West Bengal,24.924,85.6146,Paracetamol,units,389.7,21,13,9,7
2026-09-15,PHC-019,Kolkata PHC-1,Kolkata,West Bengal,24.924,85.6146,Paracetamol,units,372.7,21,14,9,8
2026-09-16,PHC-019,Kolkata PHC-1,Kolkata,West Bengal,24.924,85.6146,Paracetamol,units,364.1,21,7,9,8
2026-09-17,PHC-019,Kolkata PHC-1,Kolkata,West Bengal,24.924,85.6146,Paracetamol,units,356.2,21,13,9,7
2026-09-18,PHC-019,Kolkata PHC-1,Kolkata,West Bengal,24.924,85.6146,Paracetamol,units,338.4,21,12,9,8
2026-09-19,PHC-019,Kolkata PHC-1,Kolkata,West Bengal,24.924,85.6146,Paracetamol,units,319.3,21,12,9,5
2026-09-20,PHC-019,Kolkata PHC-1,Kolkata,West Bengal,24.924,85.6146,Paracetamol,units,300.2,21,13,9,6
2026-09-21,PHC-019,Kolkata PHC-1,Kolkata,West Bengal,24.924,85.6146,Paracetamol,units,283.2,21,13,9,8
2026-09-22,PHC-019,Kolkata PHC-1,Kolkata,West Bengal,24.924,85.6146,Paracetamol,units,272.4,21,15,9,5
2026-09-23,PHC-019,Kolkata PHC-1,Kolkata,West Bengal,24.924,85.6146,Paracetamol,units,261.2,21,6,9,6
2026-09-24,PHC-019,Kolkata PHC-1,Kolkata,West Bengal,24.924,85.6146,Paracetamol,units,250.5,21,19,9,7
2026-09-25,PHC-019,Kolkata PHC-1,Kolkata,West Bengal,24.924,85.6146,Paracetamol,units,238.3,21,11,9,8
2026-09-26,PHC-019,Kolkata PHC-1,Kolkata,West Bengal,24.924,85.6146,Paracetamol,units,226.0,21,10,9,9
2026-08-28,PHC-019,Kolkata PHC-1,Kolkata,West Bengal,24.924,85.6146,ORS Sachets,packets,196.8,21,13,9,6
2026-08-29,PHC-019,Kolkata PHC-1,Kolkata,West Bengal,24.924,85.6146,ORS Sachets,packets,192.8,21,14,9,9
2026-08-30,PHC-019,Kolkata PHC-1,Kolkata,West Bengal,24.924,85.6146,ORS Sachets,packets,185.9,21,12,9,9
2026-08-31,PHC-019,Kolkata PHC-1,Kolkata,West Bengal,24.924,85.6146,ORS Sachets,packets,178.3,21,8,9,7
2026-09-01,PHC-019,Kolkata PHC-1,Kolkata,West Bengal,24.924,85.6146,ORS Sachets,packets,172.7,21,13,9,7
2026-09-02,PHC-019,Kolkata PHC-1,Kolkata,West Bengal,24.924,85.6146,ORS Sachets,packets,168.5,21,12,9,9
2026-09-03,PHC-019,Kolkata PHC-1,Kolkata,West Bengal,24.924,85.6146,ORS Sachets,packets,162.1,21,11,9,7
2026-09-04,PHC-019,Kolkata PHC-1,Kolkata,West Bengal,24.924,85.6146,ORS Sachets,packets,151.0,21,13,9,8
2026-09-05,PHC-019,Kolkata PHC-1,Kolkata,West Bengal,24.924,85.6146,ORS Sachets,packets,143.8,21,9,9,5
2026-09-06,PHC-019,Kolkata PHC-1,Kolkata,West Bengal,24.924,85.6146,ORS Sachets,packets,132.9,21,11,9,9
2026-09-07,PHC-019,Kolkata PHC-1,Kolkata,West Bengal,24.924,85.6146,ORS Sachets,packets,126.3,21,18,9,6
2026-09-08,PHC-019,Kolkata PHC-1,Kolkata,West Bengal,24.924,85.6146,ORS Sachets,packets,116.2,21,15,9,8
2026-09-09,PHC-019,Kolkata PHC-1,Kolkata,West Bengal,24.924,85.6146,ORS Sachets,packets,111.2,21,16,9,7
2026-09-10,PHC-019,Kolkata PHC-1,Kolkata,West Bengal,24.924,85.6146,ORS Sachets,packets,103.1,21,7,9,8
2026-09-11,PHC-019,Kolkata PHC-1,Kolkata,West Bengal,24.924,85.6146,ORS Sachets,packets,92.1,21,14,9,7
2026-09-12,PHC-019,Kolkata PHC-1,Kolkata,West Bengal,24.924,85.6146,ORS Sachets,packets,87.1,21,12,9,8
2026-09-13,PHC-019,Kolkata PHC-1,Kolkata,West Bengal,24.924,85.6146,ORS Sachets,packets,76.2,21,8,9,8
2026-09-14,PHC-019,Kolkata PHC-1,Kolkata,West Bengal,24.924,85.6146,ORS Sachets,packets,67.0,21,8,9,6
2026-09-15,PHC-019,Kolkata PHC-1,Kolkata,West Bengal,24.924,85.6146,ORS Sachets,packets,61.0,21,12,9,5
2026-09-16,PHC-019,Kolkata PHC-1,Kolkata,West Bengal,24.924,85.6146,ORS Sachets,packets,52.3,21,16,9,7
2026-09-17,PHC-019,Kolkata PHC-1,Kolkata,West Bengal,24.924,85.6146,ORS Sachets,packets,48.1,21,15,9,8
2026-09-18,PHC-019,Kolkata PHC-1,Kolkata,West Bengal,24.924,85.6146,ORS Sachets,packets,41.5,21,3,9,9
2026-09-19,PHC-019,Kolkata PHC-1,Kolkata,West Bengal,24.924,85.6146,ORS Sachets,packets,30.2,21,20,9,6
2026-09-20,PHC-019,Kolkata PHC-1,Kolkata,West Bengal,24.924,85.6146,ORS Sachets,packets,22.6,21,12,9,7
2026-09-21,PHC-019,Kolkata PHC-1,Kolkata,West Bengal,24.924,85.6146,ORS Sachets,packets,17.9,21,15,9,7
2026-09-22,PHC-019,Kolkata PHC-1,Kolkata,West Bengal,24.924,85.6146,ORS Sachets,packets,7.7,21,14,9,7
2026-09-23,PHC-019,Kolkata PHC-1,Kolkata,West Bengal,24.924,85.6146,ORS Sachets,packets,0.5,21,15,9,9
2026-09-24,PHC-019,Kolkata PHC-1,Kolkata,West Bengal,24.924,85.6146,ORS Sachets,packets,0.0,21,12,9,5
2026-09-25,PHC-019,Kolkata PHC-1,Kolkata,West Bengal,24.924,85.6146,ORS Sachets,packets,0.0,21,10,9,7
2026-09-26,PHC-019,Kolkata PHC-1,Kolkata,West Bengal,24.924,85.6146,ORS Sachets,packets,0.0,21,12,9,6
2026-08-28,PHC-019,Kolkata PHC-1,Kolkata,West Bengal,24.924,85.6146,Insulin,vials,105.0,21,15,9,8
2026-08-29,PHC-019,Kolkata PHC-1,Kolkata,West Bengal,24.924,85.6146,Insulin,vials,105.4,21,14,9,9
2026-08-30,PHC-019,Kolkata PHC-1,Kolkata,West Bengal,24.924,85.6146,Insulin,vials,103.1,21,10,9,8
2026-08-31,PHC-019,Kolkata PHC-1,Kolkata,West Bengal,24.924,85.6146,Insulin,vials,104.0,21,12,9,7
2026-09-01,PHC-019,Kolkata PHC-1,Kolkata,West Bengal,24.924,85.6146,Insulin,vials,103.8,21,13,9,8
2026-09-02,PHC-019,Kolkata PHC-1,Kolkata,West Bengal,24.924,85.6146,Insulin,vials,103.6,21,15,9,7
2026-09-03,PHC-019,Kolkata PHC-1,Kolkata,West Bengal,24.924,85.6146,Insulin,vials,102.4,21,7,9,8
2026-09-04,PHC-019,Kolkata PHC-1,Kolkata,West Bengal,24.924,85.6146,Insulin,vials,102.3,21,13,9,8
2026-09-05,PHC-019,Kolkata PHC-1,Kolkata,West Bengal,24.924,85.6146,Insulin,vials,101.4,21,13,9,8
2026-09-06,PHC-019,Kolkata PHC-1,Kolkata,West Bengal,24.924,85.6146,Insulin,vials,101.2,21,11,9,8
2026-09-07,PHC-019,Kolkata PHC-1,Kolkata,West Bengal,24.924,85.6146,Insulin,vials,100.7,21,16,9,7
2026-09-08,PHC-019,Kolkata PHC-1,Kolkata,West Bengal,24.924,85.6146,Insulin,vials,99.8,21,10,9,8
2026-09-09,PHC-019,Kolkata PHC-1,Kolkata,West Bengal,24.924,85.6146,Insulin,vials,100.4,21,14,9,9
2026-09-10,PHC-019,Kolkata PHC-1,Kolkata,West Bengal,24.924,85.6146,Insulin,vials,98.5,21,9,9,6
2026-09-11,PHC-019,Kolkata PHC-1,Kolkata,West Bengal,24.924,85.6146,Insulin,vials,98.5,21,16,9,9
2026-09-12,PHC-019,Kolkata PHC-1,Kolkata,West Bengal,24.924,85.6146,Insulin,vials,99.7,21,11,9,5
2026-09-13,PHC-019,Kolkata PHC-1,Kolkata,West Bengal,24.924,85.6146,Insulin,vials,98.0,21,10,9,8
2026-09-14,PHC-019,Kolkata PHC-1,Kolkata,West Bengal,24.924,85.6146,Insulin,vials,97.7,21,8,9,7
2026-09-15,PHC-019,Kolkata PHC-1,Kolkata,West Bengal,24.924,85.6146,Insulin,vials,97.7,21,9,9,6
2026-09-16,PHC-019,Kolkata PHC-1,Kolkata,West Bengal,24.924,85.6146,Insulin,vials,97.9,21,13,9,6
2026-09-17,PHC-019,Kolkata PHC-1,Kolkata,West Bengal,24.924,85.6146,Insulin,vials,98.6,21,9,9,8
2026-09-18,PHC-019,Kolkata PHC-1,Kolkata,West Bengal,24.924,85.6146,Insulin,vials,97.2,21,13,9,9
2026-09-19,PHC-019,Kolkata PHC-1,Kolkata,West Bengal,24.924,85.6146,Insulin,vials,97.4,21,13,9,5
2026-09-20,PHC-019,Kolkata PHC-1,Kolkata,West Bengal,24.924,85.6146,Insulin,vials,94.7,21,18,9,9
2026-09-21,PHC-019,Kolkata PHC-1,Kolkata,West Bengal,24.924,85.6146,Insulin,vials,94.8,21,7,9,7
2026-09-22,PHC-019,Kolkata PHC-1,Kolkata,West Bengal,24.924,85.6146,Insulin,vials,95.0,21,10,9,5
2026-09-23,PHC-019,Kolkata PHC-1,Kolkata,West Bengal,24.924,85.6146,Insulin,vials,94.9,21,7,9,6
2026-09-24,PHC-019,Kolkata PHC-1,Kolkata,West Bengal,24.924,85.6146,Insulin,vials,94.8,21,13,9,7
2026-09-25,PHC-019,Kolkata PHC-1,Kolkata,West Bengal,24.924,85.6146,Insulin,vials,94.9,21,15,9,7
2026-09-26,PHC-019,Kolkata PHC-1,Kolkata,West Bengal,24.924,85.6146,Insulin,vials,94.3,21,9,9,6
2026-08-28,PHC-019,Kolkata PHC-1,Kolkata,West Bengal,24.924,85.6146,Amoxicillin,strips,548.3,21,13,9,6
2026-08-29,PHC-019,Kolkata PHC-1,Kolkata,West Bengal,24.924,85.6146,Amoxicillin,strips,550.8,21,19,9,6
2026-08-30,PHC-019,Kolkata PHC-1,Kolkata,West Bengal,24.924,85.6146,Amoxicillin,strips,548.6,21,9,9,6
2026-08-31,PHC-019,Kolkata PHC-1,Kolkata,West Bengal,24.924,85.6146,Amoxicillin,strips,546.7,21,19,9,8
2026-09-01,PHC-019,Kolkata PHC-1,Kolkata,West Bengal,24.924,85.6146,Amoxicillin,strips,545.0,21,10,9,8
2026-09-02,PHC-019,Kolkata PHC-1,Kolkata,West Bengal,24.924,85.6146,Amoxicillin,strips,541.9,21,10,9,8
2026-09-03,PHC-019,Kolkata PHC-1,Kolkata,West Bengal,24.924,85.6146,Amoxicillin,strips,547.4,21,14,9,7
2026-09-04,PHC-019,Kolkata PHC-1,Kolkata,West Bengal,24.924,85.6146,Amoxicillin,strips,544.6,21,6,9,8
2026-09-05,PHC-019,Kolkata PHC-1,Kolkata,West Bengal,24.924,85.6146,Amoxicillin,strips,544.3,21,12,9,7
2026-09-06,PHC-019,Kolkata PHC-1,Kolkata,West Bengal,24.924,85.6146,Amoxicillin,strips,548.2,21,13,9,7
2026-09-07,PHC-019,Kolkata PHC-1,Kolkata,West Bengal,24.924,85.6146,Amoxicillin,strips,545.2,21,11,9,9
2026-09-08,PHC-019,Kolkata PHC-1,Kolkata,West Bengal,24.924,85.6146,Amoxicillin,strips,546.4,21,10,9,8
2026-09-09,PHC-019,Kolkata PHC-1,Kolkata,West Bengal,24.924,85.6146,Amoxicillin,strips,549.7,21,13,9,8
2026-09-10,PHC-019,Kolkata PHC-1,Kolkata,West Bengal,24.924,85.6146,Amoxicillin,strips,550.3,21,12,9,8
2026-09-11,PHC-019,Kolkata PHC-1,Kolkata,West Bengal,24.924,85.6146,Amoxicillin,strips,546.2,21,12,9,5
2026-09-12,PHC-019,Kolkata PHC-1,Kolkata,West Bengal,24.924,85.6146,Amoxicillin,strips,543.5,21,11,9,7
2026-09-13,PHC-019,Kolkata PHC-1,Kolkata,West Bengal,24.924,85.6146,Amoxicillin,strips,542.1,21,12,9,7
2026-09-14,PHC-019,Kolkata PHC-1,Kolkata,West Bengal,24.924,85.6146,Amoxicillin,strips,539.6,21,16,9,5
2026-09-15,PHC-019,Kolkata PHC-1,Kolkata,West Bengal,24.924,85.6146,Amoxicillin,strips,538.6,21,13,9,5
2026-09-16,PHC-019,Kolkata PHC-1,Kolkata,West Bengal,24.924,85.6146,Amoxicillin,strips,538.2,21,15,9,8
2026-09-17,PHC-019,Kolkata PHC-1,Kolkata,West Bengal,24.924,85.6146,Amoxicillin,strips,537.1,21,15,9,6
2026-09-18,PHC-019,Kolkata PHC-1,Kolkata,West Bengal,24.924,85.6146,Amoxicillin,strips,537.0,21,11,9,9
2026-09-19,PHC-019,Kolkata PHC-1,Kolkata,West Bengal,24.924,85.6146,Amoxicillin,strips,538.5,21,10,9,8
2026-09-20,PHC-019,Kolkata PHC-1,Kolkata,West Bengal,24.924,85.6146,Amoxicillin,strips,536.3,21,12,9,6
2026-09-21,PHC-019,Kolkata PHC-1,Kolkata,West Bengal,24.924,85.6146,Amoxicillin,strips,540.9,21,10,9,4
2026-09-22,PHC-019,Kolkata PHC-1,Kolkata,West Bengal,24.924,85.6146,Amoxicillin,strips,539.1,21,11,9,9
2026-09-23,PHC-019,Kolkata PHC-1,Kolkata,West Bengal,24.924,85.6146,Amoxicillin,strips,538.2,21,8,9,5
2026-09-24,PHC-019,Kolkata PHC-1,Kolkata,West Bengal,24.924,85.6146,Amoxicillin,strips,540.0,21,13,9,7
2026-09-25,PHC-019,Kolkata PHC-1,Kolkata,West Bengal,24.924,85.6146,Amoxicillin,strips,531.7,21,14,9,7
2026-09-26,PHC-019,Kolkata PHC-1,Kolkata,West Bengal,24.924,85.6146,Amoxicillin,strips,531.8,21,9,9,7
2026-08-28,PHC-019,Kolkata PHC-1,Kolkata,West Bengal,24.924,85.6146,Iron Folic Acid Tablets,strips,572.8,21,8,9,5
2026-08-29,PHC-019,Kolkata PHC-1,Kolkata,West Bengal,24.924,85.6146,Iron Folic Acid Tablets,strips,553.1,21,16,9,7
2026-08-30,PHC-019,Kolkata PHC-1,Kolkata,West Bengal,24.924,85.6146,Iron Folic Acid Tablets,strips,544.2,21,15,9,7
2026-08-31,PHC-019,Kolkata PHC-1,Kolkata,West Bengal,24.924,85.6146,Iron Folic Acid Tablets,strips,533.3,21,13,9,9
2026-09-01,PHC-019,Kolkata PHC-1,Kolkata,West Bengal,24.924,85.6146,Iron Folic Acid Tablets,strips,524.7,21,14,9,7
2026-09-02,PHC-019,Kolkata PHC-1,Kolkata,West Bengal,24.924,85.6146,Iron Folic Acid Tablets,strips,512.9,21,12,9,7
2026-09-03,PHC-019,Kolkata PHC-1,Kolkata,West Bengal,24.924,85.6146,Iron Folic Acid Tablets,strips,504.0,21,5,9,7
2026-09-04,PHC-019,Kolkata PHC-1,Kolkata,West Bengal,24.924,85.6146,Iron Folic Acid Tablets,strips,492.2,21,8,9,8
2026-09-05,PHC-019,Kolkata PHC-1,Kolkata,West Bengal,24.924,85.6146,Iron Folic Acid Tablets,strips,477.6,21,11,9,9
2026-09-06,PHC-019,Kolkata PHC-1,Kolkata,West Bengal,24.924,85.6146,Iron Folic Acid Tablets,strips,464.4,21,14,9,8
2026-09-07,PHC-019,Kolkata PHC-1,Kolkata,West Bengal,24.924,85.6146,Iron Folic Acid Tablets,strips,444.6,21,18,9,8
2026-09-08,PHC-019,Kolkata PHC-1,Kolkata,West Bengal,24.924,85.6146,Iron Folic Acid Tablets,strips,434.1,21,8,9,8
2026-09-09,PHC-019,Kolkata PHC-1,Kolkata,West Bengal,24.924,85.6146,Iron Folic Acid Tablets,strips,414.5,21,8,9,8
2026-09-10,PHC-019,Kolkata PHC-1,Kolkata,West Bengal,24.924,85.6146,Iron Folic Acid Tablets,strips,406.5,21,14,9,8
2026-09-11,PHC-019,Kolkata PHC-1,Kolkata,West Bengal,24.924,85.6146,Iron Folic Acid Tablets,strips,386.4,21,14,9,7
2026-09-12,PHC-019,Kolkata PHC-1,Kolkata,West Bengal,24.924,85.6146,Iron Folic Acid Tablets,strips,364.3,21,10,9,9
2026-09-13,PHC-019,Kolkata PHC-1,Kolkata,West Bengal,24.924,85.6146,Iron Folic Acid Tablets,strips,346.3,21,16,9,9
2026-09-14,PHC-019,Kolkata PHC-1,Kolkata,West Bengal,24.924,85.6146,Iron Folic Acid Tablets,strips,324.4,21,3,9,8
2026-09-15,PHC-019,Kolkata PHC-1,Kolkata,West Bengal,24.924,85.6146,Iron Folic Acid Tablets,strips,302.6,21,9,9,6
2026-09-16,PHC-019,Kolkata PHC-1,Kolkata,West Bengal,24.924,85.6146,Iron Folic Acid Tablets,strips,284.6,21,16,9,7
2026-09-17,PHC-019,Kolkata PHC-1,Kolkata,West Bengal,24.924,85.6146,Iron Folic Acid Tablets,strips,266.0,21,14,9,7
2026-09-18,PHC-019,Kolkata PHC-1,Kolkata,West Bengal,24.924,85.6146,Iron Folic Acid Tablets,strips,247.0,21,14,9,8
2026-09-19,PHC-019,Kolkata PHC-1,Kolkata,West Bengal,24.924,85.6146,Iron Folic Acid Tablets,strips,228.4,21,11,9,7
2026-09-20,PHC-019,Kolkata PHC-1,Kolkata,West Bengal,24.924,85.6146,Iron Folic Acid Tablets,strips,205.7,21,11,9,6
2026-09-21,PHC-019,Kolkata PHC-1,Kolkata,West Bengal,24.924,85.6146,Iron Folic Acid Tablets,strips,195.4,21,11,9,8
2026-09-22,PHC-019,Kolkata PHC-1,Kolkata,West Bengal,24.924,85.6146,Iron Folic Acid Tablets,strips,174.4,21,8,9,6
2026-09-23,PHC-019,Kolkata PHC-1,Kolkata,West Bengal,24.924,85.6146,Iron Folic Acid Tablets,strips,158.0,21,15,9,7
2026-09-24,PHC-019,Kolkata PHC-1,Kolkata,West Bengal,24.924,85.6146,Iron Folic Acid Tablets,strips,146.8,21,8,9,8
2026-09-25,PHC-019,Kolkata PHC-1,Kolkata,West Bengal,24.924,85.6146,Iron Folic Acid Tablets,strips,127.0,21,10,9,7
2026-09-26,PHC-019,Kolkata PHC-1,Kolkata,West Bengal,24.924,85.6146,Iron Folic Acid Tablets,strips,118.1,21,9,9,6
2026-08-28,PHC-020,Kolkata PHC-2,Kolkata,West Bengal,21.6498,72.7959,Paracetamol,units,490.4,14,9,6,5
2026-08-29,PHC-020,Kolkata PHC-2,Kolkata,West Bengal,21.6498,72.7959,Paracetamol,units,478.3,14,10,6,6
2026-08-30,PHC-020,Kolkata PHC-2,Kolkata,West Bengal,21.6498,72.7959,Paracetamol,units,467.6,14,5,6,6
2026-08-31,PHC-020,Kolkata PHC-2,Kolkata,West Bengal,21.6498,72.7959,Paracetamol,units,454.4,14,6,6,4
2026-09-01,PHC-020,Kolkata PHC-2,Kolkata,West Bengal,21.6498,72.7959,Paracetamol,units,437.3,14,9,6,4
2026-09-02,PHC-020,Kolkata PHC-2,Kolkata,West Bengal,21.6498,72.7959,Paracetamol,units,425.3,14,8,6,4
2026-09-03,PHC-020,Kolkata PHC-2,Kolkata,West Bengal,21.6498,72.7959,Paracetamol,units,408.7,14,9,6,5
2026-09-04,PHC-020,Kolkata PHC-2,Kolkata,West Bengal,21.6498,72.7959,Paracetamol,units,396.1,14,10,6,4
2026-09-05,PHC-020,Kolkata PHC-2,Kolkata,West Bengal,21.6498,72.7959,Paracetamol,units,381.7,14,5,6,4
2026-09-06,PHC-020,Kolkata PHC-2,Kolkata,West Bengal,21.6498,72.7959,Paracetamol,units,367.7,14,6,6,4
2026-09-07,PHC-020,Kolkata PHC-2,Kolkata,West Bengal,21.6498,72.7959,Paracetamol,units,353.2,14,8,6,4
2026-09-08,PHC-020,Kolkata PHC-2,Kolkata,West Bengal,21.6498,72.7959,Paracetamol,units,340.8,14,4,6,4
2026-09-09,PHC-020,Kolkata PHC-2,Kolkata,West Bengal,21.6498,72.7959,Paracetamol,units,333.4,14,7,6,2
2026-09-10,PHC-020,Kolkata PHC-2,Kolkata,West Bengal,21.6498,72.7959,Paracetamol,units,317.0,14,10,6,6
2026-09-11,PHC-020,Kolkata PHC-2,Kolkata,West Bengal,21.6498,72.7959,Paracetamol,units,305.6,14,6,6,4
2026-09-12,PHC-020,Kolkata PHC-2,Kolkata,West Bengal,21.6498,72.7959,Paracetamol,units,289.2,14,5,6,6
2026-09-13,PHC-020,Kolkata PHC-2,Kolkata,West Bengal,21.6498,72.7959,Paracetamol,units,271.2,14,8,6,6
2026-09-14,PHC-020,Kolkata PHC-2,Kolkata,West Bengal,21.6498,72.7959,Paracetamol,units,259.8,14,9,6,4
2026-09-15,PHC-020,Kolkata PHC-2,Kolkata,West Bengal,21.6498,72.7959,Paracetamol,units,240.8,14,7,6,6
2026-09-16,PHC-020,Kolkata PHC-2,Kolkata,West Bengal,21.6498,72.7959,Paracetamol,units,228.6,14,8,6,3
2026-09-17,PHC-020,Kolkata PHC-2,Kolkata,West Bengal,21.6498,72.7959,Paracetamol,units,215.6,14,5,6,3
2026-09-18,PHC-020,Kolkata PHC-2,Kolkata,West Bengal,21.6498,72.7959,Paracetamol,units,208.3,14,12,6,6
2026-09-19,PHC-020,Kolkata PHC-2,Kolkata,West Bengal,21.6498,72.7959,Paracetamol,units,199.7,14,6,6,3
2026-09-20,PHC-020,Kolkata PHC-2,Kolkata,West Bengal,21.6498,72.7959,Paracetamol,units,184.9,14,8,6,6
2026-09-21,PHC-020,Kolkata PHC-2,Kolkata,West Bengal,21.6498,72.7959,Paracetamol,units,165.8,14,7,6,5
2026-09-22,PHC-020,Kolkata PHC-2,Kolkata,West Bengal,21.6498,72.7959,Paracetamol,units,155.3,14,9,6,4
2026-09-23,PHC-020,Kolkata PHC-2,Kolkata,West Bengal,21.6498,72.7959,Paracetamol,units,138.6,14,9,6,5
2026-09-24,PHC-020,Kolkata PHC-2,Kolkata,West Bengal,21.6498,72.7959,Paracetamol,units,127.9,14,5,6,3
2026-09-25,PHC-020,Kolkata PHC-2,Kolkata,West Bengal,21.6498,72.7959,Paracetamol,units,118.0,14,5,6,4
2026-09-26,PHC-020,Kolkata PHC-2,Kolkata,West Bengal,21.6498,72.7959,Paracetamol,units,105.7,14,11,6,5
2026-08-28,PHC-020,Kolkata PHC-2,Kolkata,West Bengal,21.6498,72.7959,ORS Sachets,packets,235.0,14,8,6,5
2026-08-29,PHC-020,Kolkata PHC-2,Kolkata,West Bengal,21.6498,72.7959,ORS Sachets,packets,227.4,14,8,6,3
2026-08-30,PHC-020,Kolkata PHC-2,Kolkata,West Bengal,21.6498,72.7959,ORS Sachets,packets,215.7,14,7,6,2
2026-08-31,PHC-020,Kolkata PHC-2,Kolkata,West Bengal,21.6498,72.7959,ORS Sachets,packets,207.0,14,9,6,4
2026-09-01,PHC-020,Kolkata PHC-2,Kolkata,West Bengal,21.6498,72.7959,ORS Sachets,packets,201.7,14,10,6,3
2026-09-02,PHC-020,Kolkata PHC-2,Kolkata,West Bengal,21.6498,72.7959,ORS Sachets,packets,191.6,14,6,6,5
2026-09-03,PHC-020,Kolkata PHC-2,Kolkata,West Bengal,21.6498,72.7959,ORS Sachets,packets,180.3,14,10,6,6
2026-09-04,PHC-020,Kolkata PHC-2,Kolkata,West Bengal,21.6498,72.7959,ORS Sachets,packets,170.5,14,10,6,4
2026-09-05,PHC-020,Kolkata PHC-2,Kolkata,West Bengal,21.6498,72.7959,ORS Sachets,packets,162.7,14,6,6,4
2026-09-06,PHC-020,Kolkata PHC-2,Kolkata,West Bengal,21.6498,72.7959,ORS Sachets,packets,152.2,14,6,6,4
2026-09-07,PHC-020,Kolkata PHC-2,Kolkata,West Bengal,21.6498,72.7959,ORS Sachets,packets,141.8,14,12,6,3
2026-09-08,PHC-020,Kolkata PHC-2,Kolkata,West Bengal,21.6498,72.7959,ORS Sachets,packets,130.3,14,6,6,6
2026-09-09,PHC-020,Kolkata PHC-2,Kolkata,West Bengal,21.6498,72.7959,ORS Sachets,packets,120.3,14,6,6,5
2026-09-10,PHC-020,Kolkata PHC-2,Kolkata,West Bengal,21.6498,72.7959,ORS Sachets,packets,111.7,14,8,6,4
2026-09-11,PHC-020,Kolkata PHC-2,Kolkata,West Bengal,21.6498,72.7959,ORS Sachets,packets,101.8,14,7,6,4
2026-09-12,PHC-020,Kolkata PHC-2,Kolkata,West Bengal,21.6498,72.7959,ORS Sachets,packets,92.7,14,10,6,5
2026-09-13,PHC-020,Kolkata PHC-2,Kolkata,West Bengal,21.6498,72.7959,ORS Sachets,packets,81.2,14,11,6,5
2026-09-14,PHC-020,Kolkata PHC-2,Kolkata,West Bengal,21.6498,72.7959,ORS Sachets,packets,72.0,14,10,6,5
2026-09-15,PHC-020,Kolkata PHC-2,Kolkata,West Bengal,21.6498,72.7959,ORS Sachets,packets,64.2,14,9,6,5
2026-09-16,PHC-020,Kolkata PHC-2,Kolkata,West Bengal,21.6498,72.7959,ORS Sachets,packets,58.0,14,8,6,4
2026-09-17,PHC-020,Kolkata PHC-2,Kolkata,West Bengal,21.6498,72.7959,ORS Sachets,packets,53.9,14,9,6,6
2026-09-18,PHC-020,Kolkata PHC-2,Kolkata,West Bengal,21.6498,72.7959,ORS Sachets,packets,47.9,14,7,6,4
2026-09-19,PHC-020,Kolkata PHC-2,Kolkata,West Bengal,21.6498,72.7959,ORS Sachets,packets,36.3,14,11,6,4
2026-09-20,PHC-020,Kolkata PHC-2,Kolkata,West Bengal,21.6498,72.7959,ORS Sachets,packets,27.6,14,8,6,5
2026-09-21,PHC-020,Kolkata PHC-2,Kolkata,West Bengal,21.6498,72.7959,ORS Sachets,packets,19.6,14,6,6,3
2026-09-22,PHC-020,Kolkata PHC-2,Kolkata,West Bengal,21.6498,72.7959,ORS Sachets,packets,8.1,14,8,6,6
2026-09-23,PHC-020,Kolkata PHC-2,Kolkata,West Bengal,21.6498,72.7959,ORS Sachets,packets,1.3,14,7,6,5
2026-09-24,PHC-020,Kolkata PHC-2,Kolkata,West Bengal,21.6498,72.7959,ORS Sachets,packets,0.0,14,5,6,4
2026-09-25,PHC-020,Kolkata PHC-2,Kolkata,West Bengal,21.6498,72.7959,ORS Sachets,packets,0.0,14,7,6,4
2026-09-26,PHC-020,Kolkata PHC-2,Kolkata,West Bengal,21.6498,72.7959,ORS Sachets,packets,0.0,14,12,6,2
2026-08-28,PHC-020,Kolkata PHC-2,Kolkata,West Bengal,21.6498,72.7959,Insulin,vials,72.5,14,9,6,5
2026-08-29,PHC-020,Kolkata PHC-2,Kolkata,West Bengal,21.6498,72.7959,Insulin,vials,73.8,14,11,6,6
2026-08-30,PHC-020,Kolkata PHC-2,Kolkata,West Bengal,21.6498,72.7959,Insulin,vials,74.5,14,9,6,4
2026-08-31,PHC-020,Kolkata PHC-2,Kolkata,West Bengal,21.6498,72.7959,Insulin,vials,73.0,14,8,6,5
2026-09-01,PHC-020,Kolkata PHC-2,Kolkata,West Bengal,21.6498,72.7959,Insulin,vials,73.8,14,8,6,6
2026-09-02,PHC-020,Kolkata PHC-2,Kolkata,West Bengal,21.6498,72.7959,Insulin,vials,73.3,14,9,6,5
2026-09-03,PHC-020,Kolkata PHC-2,Kolkata,West Bengal,21.6498,72.7959,Insulin,vials,72.3,14,8,6,3
2026-09-04,PHC-020,Kolkata PHC-2,Kolkata,West Bengal,21.6498,72.7959,Insulin,vials,71.8,14,12,6,2
2026-09-05,PHC-020,Kolkata PHC-2,Kolkata,West Bengal,21.6498,72.7959,Insulin,vials,72.9,14,6,6,4
2026-09-06,PHC-020,Kolkata PHC-2,Kolkata,West Bengal,21.6498,72.7959,Insulin,vials,72.5,14,8,6,3
2026-09-07,PHC-020,Kolkata PHC-2,Kolkata,West Bengal,21.6498,72.7959,Insulin,vials,73.1,14,7,6,3
2026-09-08,PHC-020,Kolkata PHC-2,Kolkata,West Bengal,21.6498,72.7959,Insulin,vials,73.6,14,6,6,3
2026-09-09,PHC-020,Kolkata PHC-2,Kolkata,West Bengal,21.6498,72.7959,Insulin,vials,73.9,14,8,6,6
2026-09-10,PHC-020,Kolkata PHC-2,Kolkata,West Bengal,21.6498,72.7959,Insulin,vials,73.2,14,10,6,4
2026-09-11,PHC-020,Kolkata PHC-2,Kolkata,West Bengal,21.6498,72.7959,Insulin,vials,71.8,14,7,6,6
2026-09-12,PHC-020,Kolkata PHC-2,Kolkata,West Bengal,21.6498,72.7959,Insulin,vials,72.3,14,3,6,4
2026-09-13,PHC-020,Kolkata PHC-2,Kolkata,West Bengal,21.6498,72.7959,Insulin,vials,73.6,14,5,6,5
2026-09-14,PHC-020,Kolkata PHC-2,Kolkata,West Bengal,21.6498,72.7959,Insulin,vials,73.1,14,7,6,5
2026-09-15,PHC-020,Kolkata PHC-2,Kolkata,West Bengal,21.6498,72.7959,Insulin,vials,72.6,14,11,6,5
2026-09-16,PHC-020,Kolkata PHC-2,Kolkata,West Bengal,21.6498,72.7959,Insulin,vials,72.7,14,9,6,6
2026-09-17,PHC-020,Kolkata PHC-2,Kolkata,West Bengal,21.6498,72.7959,Insulin,vials,74.0,14,11,6,5
2026-09-18,PHC-020,Kolkata PHC-2,Kolkata,West Bengal,21.6498,72.7959,Insulin,vials,73.4,14,7,6,5
2026-09-19,PHC-020,Kolkata PHC-2,Kolkata,West Bengal,21.6498,72.7959,Insulin,vials,73.7,14,11,6,5
2026-09-20,PHC-020,Kolkata PHC-2,Kolkata,West Bengal,21.6498,72.7959,Insulin,vials,72.8,14,9,6,4
2026-09-21,PHC-020,Kolkata PHC-2,Kolkata,West Bengal,21.6498,72.7959,Insulin,vials,73.3,14,10,6,3
2026-09-22,PHC-020,Kolkata PHC-2,Kolkata,West Bengal,21.6498,72.7959,Insulin,vials,72.8,14,8,6,6
2026-09-23,PHC-020,Kolkata PHC-2,Kolkata,West Bengal,21.6498,72.7959,Insulin,vials,74.5,14,9,6,4
2026-09-24,PHC-020,Kolkata PHC-2,Kolkata,West Bengal,21.6498,72.7959,Insulin,vials,73.1,14,11,6,4
2026-09-25,PHC-020,Kolkata PHC-2,Kolkata,West Bengal,21.6498,72.7959,Insulin,vials,73.4,14,5,6,3
2026-09-26,PHC-020,Kolkata PHC-2,Kolkata,West Bengal,21.6498,72.7959,Insulin,vials,73.7,14,7,6,4
2026-08-28,PHC-020,Kolkata PHC-2,Kolkata,West Bengal,21.6498,72.7959,Amoxicillin,strips,423.2,14,11,6,6
2026-08-29,PHC-020,Kolkata PHC-2,Kolkata,West Bengal,21.6498,72.7959,Amoxicillin,strips,428.3,14,5,6,6
2026-08-30,PHC-020,Kolkata PHC-2,Kolkata,West Bengal,21.6498,72.7959,Amoxicillin,strips,433.9,14,5,6,4
2026-08-31,PHC-020,Kolkata PHC-2,Kolkata,West Bengal,21.6498,72.7959,Amoxicillin,strips,439.3,14,8,6,4
2026-09-01,PHC-020,Kolkata PHC-2,Kolkata,West Bengal,21.6498,72.7959,Amoxicillin,strips,442.4,14,12,6,6
2026-09-02,PHC-020,Kolkata PHC-2,Kolkata,West Bengal,21.6498,72.7959,Amoxicillin,strips,446.3,14,8,6,6
2026-09-03,PHC-020,Kolkata PHC-2,Kolkata,West Bengal,21.6498,72.7959,Amoxicillin,strips,449.5,14,8,6,5
2026-09-04,PHC-020,Kolkata PHC-2,Kolkata,West Bengal,21.6498,72.7959,Amoxicillin,strips,451.9,14,9,6,4
2026-09-05,PHC-020,Kolkata PHC-2,Kolkata,West Bengal,21.6498,72.7959,Amoxicillin,strips,455.5,14,4,6,2
2026-09-06,PHC-020,Kolkata PHC-2,Kolkata,West Bengal,21.6498,72.7959,Amoxicillin,strips,457.8,14,7,6,4
2026-09-07,PHC-020,Kolkata PHC-2,Kolkata,West Bengal,21.6498,72.7959,Amoxicillin,strips,463.0,14,11,6,5
2026-09-08,PHC-020,Kolkata PHC-2,Kolkata,West Bengal,21.6498,72.7959,Amoxicillin,strips,467.4,14,9,6,5
2026-09-09,PHC-020,Kolkata PHC-2,Kolkata,West Bengal,21.6498,72.7959,Amoxicillin,strips,473.1,14,5,6,6
2026-09-10,PHC-020,Kolkata PHC-2,Kolkata,West Bengal,21.6498,72.7959,Amoxicillin,strips,477.6,14,7,6,5
2026-09-11,PHC-020,Kolkata PHC-2,Kolkata,West Bengal,21.6498,72.7959,Amoxicillin,strips,481.7,14,7,6,6
2026-09-12,PHC-020,Kolkata PHC-2,Kolkata,West Bengal,21.6498,72.7959,Amoxicillin,strips,485.2,14,6,6,4
2026-09-13,PHC-020,Kolkata PHC-2,Kolkata,West Bengal,21.6498,72.7959,Amoxicillin,strips,489.4,14,9,6,4
2026-09-14,PHC-020,Kolkata PHC-2,Kolkata,West Bengal,21.6498,72.7959,Amoxicillin,strips,492.9,14,8,6,5
2026-09-15,PHC-020,Kolkata PHC-2,Kolkata,West Bengal,21.6498,72.7959,Amoxicillin,strips,497.8,14,8,6,4
2026-09-16,PHC-020,Kolkata PHC-2,Kolkata,West Bengal,21.6498,72.7959,Amoxicillin,strips,500.3,14,7,6,6
2026-09-17,PHC-020,Kolkata PHC-2,Kolkata,West Bengal,21.6498,72.7959,Amoxicillin,strips,503.8,14,9,6,4
2026-09-18,PHC-020,Kolkata PHC-2,Kolkata,West Bengal,21.6498,72.7959,Amoxicillin,strips,509.5,14,5,6,4
2026-09-19,PHC-020,Kolkata PHC-2,Kolkata,West Bengal,21.6498,72.7959,Amoxicillin,strips,515.2,14,7,6,6
2026-09-20,PHC-020,Kolkata PHC-2,Kolkata,West Bengal,21.6498,72.7959,Amoxicillin,strips,520.5,14,9,6,6
2026-09-21,PHC-020,Kolkata PHC-2,Kolkata,West Bengal,21.6498,72.7959,Amoxicillin,strips,524.0,14,10,6,5
2026-09-22,PHC-020,Kolkata PHC-2,Kolkata,West Bengal,21.6498,72.7959,Amoxicillin,strips,529.1,14,9,6,6
2026-09-23,PHC-020,Kolkata PHC-2,Kolkata,West Bengal,21.6498,72.7959,Amoxicillin,strips,534.9,14,6,6,3
2026-09-24,PHC-020,Kolkata PHC-2,Kolkata,West Bengal,21.6498,72.7959,Amoxicillin,strips,540.8,14,10,6,4
2026-09-25,PHC-020,Kolkata PHC-2,Kolkata,West Bengal,21.6498,72.7959,Amoxicillin,strips,546.7,14,6,6,5
2026-09-26,PHC-020,Kolkata PHC-2,Kolkata,West Bengal,21.6498,72.7959,Amoxicillin,strips,549.2,14,8,6,4
2026-08-28,PHC-020,Kolkata PHC-2,Kolkata,West Bengal,21.6498,72.7959,Iron Folic Acid Tablets,strips,555.2,14,9,6,5
2026-08-29,PHC-020,Kolkata PHC-2,Kolkata,West Bengal,21.6498,72.7959,Iron Folic Acid Tablets,strips,557.7,14,10,6,6
2026-08-30,PHC-020,Kolkata PHC-2,Kolkata,West Bengal,21.6498,72.7959,Iron Folic Acid Tablets,strips,551.7,14,6,6,4
2026-08-31,PHC-020,Kolkata PHC-2,Kolkata,West Bengal,21.6498,72.7959,Iron Folic Acid Tablets,strips,551.3,14,6,6,3
2026-09-01,PHC-020,Kolkata PHC-2,Kolkata,West Bengal,21.6498,72.7959,Iron Folic Acid Tablets,strips,539.7,14,8,6,6
2026-09-02,PHC-020,Kolkata PHC-2,Kolkata,West Bengal,21.6498,72.7959,Iron Folic Acid Tablets,strips,532.6,14,8,6,3
2026-09-03,PHC-020,Kolkata PHC-2,Kolkata,West Bengal,21.6498,72.7959,Iron Folic Acid Tablets,strips,523.0,14,7,6,4
2026-09-04,PHC-020,Kolkata PHC-2,Kolkata,West Bengal,21.6498,72.7959,Iron Folic Acid Tablets,strips,528.6,14,7,6,5
2026-09-05,PHC-020,Kolkata PHC-2,Kolkata,West Bengal,21.6498,72.7959,Iron Folic Acid Tablets,strips,516.8,14,5,6,5
2026-09-06,PHC-020,Kolkata PHC-2,Kolkata,West Bengal,21.6498,72.7959,Iron Folic Acid Tablets,strips,503.9,14,8,6,3
2026-09-07,PHC-020,Kolkata PHC-2,Kolkata,West Bengal,21.6498,72.7959,Iron Folic Acid Tablets,strips,499.2,14,9,6,6
2026-09-08,PHC-020,Kolkata PHC-2,Kolkata,West Bengal,21.6498,72.7959,Iron Folic Acid Tablets,strips,499.7,14,9,6,5
2026-09-09,PHC-020,Kolkata PHC-2,Kolkata,West Bengal,21.6498,72.7959,Iron Folic Acid Tablets,strips,490.2,14,9,6,4
2026-09-10,PHC-020,Kolkata PHC-2,Kolkata,West Bengal,21.6498,72.7959,Iron Folic Acid Tablets,strips,497.2,14,9,6,5
2026-09-11,PHC-020,Kolkata PHC-2,Kolkata,West Bengal,21.6498,72.7959,Iron Folic Acid Tablets,strips,502.7,14,11,6,5
2026-09-12,PHC-020,Kolkata PHC-2,Kolkata,West Bengal,21.6498,72.7959,Iron Folic Acid Tablets,strips,507.0,14,7,6,3
2026-09-13,PHC-020,Kolkata PHC-2,Kolkata,West Bengal,21.6498,72.7959,Iron Folic Acid Tablets,strips,505.2,14,5,6,5
2026-09-14,PHC-020,Kolkata PHC-2,Kolkata,West Bengal,21.6498,72.7959,Iron Folic Acid Tablets,strips,492.0,14,10,6,2
2026-09-15,PHC-020,Kolkata PHC-2,Kolkata,West Bengal,21.6498,72.7959,Iron Folic Acid Tablets,strips,500.7,14,7,6,5
2026-09-16,PHC-020,Kolkata PHC-2,Kolkata,West Bengal,21.6498,72.7959,Iron Folic Acid Tablets,strips,490.9,14,8,6,5
2026-09-17,PHC-020,Kolkata PHC-2,Kolkata,West Bengal,21.6498,72.7959,Iron Folic Acid Tablets,strips,484.5,14,7,6,3
2026-09-18,PHC-020,Kolkata PHC-2,Kolkata,West Bengal,21.6498,72.7959,Iron Folic Acid Tablets,strips,492.9,14,8,6,4
2026-09-19,PHC-020,Kolkata PHC-2,Kolkata,West Bengal,21.6498,72.7959,Iron Folic Acid Tablets,strips,490.9,14,7,6,3
2026-09-20,PHC-020,Kolkata PHC-2,Kolkata,West Bengal,21.6498,72.7959,Iron Folic Acid Tablets,strips,489.3,14,6,6,5
2026-09-21,PHC-020,Kolkata PHC-2,Kolkata,West Bengal,21.6498,72.7959,Iron Folic Acid Tablets,strips,486.2,14,8,6,6
2026-09-22,PHC-020,Kolkata PHC-2,Kolkata,West Bengal,21.6498,72.7959,Iron Folic Acid Tablets,strips,482.2,14,6,6,3
2026-09-23,PHC-020,Kolkata PHC-2,Kolkata,West Bengal,21.6498,72.7959,Iron Folic Acid Tablets,strips,480.3,14,8,6,6
2026-09-24,PHC-020,Kolkata PHC-2,Kolkata,West Bengal,21.6498,72.7959,Iron Folic Acid Tablets,strips,485.6,14,9,6,4
2026-09-25,PHC-020,Kolkata PHC-2,Kolkata,West Bengal,21.6498,72.7959,Iron Folic Acid Tablets,strips,479.4,14,11,6,4
2026-09-26,PHC-020,Kolkata PHC-2,Kolkata,West Bengal,21.6498,72.7959,Iron Folic Acid Tablets,strips,472.3,14,6,6,4
2026-08-28,PHC-021,Kolkata PHC-3,Kolkata,West Bengal,24.0417,79.4219,Paracetamol,units,559.9,27,18,10,9
2026-08-29,PHC-021,Kolkata PHC-3,Kolkata,West Bengal,24.0417,79.4219,Paracetamol,units,552.7,27,13,10,7
2026-08-30,PHC-021,Kolkata PHC-3,Kolkata,West Bengal,24.0417,79.4219,Paracetamol,units,540.6,27,22,10,7
2026-08-31,PHC-021,Kolkata PHC-3,Kolkata,West Bengal,24.0417,79.4219,Paracetamol,units,525.4,27,11,10,6
2026-09-01,PHC-021,Kolkata PHC-3,Kolkata,West Bengal,24.0417,79.4219,Paracetamol,units,516.7,27,17,10,10
2026-09-02,PHC-021,Kolkata PHC-3,Kolkata,West Bengal,24.0417,79.4219,Paracetamol,units,504.6,27,25,10,8
2026-09-03,PHC-021,Kolkata PHC-3,Kolkata,West Bengal,24.0417,79.4219,Paracetamol,units,491.3,27,10,10,9
2026-09-04,PHC-021,Kolkata PHC-3,Kolkata,West Bengal,24.0417,79.4219,Paracetamol,units,476.4,27,18,10,7
2026-09-05,PHC-021,Kolkata PHC-3,Kolkata,West Bengal,24.0417,79.4219,Paracetamol,units,464.1,27,17,10,8
2026-09-06,PHC-021,Kolkata PHC-3,Kolkata,West Bengal,24.0417,79.4219,Paracetamol,units,450.4,27,21,10,10
2026-09-07,PHC-021,Kolkata PHC-3,Kolkata,West Bengal,24.0417,79.4219,Paracetamol,units,431.5,27,19,10,5
2026-09-08,PHC-021,Kolkata PHC-3,Kolkata,West Bengal,24.0417,79.4219,Paracetamol,units,422.1,27,8,10,7
2026-09-09,PHC-021,Kolkata PHC-3,Kolkata,West Bengal,24.0417,79.4219,Paracetamol,units,412.5,27,15,10,9
2026-09-10,PHC-021,Kolkata PHC-3,Kolkata,West Bengal,24.0417,79.4219,Paracetamol,units,393.3,27,14,10,7
2026-09-11,PHC-021,Kolkata PHC-3,Kolkata,West Bengal,24.0417,79.4219,Paracetamol,units,375.6,27,17,10,7
2026-09-12,PHC-021,Kolkata PHC-3,Kolkata,West Bengal,24.0417,79.4219,Paracetamol,units,366.9,27,22,10,9
2026-09-13,PHC-021,Kolkata PHC-3,Kolkata,West Bengal,24.0417,79.4219,Paracetamol,units,351.1,27,15,10,8
2026-09-14,PHC-021,Kolkata PHC-3,Kolkata,West Bengal,24.0417,79.4219,Paracetamol,units,335.7,27,9,10,7
2026-09-15,PHC-021,Kolkata PHC-3,Kolkata,West Bengal,24.0417,79.4219,Paracetamol,units,327.8,27,14,10,8
2026-09-16,PHC-021,Kolkata PHC-3,Kolkata,West Bengal,24.0417,79.4219,Paracetamol,units,319.4,27,25,10,8
2026-09-17,PHC-021,Kolkata PHC-3,Kolkata,West Bengal,24.0417,79.4219,Paracetamol,units,310.3,27,13,10,8
2026-09-18,PHC-021,Kolkata PHC-3,Kolkata,West Bengal,24.0417,79.4219,Paracetamol,units,292.4,27,13,10,8
2026-09-19,PHC-021,Kolkata PHC-3,Kolkata,West Bengal,24.0417,79.4219,Paracetamol,units,283.4,27,12,10,8
2026-09-20,PHC-021,Kolkata PHC-3,Kolkata,West Bengal,24.0417,79.4219,Paracetamol,units,264.8,27,12,10,9
2026-09-21,PHC-021,Kolkata PHC-3,Kolkata,West Bengal,24.0417,79.4219,Paracetamol,units,258.2,27,15,10,6
2026-09-22,PHC-021,Kolkata PHC-3,Kolkata,West Bengal,24.0417,79.4219,Paracetamol,units,241.5,27,17,10,10
2026-09-23,PHC-021,Kolkata PHC-3,Kolkata,West Bengal,24.0417,79.4219,Paracetamol,units,224.5,27,20,10,7
2026-09-24,PHC-021,Kolkata PHC-3,Kolkata,West Bengal,24.0417,79.4219,Paracetamol,units,211.4,27,21,10,7
2026-09-25,PHC-021,Kolkata PHC-3,Kolkata,West Bengal,24.0417,79.4219,Paracetamol,units,192.9,27,19,10,8
2026-09-26,PHC-021,Kolkata PHC-3,Kolkata,West Bengal,24.0417,79.4219,Paracetamol,units,186.2,27,12,10,10
2026-08-28,PHC-021,Kolkata PHC-3,Kolkata,West Bengal,24.0417,79.4219,ORS Sachets,packets,249.5,27,16,10,8
2026-08-29,PHC-021,Kolkata PHC-3,Kolkata,West Bengal,24.0417,79.4219,ORS Sachets,packets,233.1,27,19,10,7
2026-08-30,PHC-021,Kolkata PHC-3,Kolkata,West Bengal,24.0417,79.4219,ORS Sachets,packets,213.5,27,16,10,6
2026-08-31,PHC-021,Kolkata PHC-3,Kolkata,West Bengal,24.0417,79.4219,ORS Sachets,packets,204.2,27,14,10,9
2026-09-01,PHC-021,Kolkata PHC-3,Kolkata,West Bengal,24.0417,79.4219,ORS Sachets,packets,193.4,27,8,10,10
2026-09-02,PHC-021,Kolkata PHC-3,Kolkata,West Bengal,24.0417,79.4219,ORS Sachets,packets,172.4,27,17,10,6
2026-09-03,PHC-021,Kolkata PHC-3,Kolkata,West Bengal,24.0417,79.4219,ORS Sachets,packets,160.5,27,16,10,8
2026-09-04,PHC-021,Kolkata PHC-3,Kolkata,West Bengal,24.0417,79.4219,ORS Sachets,packets,136.9,27,16,10,9
2026-09-05,PHC-021,Kolkata PHC-3,Kolkata,West Bengal,24.0417,79.4219,ORS Sachets,packets,113.9,27,20,10,9
2026-09-06,PHC-021,Kolkata PHC-3,Kolkata,West Bengal,24.0417,79.4219,ORS Sachets,packets,102.1,27,22,10,8
2026-09-07,PHC-021,Kolkata PHC-3,Kolkata,West Bengal,24.0417,79.4219,ORS Sachets,packets,86.3,27,16,10,8
2026-09-08,PHC-021,Kolkata PHC-3,Kolkata,West Bengal,24.0417,79.4219,ORS Sachets,packets,70.7,27,15,10,6
2026-09-09,PHC-021,Kolkata PHC-3,Kolkata,West Bengal,24.0417,79.4219,ORS Sachets,packets,53.0,27,22,10,9
2026-09-10,PHC-021,Kolkata PHC-3,Kolkata,West Bengal,24.0417,79.4219,ORS Sachets,packets,38.7,27,12,10,7
2026-09-11,PHC-021,Kolkata PHC-3,Kolkata,West Bengal,24.0417,79.4219,ORS Sachets,packets,16.3,27,13,10,5
2026-09-12,PHC-021,Kolkata PHC-3,Kolkata,West Bengal,24.0417,79.4219,ORS Sachets,packets,6.3,27,22,10,10
2026-09-13,PHC-021,Kolkata PHC-3,Kolkata,West Bengal,24.0417,79.4219,ORS Sachets,packets,0.0,27,21,10,8
2026-09-14,PHC-021,Kolkata PHC-3,Kolkata,West Bengal,24.0417,79.4219,ORS Sachets,packets,0.0,27,16,10,9
2026-09-15,PHC-021,Kolkata PHC-3,Kolkata,West Bengal,24.0417,79.4219,ORS Sachets,packets,0.0,27,16,10,8
2026-09-16,PHC-021,Kolkata PHC-3,Kolkata,West Bengal,24.0417,79.4219,ORS Sachets,packets,0.0,27,12,10,10
2026-09-17,PHC-021,Kolkata PHC-3,Kolkata,West Bengal,24.0417,79.4219,ORS Sachets,packets,0.0,27,16,10,8
2026-09-18,PHC-021,Kolkata PHC-3,Kolkata,West Bengal,24.0417,79.4219,ORS Sachets,packets,0.0,27,18,10,10
2026-09-19,PHC-021,Kolkata PHC-3,Kolkata,West Bengal,24.0417,79.4219,ORS Sachets,packets,0.0,27,18,10,9
2026-09-20,PHC-021,Kolkata PHC-3,Kolkata,West Bengal,24.0417,79.4219,ORS Sachets,packets,0.0,27,22,10,10
2026-09-21,PHC-021,Kolkata PHC-3,Kolkata,West Bengal,24.0417,79.4219,ORS Sachets,packets,0.0,27,18,10,8
2026-09-22,PHC-021,Kolkata PHC-3,Kolkata,West Bengal,24.0417,79.4219,ORS Sachets,packets,0.0,27,17,10,9
2026-09-23,PHC-021,Kolkata PHC-3,Kolkata,West Bengal,24.0417,79.4219,ORS Sachets,packets,0.0,27,12,10,7
2026-09-24,PHC-021,Kolkata PHC-3,Kolkata,West Bengal,24.0417,79.4219,ORS Sachets,packets,0.0,27,12,10,8
2026-09-25,PHC-021,Kolkata PHC-3,Kolkata,West Bengal,24.0417,79.4219,ORS Sachets,packets,0.0,27,20,10,7
2026-09-26,PHC-021,Kolkata PHC-3,Kolkata,West Bengal,24.0417,79.4219,ORS Sachets,packets,0.0,27,22,10,8
2026-08-28,PHC-021,Kolkata PHC-3,Kolkata,West Bengal,24.0417,79.4219,Insulin,vials,87.8,27,20,10,9
2026-08-29,PHC-021,Kolkata PHC-3,Kolkata,West Bengal,24.0417,79.4219,Insulin,vials,81.7,27,12,10,10
2026-08-30,PHC-021,Kolkata PHC-3,Kolkata,West Bengal,24.0417,79.4219,Insulin,vials,77.0,27,14,10,10
2026-08-31,PHC-021,Kolkata PHC-3,Kolkata,West Bengal,24.0417,79.4219,Insulin,vials,71.4,27,21,10,10
2026-09-01,PHC-021,Kolkata PHC-3,Kolkata,West Bengal,24.0417,79.4219,Insulin,vials,66.3,27,18,10,9
2026-09-02,PHC-021,Kolkata PHC-3,Kolkata,West Bengal,24.0417,79.4219,Insulin,vials,60.3,27,13,10,10
2026-09-03,PHC-021,Kolkata PHC-3,Kolkata,West Bengal,24.0417,79.4219,Insulin,vials,52.1,27,11,10,8
2026-09-04,PHC-021,Kolkata PHC-3,Kolkata,West Bengal,24.0417,79.4219,Insulin,vials,46.1,27,11,10,8
2026-09-05,PHC-021,Kolkata PHC-3,Kolkata,West Bengal,24.0417,79.4219,Insulin,vials,38.0,27,17,10,7
2026-09-06,PHC-021,Kolkata PHC-3,Kolkata,West Bengal,24.0417,79.4219,Insulin,vials,33.4,27,16,10,8
2026-09-07,PHC-021,Kolkata PHC-3,Kolkata,West Bengal,24.0417,79.4219,Insulin,vials,29.1,27,17,10,6
2026-09-08,PHC-021,Kolkata PHC-3,Kolkata,West Bengal,24.0417,79.4219,Insulin,vials,22.7,27,16,10,9
2026-09-09,PHC-021,Kolkata PHC-3,Kolkata,West Bengal,24.0417,79.4219,Insulin,vials,18.4,27,23,10,8
2026-09-10,PHC-021,Kolkata PHC-3,Kolkata,West Bengal,24.0417,79.4219,Insulin,vials,11.2,27,10,10,9
2026-09-11,PHC-021,Kolkata PHC-3,Kolkata,West Bengal,24.0417,79.4219,Insulin,vials,6.2,27,15,10,10
2026-09-12,PHC-021,Kolkata PHC-3,Kolkata,West Bengal,24.0417,79.4219,Insulin,vials,2.3,27,12,10,8
2026-09-13,PHC-021,Kolkata PHC-3,Kolkata,West Bengal,24.0417,79.4219,Insulin,vials,0.0,27,12,10,10
2026-09-14,PHC-021,Kolkata PHC-3,Kolkata,West Bengal,24.0417,79.4219,Insulin,vials,0.0,27,17,10,8
2026-09-15,PHC-021,Kolkata PHC-3,Kolkata,West Bengal,24.0417,79.4219,Insulin,vials,0.0,27,22,10,8
2026-09-16,PHC-021,Kolkata PHC-3,Kolkata,West Bengal,24.0417,79.4219,Insulin,vials,0.0,27,26,10,8
2026-09-17,PHC-021,Kolkata PHC-3,Kolkata,West Bengal,24.0417,79.4219,Insulin,vials,0.0,27,20,10,9
2026-09-18,PHC-021,Kolkata PHC-3,Kolkata,West Bengal,24.0417,79.4219,Insulin,vials,0.0,27,14,10,7
2026-09-19,PHC-021,Kolkata PHC-3,Kolkata,West Bengal,24.0417,79.4219,Insulin,vials,0.0,27,21,10,7
2026-09-20,PHC-021,Kolkata PHC-3,Kolkata,West Bengal,24.0417,79.4219,Insulin,vials,0.0,27,21,10,7
2026-09-21,PHC-021,Kolkata PHC-3,Kolkata,West Bengal,24.0417,79.4219,Insulin,vials,0.0,27,14,10,8
2026-09-22,PHC-021,Kolkata PHC-3,Kolkata,West Bengal,24.0417,79.4219,Insulin,vials,0.0,27,14,10,8
2026-09-23,PHC-021,Kolkata PHC-3,Kolkata,West Bengal,24.0417,79.4219,Insulin,vials,0.0,27,20,10,10
2026-09-24,PHC-021,Kolkata PHC-3,Kolkata,West Bengal,24.0417,79.4219,Insulin,vials,0.0,27,19,10,8
2026-09-25,PHC-021,Kolkata PHC-3,Kolkata,West Bengal,24.0417,79.4219,Insulin,vials,0.0,27,16,10,9
2026-09-26,PHC-021,Kolkata PHC-3,Kolkata,West Bengal,24.0417,79.4219,Insulin,vials,0.0,27,18,10,8
2026-08-28,PHC-021,Kolkata PHC-3,Kolkata,West Bengal,24.0417,79.4219,Amoxicillin,strips,298.4,27,16,10,7
2026-08-29,PHC-021,Kolkata PHC-3,Kolkata,West Bengal,24.0417,79.4219,Amoxicillin,strips,300.6,27,13,10,8
2026-08-30,PHC-021,Kolkata PHC-3,Kolkata,West Bengal,24.0417,79.4219,Amoxicillin,strips,303.8,27,10,10,7
2026-08-31,PHC-021,Kolkata PHC-3,Kolkata,West Bengal,24.0417,79.4219,Amoxicillin,strips,308.4,27,12,10,9
2026-09-01,PHC-021,Kolkata PHC-3,Kolkata,West Bengal,24.0417,79.4219,Amoxicillin,strips,312.5,27,13,10,8
2026-09-02,PHC-021,Kolkata PHC-3,Kolkata,West Bengal,24.0417,79.4219,Amoxicillin,strips,315.1,27,12,10,8
2026-09-03,PHC-021,Kolkata PHC-3,Kolkata,West Bengal,24.0417,79.4219,Amoxicillin,strips,318.3,27,13,10,6
2026-09-04,PHC-021,Kolkata PHC-3,Kolkata,West Bengal,24.0417,79.4219,Amoxicillin,strips,323.1,27,14,10,6
2026-09-05,PHC-021,Kolkata PHC-3,Kolkata,West Bengal,24.0417,79.4219,Amoxicillin,strips,327.8,27,22,10,6
2026-09-06,PHC-021,Kolkata PHC-3,Kolkata,West Bengal,24.0417,79.4219,Amoxicillin,strips,330.4,27,24,10,8
2026-09-07,PHC-021,Kolkata PHC-3,Kolkata,West Bengal,24.0417,79.4219,Amoxicillin,strips,334.7,27,15,10,9
2026-09-08,PHC-021,Kolkata PHC-3,Kolkata,West Bengal,24.0417,79.4219,Amoxicillin,strips,339.1,27,14,10,7
2026-09-09,PHC-021,Kolkata PHC-3,Kolkata,West Bengal,24.0417,79.4219,Amoxicillin,strips,342.6,27,16,10,6
2026-09-10,PHC-021,Kolkata PHC-3,Kolkata,West Bengal,24.0417,79.4219,Amoxicillin,strips,345.3,27,12,10,9
2026-09-11,PHC-021,Kolkata PHC-3,Kolkata,West Bengal,24.0417,79.4219,Amoxicillin,strips,349.5,27,17,10,6
2026-09-12,PHC-021,Kolkata PHC-3,Kolkata,West Bengal,24.0417,79.4219,Amoxicillin,strips,353.5,27,11,10,7
2026-09-13,PHC-021,Kolkata PHC-3,Kolkata,West Bengal,24.0417,79.4219,Amoxicillin,strips,358.4,27,19,10,8
2026-09-14,PHC-021,Kolkata PHC-3,Kolkata,West Bengal,24.0417,79.4219,Amoxicillin,strips,360.9,27,12,10,9
2026-09-15,PHC-021,Kolkata PHC-3,Kolkata,West Bengal,24.0417,79.4219,Amoxicillin,strips,366.2,27,15,10,6
2026-09-16,PHC-021,Kolkata PHC-3,Kolkata,West Bengal,24.0417,79.4219,Amoxicillin,strips,371.8,27,16,10,8
2026-09-17,PHC-021,Kolkata PHC-3,Kolkata,West Bengal,24.0417,79.4219,Amoxicillin,strips,376.6,27,13,10,8
2026-09-18,PHC-021,Kolkata PHC-3,Kolkata,West Bengal,24.0417,79.4219,Amoxicillin,strips,380.8,27,10,10,7
2026-09-19,PHC-021,Kolkata PHC-3,Kolkata,West Bengal,24.0417,79.4219,Amoxicillin,strips,385.8,27,18,10,10
2026-09-20,PHC-021,Kolkata PHC-3,Kolkata,West Bengal,24.0417,79.4219,Amoxicillin,strips,388.9,27,14,10,7
2026-09-21,PHC-021,Kolkata PHC-3,Kolkata,West Bengal,24.0417,79.4219,Amoxicillin,strips,392.0,27,14,10,8
2026-09-22,PHC-021,Kolkata PHC-3,Kolkata,West Bengal,24.0417,79.4219,Amoxicillin,strips,395.1,27,18,10,7
2026-09-23,PHC-021,Kolkata PHC-3,Kolkata,West Bengal,24.0417,79.4219,Amoxicillin,strips,400.4,27,17,10,4
2026-09-24,PHC-021,Kolkata PHC-3,Kolkata,West Bengal,24.0417,79.4219,Amoxicillin,strips,402.8,27,11,10,9
2026-09-25,PHC-021,Kolkata PHC-3,Kolkata,West Bengal,24.0417,79.4219,Amoxicillin,strips,405.0,27,13,10,8
2026-09-26,PHC-021,Kolkata PHC-3,Kolkata,West Bengal,24.0417,79.4219,Amoxicillin,strips,409.0,27,14,10,8
2026-08-28,PHC-021,Kolkata PHC-3,Kolkata,West Bengal,24.0417,79.4219,Iron Folic Acid Tablets,strips,760.1,27,14,10,7
2026-08-29,PHC-021,Kolkata PHC-3,Kolkata,West Bengal,24.0417,79.4219,Iron Folic Acid Tablets,strips,739.6,27,16,10,8
2026-08-30,PHC-021,Kolkata PHC-3,Kolkata,West Bengal,24.0417,79.4219,Iron Folic Acid Tablets,strips,726.5,27,19,10,9
2026-08-31,PHC-021,Kolkata PHC-3,Kolkata,West Bengal,24.0417,79.4219,Iron Folic Acid Tablets,strips,717.8,27,17,10,9
2026-09-01,PHC-021,Kolkata PHC-3,Kolkata,West Bengal,24.0417,79.4219,Iron Folic Acid Tablets,strips,696.7,27,14,10,7
2026-09-02,PHC-021,Kolkata PHC-3,Kolkata,West Bengal,24.0417,79.4219,Iron Folic Acid Tablets,strips,679.1,27,23,10,10
2026-09-03,PHC-021,Kolkata PHC-3,Kolkata,West Bengal,24.0417,79.4219,Iron Folic Acid Tablets,strips,660.4,27,13,10,8
2026-09-04,PHC-021,Kolkata PHC-3,Kolkata,West Bengal,24.0417,79.4219,Iron Folic Acid Tablets,strips,637.7,27,10,10,6
2026-09-05,PHC-021,Kolkata PHC-3,Kolkata,West Bengal,24.0417,79.4219,Iron Folic Acid Tablets,strips,618.4,27,17,10,9
2026-09-06,PHC-021,Kolkata PHC-3,Kolkata,West Bengal,24.0417,79.4219,Iron Folic Acid Tablets,strips,610.2,27,18,10,6
2026-09-07,PHC-021,Kolkata PHC-3,Kolkata,West Bengal,24.0417,79.4219,Iron Folic Acid Tablets,strips,596.7,27,16,10,5
2026-09-08,PHC-021,Kolkata PHC-3,Kolkata,West Bengal,24.0417,79.4219,Iron Folic Acid Tablets,strips,580.6,27,14,10,8
2026-09-09,PHC-021,Kolkata PHC-3,Kolkata,West Bengal,24.0417,79.4219,Iron Folic Acid Tablets,strips,564.7,27,12,10,6
2026-09-10,PHC-021,Kolkata PHC-3,Kolkata,West Bengal,24.0417,79.4219,Iron Folic Acid Tablets,strips,543.1,27,14,10,6
2026-09-11,PHC-021,Kolkata PHC-3,Kolkata,West Bengal,24.0417,79.4219,Iron Folic Acid Tablets,strips,535.2,27,15,10,7
2026-09-12,PHC-021,Kolkata PHC-3,Kolkata,West Bengal,24.0417,79.4219,Iron Folic Acid Tablets,strips,511.9,27,18,10,7
2026-09-13,PHC-021,Kolkata PHC-3,Kolkata,West Bengal,24.0417,79.4219,Iron Folic Acid Tablets,strips,499.9,27,12,10,8
2026-09-14,PHC-021,Kolkata PHC-3,Kolkata,West Bengal,24.0417,79.4219,Iron Folic Acid Tablets,strips,485.4,27,18,10,9
2026-09-15,PHC-021,Kolkata PHC-3,Kolkata,West Bengal,24.0417,79.4219,Iron Folic Acid Tablets,strips,471.3,27,17,10,6
2026-09-16,PHC-021,Kolkata PHC-3,Kolkata,West Bengal,24.0417,79.4219,Iron Folic Acid Tablets,strips,463.2,27,15,10,9
2026-09-17,PHC-021,Kolkata PHC-3,Kolkata,West Bengal,24.0417,79.4219,Iron Folic Acid Tablets,strips,454.3,27,17,10,8
2026-09-18,PHC-021,Kolkata PHC-3,Kolkata,West Bengal,24.0417,79.4219,Iron Folic Acid Tablets,strips,437.1,27,15,10,9
2026-09-19,PHC-021,Kolkata PHC-3,Kolkata,West Bengal,24.0417,79.4219,Iron Folic Acid Tablets,strips,417.9,27,9,10,5
2026-09-20,PHC-021,Kolkata PHC-3,Kolkata,West Bengal,24.0417,79.4219,Iron Folic Acid Tablets,strips,402.3,27,14,10,9
2026-09-21,PHC-021,Kolkata PHC-3,Kolkata,West Bengal,24.0417,79.4219,Iron Folic Acid Tablets,strips,381.9,27,13,10,7
2026-09-22,PHC-021,Kolkata PHC-3,Kolkata,West Bengal,24.0417,79.4219,Iron Folic Acid Tablets,strips,367.5,27,22,10,10
2026-09-23,PHC-021,Kolkata PHC-3,Kolkata,West Bengal,24.0417,79.4219,Iron Folic Acid Tablets,strips,348.8,27,17,10,10
2026-09-24,PHC-021,Kolkata PHC-3,Kolkata,West Bengal,24.0417,79.4219,Iron Folic Acid Tablets,strips,336.7,27,14,10,8
2026-09-25,PHC-021,Kolkata PHC-3,Kolkata,West Bengal,24.0417,79.4219,Iron Folic Acid Tablets,strips,315.5,27,15,10,7
2026-09-26,PHC-021,Kolkata PHC-3,Kolkata,West Bengal,24.0417,79.4219,Iron Folic Acid Tablets,strips,296.7,27,18,10,10
2026-08-28,PHC-022,Howrah PHC-1,Howrah,West Bengal,26.36,82.6944,Paracetamol,units,593.3,21,8,10,7
2026-08-29,PHC-022,Howrah PHC-1,Howrah,West Bengal,26.36,82.6944,Paracetamol,units,598.0,21,13,10,8
2026-08-30,PHC-022,Howrah PHC-1,Howrah,West Bengal,26.36,82.6944,Paracetamol,units,602.7,21,8,10,9
2026-08-31,PHC-022,Howrah PHC-1,Howrah,West Bengal,26.36,82.6944,Paracetamol,units,607.4,21,16,10,8
2026-09-01,PHC-022,Howrah PHC-1,Howrah,West Bengal,26.36,82.6944,Paracetamol,units,614.9,21,8,10,9
2026-09-02,PHC-022,Howrah PHC-1,Howrah,West Bengal,26.36,82.6944,Paracetamol,units,621.4,21,10,10,7
2026-09-03,PHC-022,Howrah PHC-1,Howrah,West Bengal,26.36,82.6944,Paracetamol,units,625.0,21,14,10,9
2026-09-04,PHC-022,Howrah PHC-1,Howrah,West Bengal,26.36,82.6944,Paracetamol,units,630.0,21,13,10,6
2026-09-05,PHC-022,Howrah PHC-1,Howrah,West Bengal,26.36,82.6944,Paracetamol,units,634.4,21,4,10,6
2026-09-06,PHC-022,Howrah PHC-1,Howrah,West Bengal,26.36,82.6944,Paracetamol,units,640.8,21,20,10,6
2026-09-07,PHC-022,Howrah PHC-1,Howrah,West Bengal,26.36,82.6944,Paracetamol,units,644.3,21,13,10,10
2026-09-08,PHC-022,Howrah PHC-1,Howrah,West Bengal,26.36,82.6944,Paracetamol,units,651.3,21,14,10,8
2026-09-09,PHC-022,Howrah PHC-1,Howrah,West Bengal,26.36,82.6944,Paracetamol,units,655.2,21,12,10,7
2026-09-10,PHC-022,Howrah PHC-1,Howrah,West Bengal,26.36,82.6944,Paracetamol,units,661.3,21,7,10,9
2026-09-11,PHC-022,Howrah PHC-1,Howrah,West Bengal,26.36,82.6944,Paracetamol,units,664.4,21,11,10,6
2026-09-12,PHC-022,Howrah PHC-1,Howrah,West Bengal,26.36,82.6944,Paracetamol,units,667.8,21,16,10,8
2026-09-13,PHC-022,Howrah PHC-1,Howrah,West Bengal,26.36,82.6944,Paracetamol,units,672.3,21,9,10,8
2026-09-14,PHC-022,Howrah PHC-1,Howrah,West Bengal,26.36,82.6944,Paracetamol,units,675.2,21,12,10,8
2026-09-15,PHC-022,Howrah PHC-1,Howrah,West Bengal,26.36,82.6944,Paracetamol,units,681.6,21,9,10,8
2026-09-16,PHC-022,Howrah PHC-1,Howrah,West Bengal,26.36,82.6944,Paracetamol,units,685.8,21,11,10,8
2026-09-17,PHC-022,Howrah PHC-1,Howrah,West Bengal,26.36,82.6944,Paracetamol,units,689.5,21,9,10,9
2026-09-18,PHC-022,Howrah PHC-1,Howrah,West Bengal,26.36,82.6944,Paracetamol,units,694.5,21,14,10,9
2026-09-19,PHC-022,Howrah PHC-1,Howrah,West Bengal,26.36,82.6944,Paracetamol,units,698.5,21,8,10,6
2026-09-20,PHC-022,Howrah PHC-1,Howrah,West Bengal,26.36,82.6944,Paracetamol,units,702.6,21,14,10,7
2026-09-21,PHC-022,Howrah PHC-1,Howrah,West Bengal,26.36,82.6944,Paracetamol,units,707.6,21,7,10,8
2026-09-22,PHC-022,Howrah PHC-1,Howrah,West Bengal,26.36,82.6944,Paracetamol,units,712.6,21,12,10,7
2026-09-23,PHC-022,Howrah PHC-1,Howrah,West Bengal,26.36,82.6944,Paracetamol,units,718.6,21,10,10,7
2026-09-24,PHC-022,Howrah PHC-1,Howrah,West Bengal,26.36,82.6944,Paracetamol,units,724.8,21,16,10,8
2026-09-25,PHC-022,Howrah PHC-1,Howrah,West Bengal,26.36,82.6944,Paracetamol,units,730.3,21,10,10,9
2026-09-26,PHC-022,Howrah PHC-1,Howrah,West Bengal,26.36,82.6944,Paracetamol,units,735.7,21,17,10,7
2026-08-28,PHC-022,Howrah PHC-1,Howrah,West Bengal,26.36,82.6944,ORS Sachets,packets,284.3,21,8,10,7
2026-08-29,PHC-022,Howrah PHC-1,Howrah,West Bengal,26.36,82.6944,ORS Sachets,packets,286.5,21,10,10,9
2026-08-30,PHC-022,Howrah PHC-1,Howrah,West Bengal,26.36,82.6944,ORS Sachets,packets,290.0,21,13,10,6
2026-08-31,PHC-022,Howrah PHC-1,Howrah,West Bengal,26.36,82.6944,ORS Sachets,packets,293.8,21,9,10,8
2026-09-01,PHC-022,Howrah PHC-1,Howrah,West Bengal,26.36,82.6944,ORS Sachets,packets,296.4,21,14,10,7
2026-09-02,PHC-022,Howrah PHC-1,Howrah,West Bengal,26.36,82.6944,ORS Sachets,packets,300.0,21,13,10,7
2026-09-03,PHC-022,Howrah PHC-1,Howrah,West Bengal,26.36,82.6944,ORS Sachets,packets,303.5,21,12,10,8
2026-09-04,PHC-022,Howrah PHC-1,Howrah,West Bengal,26.36,82.6944,ORS Sachets,packets,307.4,21,12,10,6
2026-09-05,PHC-022,Howrah PHC-1,Howrah,West Bengal,26.36,82.6944,ORS Sachets,packets,309.8,21,15,10,8
2026-09-06,PHC-022,Howrah PHC-1,Howrah,West Bengal,26.36,82.6944,ORS Sachets,packets,312.4,21,13,10,7
2026-09-07,PHC-022,Howrah PHC-1,Howrah,West Bengal,26.36,82.6944,ORS Sachets,packets,316.5,21,8,10,9
2026-09-08,PHC-022,Howrah PHC-1,Howrah,West Bengal,26.36,82.6944,ORS Sachets,packets,320.5,21,9,10,8
2026-09-09,PHC-022,Howrah PHC-1,Howrah,West Bengal,26.36,82.6944,ORS Sachets,packets,323.8,21,14,10,7
2026-09-10,PHC-022,Howrah PHC-1,Howrah,West Bengal,26.36,82.6944,ORS Sachets,packets,327.5,21,8,10,8
2026-09-11,PHC-022,Howrah PHC-1,Howrah,West Bengal,26.36,82.6944,ORS Sachets,packets,329.9,21,9,10,9
2026-09-12,PHC-022,Howrah PHC-1,Howrah,West Bengal,26.36,82.6944,ORS Sachets,packets,333.0,21,14,10,6
2026-09-13,PHC-022,Howrah PHC-1,Howrah,West Bengal,26.36,82.6944,ORS Sachets,packets,335.7,21,11,10,9
2026-09-14,PHC-022,Howrah PHC-1,Howrah,West Bengal,26.36,82.6944,ORS Sachets,packets,338.7,21,16,10,9
2026-09-15,PHC-022,Howrah PHC-1,Howrah,West Bengal,26.36,82.6944,ORS Sachets,packets,341.8,21,15,10,9
2026-09-16,PHC-022,Howrah PHC-1,Howrah,West Bengal,26.36,82.6944,ORS Sachets,packets,345.2,21,5,10,7
2026-09-17,PHC-022,Howrah PHC-1,Howrah,West Bengal,26.36,82.6944,ORS Sachets,packets,347.0,21,8,10,9
2026-09-18,PHC-022,Howrah PHC-1,Howrah,West Bengal,26.36,82.6944,ORS Sachets,packets,351.1,21,10,10,6
2026-09-19,PHC-022,Howrah PHC-1,Howrah,West Bengal,26.36,82.6944,ORS Sachets,packets,354.3,21,19,10,7
2026-09-20,PHC-022,Howrah PHC-1,Howrah,West Bengal,26.36,82.6944,ORS Sachets,packets,357.5,21,9,10,9
2026-09-21,PHC-022,Howrah PHC-1,Howrah,West Bengal,26.36,82.6944,ORS Sachets,packets,359.1,21,10,10,10
2026-09-22,PHC-022,Howrah PHC-1,Howrah,West Bengal,26.36,82.6944,ORS Sachets,packets,362.7,21,9,10,7
2026-09-23,PHC-022,Howrah PHC-1,Howrah,West Bengal,26.36,82.6944,ORS Sachets,packets,366.8,21,12,10,6
2026-09-24,PHC-022,Howrah PHC-1,Howrah,West Bengal,26.36,82.6944,ORS Sachets,packets,368.6,21,9,10,7
2026-09-25,PHC-022,Howrah PHC-1,Howrah,West Bengal,26.36,82.6944,ORS Sachets,packets,371.2,21,9,10,7
2026-09-26,PHC-022,Howrah PHC-1,Howrah,West Bengal,26.36,82.6944,ORS Sachets,packets,374.0,21,17,10,8
2026-08-28,PHC-022,Howrah PHC-1,Howrah,West Bengal,26.36,82.6944,Insulin,vials,132.5,21,13,10,8
2026-08-29,PHC-022,Howrah PHC-1,Howrah,West Bengal,26.36,82.6944,Insulin,vials,133.8,21,9,10,8
2026-08-30,PHC-022,Howrah PHC-1,Howrah,West Bengal,26.36,82.6944,Insulin,vials,134.3,21,8,10,7
2026-08-31,PHC-022,Howrah PHC-1,Howrah,West Bengal,26.36,82.6944,Insulin,vials,135.1,21,14,10,9
2026-09-01,PHC-022,Howrah PHC-1,Howrah,West Bengal,26.36,82.6944,Insulin,vials,135.2,21,11,10,9
2026-09-02,PHC-022,Howrah PHC-1,Howrah,West Bengal,26.36,82.6944,Insulin,vials,135.1,21,12,10,10
2026-09-03,PHC-022,Howrah PHC-1,Howrah,West Bengal,26.36,82.6944,Insulin,vials,135.2,21,14,10,8
2026-09-04,PHC-022,Howrah PHC-1,Howrah,West Bengal,26.36,82.6944,Insulin,vials,135.5,21,12,10,10
2026-09-05,PHC-022,Howrah PHC-1,Howrah,West Bengal,26.36,82.6944,Insulin,vials,135.0,21,14,10,8
2026-09-06,PHC-022,Howrah PHC-1,Howrah,West Bengal,26.36,82.6944,Insulin,vials,134.4,21,13,10,8
2026-09-07,PHC-022,Howrah PHC-1,Howrah,West Bengal,26.36,82.6944,Insulin,vials,133.4,21,14,10,9
2026-09-08,PHC-022,Howrah PHC-1,Howrah,West Bengal,26.36,82.6944,Insulin,vials,133.4,21,11,10,9
2026-09-09,PHC-022,Howrah PHC-1,Howrah,West Bengal,26.36,82.6944,Insulin,vials,134.6,21,16,10,10
2026-09-10,PHC-022,Howrah PHC-1,Howrah,West Bengal,26.36,82.6944,Insulin,vials,134.3,21,12,10,8
2026-09-11,PHC-022,Howrah PHC-1,Howrah,West Bengal,26.36,82.6944,Insulin,vials,135.9,21,14,10,7
2026-09-12,PHC-022,Howrah PHC-1,Howrah,West Bengal,26.36,82.6944,Insulin,vials,136.0,21,9,10,7
2026-09-13,PHC-022,Howrah PHC-1,Howrah,West Bengal,26.36,82.6944,Insulin,vials,138.7,21,15,10,10
2026-09-14,PHC-022,Howrah PHC-1,Howrah,West Bengal,26.36,82.6944,Insulin,vials,139.3,21,13,10,9
2026-09-15,PHC-022,Howrah PHC-1,Howrah,West Bengal,26.36,82.6944,Insulin,vials,138.9,21,14,10,10
2026-09-16,PHC-022,Howrah PHC-1,Howrah,West Bengal,26.36,82.6944,Insulin,vials,138.5,21,14,10,7
2026-09-17,PHC-022,Howrah PHC-1,Howrah,West Bengal,26.36,82.6944,Insulin,vials,139.6,21,11,10,8
2026-09-18,PHC-022,Howrah PHC-1,Howrah,West Bengal,26.36,82.6944,Insulin,vials,140.5,21,15,10,8
2026-09-19,PHC-022,Howrah PHC-1,Howrah,West Bengal,26.36,82.6944,Insulin,vials,140.0,21,14,10,8
2026-09-20,PHC-022,Howrah PHC-1,Howrah,West Bengal,26.36,82.6944,Insulin,vials,140.1,21,14,10,8
2026-09-21,PHC-022,Howrah PHC-1,Howrah,West Bengal,26.36,82.6944,Insulin,vials,139.1,21,20,10,8
2026-09-22,PHC-022,Howrah PHC-1,Howrah,West Bengal,26.36,82.6944,Insulin,vials,139.7,21,11,10,8
2026-09-23,PHC-022,Howrah PHC-1,Howrah,West Bengal,26.36,82.6944,Insulin,vials,139.0,21,13,10,6
2026-09-24,PHC-022,Howrah PHC-1,Howrah,West Bengal,26.36,82.6944,Insulin,vials,139.6,21,14,10,6
2026-09-25,PHC-022,Howrah PHC-1,Howrah,West Bengal,26.36,82.6944,Insulin,vials,141.1,21,21,10,9
2026-09-26,PHC-022,Howrah PHC-1,Howrah,West Bengal,26.36,82.6944,Insulin,vials,141.6,21,9,10,9
2026-08-28,PHC-022,Howrah PHC-1,Howrah,West Bengal,26.36,82.6944,Amoxicillin,strips,240.8,21,15,10,8
2026-08-29,PHC-022,Howrah PHC-1,Howrah,West Bengal,26.36,82.6944,Amoxicillin,strips,230.3,21,12,10,7
2026-08-30,PHC-022,Howrah PHC-1,Howrah,West Bengal,26.36,82.6944,Amoxicillin,strips,224.7,21,10,10,6
2026-08-31,PHC-022,Howrah PHC-1,Howrah,West Bengal,26.36,82.6944,Amoxicillin,strips,213.4,21,9,10,9
2026-09-01,PHC-022,Howrah PHC-1,Howrah,West Bengal,26.36,82.6944,Amoxicillin,strips,198.3,21,8,10,8
2026-09-02,PHC-022,Howrah PHC-1,Howrah,West Bengal,26.36,82.6944,Amoxicillin,strips,182.9,21,9,10,9
2026-09-03,PHC-022,Howrah PHC-1,Howrah,West Bengal,26.36,82.6944,Amoxicillin,strips,177.6,21,16,10,8
2026-09-04,PHC-022,Howrah PHC-1,Howrah,West Bengal,26.36,82.6944,Amoxicillin,strips,166.2,21,13,10,7
2026-09-05,PHC-022,Howrah PHC-1,Howrah,West Bengal,26.36,82.6944,Amoxicillin,strips,159.3,21,7,10,8
2026-09-06,PHC-022,Howrah PHC-1,Howrah,West Bengal,26.36,82.6944,Amoxicillin,strips,150.1,21,8,10,9
2026-09-07,PHC-022,Howrah PHC-1,Howrah,West Bengal,26.36,82.6944,Amoxicillin,strips,140.5,21,9,10,8
2026-09-08,PHC-022,Howrah PHC-1,Howrah,West Bengal,26.36,82.6944,Amoxicillin,strips,132.4,21,8,10,6
2026-09-09,PHC-022,Howrah PHC-1,Howrah,West Bengal,26.36,82.6944,Amoxicillin,strips,118.7,21,11,10,6
2026-09-10,PHC-022,Howrah PHC-1,Howrah,West Bengal,26.36,82.6944,Amoxicillin,strips,104.3,21,16,10,9
2026-09-11,PHC-022,Howrah PHC-1,Howrah,West Bengal,26.36,82.6944,Amoxicillin,strips,96.3,21,6,10,9
2026-09-12,PHC-022,Howrah PHC-1,Howrah,West Bengal,26.36,82.6944,Amoxicillin,strips,82.8,21,13,10,10
2026-09-13,PHC-022,Howrah PHC-1,Howrah,West Bengal,26.36,82.6944,Amoxicillin,strips,73.0,21,3,10,7
2026-09-14,PHC-022,Howrah PHC-1,Howrah,West Bengal,26.36,82.6944,Amoxicillin,strips,60.2,21,12,10,7
2026-09-15,PHC-022,Howrah PHC-1,Howrah,West Bengal,26.36,82.6944,Amoxicillin,strips,51.4,21,11,10,7
2026-09-16,PHC-022,Howrah PHC-1,Howrah,West Bengal,26.36,82.6944,Amoxicillin,strips,38.7,21,11,10,7
2026-09-17,PHC-022,Howrah PHC-1,Howrah,West Bengal,26.36,82.6944,Amoxicillin,strips,27.3,21,13,10,8
2026-09-18,PHC-022,Howrah PHC-1,Howrah,West Bengal,26.36,82.6944,Amoxicillin,strips,12.9,21,13,10,8
2026-09-19,PHC-022,Howrah PHC-1,Howrah,West Bengal,26.36,82.6944,Amoxicillin,strips,0.0,21,8,10,7
2026-09-20,PHC-022,Howrah PHC-1,Howrah,West Bengal,26.36,82.6944,Amoxicillin,strips,0.0,21,11,10,10
2026-09-21,PHC-022,Howrah PHC-1,Howrah,West Bengal,26.36,82.6944,Amoxicillin,strips,0.0,21,11,10,8
2026-09-22,PHC-022,Howrah PHC-1,Howrah,West Bengal,26.36,82.6944,Amoxicillin,strips,0.0,21,15,10,8
2026-09-23,PHC-022,Howrah PHC-1,Howrah,West Bengal,26.36,82.6944,Amoxicillin,strips,0.0,21,15,10,10
2026-09-24,PHC-022,Howrah PHC-1,Howrah,West Bengal,26.36,82.6944,Amoxicillin,strips,0.0,21,12,10,8
2026-09-25,PHC-022,Howrah PHC-1,Howrah,West Bengal,26.36,82.6944,Amoxicillin,strips,0.0,21,13,10,7
2026-09-26,PHC-022,Howrah PHC-1,Howrah,West Bengal,26.36,82.6944,Amoxicillin,strips,0.0,21,13,10,8
2026-08-28,PHC-022,Howrah PHC-1,Howrah,West Bengal,26.36,82.6944,Iron Folic Acid Tablets,strips,472.0,21,10,10,7
2026-08-29,PHC-022,Howrah PHC-1,Howrah,West Bengal,26.36,82.6944,Iron Folic Acid Tablets,strips,456.2,21,18,10,9
2026-08-30,PHC-022,Howrah PHC-1,Howrah,West Bengal,26.36,82.6944,Iron Folic Acid Tablets,strips,444.8,21,14,10,9
2026-08-31,PHC-022,Howrah PHC-1,Howrah,West Bengal,26.36,82.6944,Iron Folic Acid Tablets,strips,435.4,21,10,10,7
2026-09-01,PHC-022,Howrah PHC-1,Howrah,West Bengal,26.36,82.6944,Iron Folic Acid Tablets,strips,420.3,21,12,10,8
2026-09-02,PHC-022,Howrah PHC-1,Howrah,West Bengal,26.36,82.6944,Iron Folic Acid Tablets,strips,404.4,21,10,10,10
2026-09-03,PHC-022,Howrah PHC-1,Howrah,West Bengal,26.36,82.6944,Iron Folic Acid Tablets,strips,393.6,21,14,10,9
2026-09-04,PHC-022,Howrah PHC-1,Howrah,West Bengal,26.36,82.6944,Iron Folic Acid Tablets,strips,384.1,21,9,10,7
2026-09-05,PHC-022,Howrah PHC-1,Howrah,West Bengal,26.36,82.6944,Iron Folic Acid Tablets,strips,365.9,21,11,10,8
2026-09-06,PHC-022,Howrah PHC-1,Howrah,West Bengal,26.36,82.6944,Iron Folic Acid Tablets,strips,344.7,21,19,10,8
2026-09-07,PHC-022,Howrah PHC-1,Howrah,West Bengal,26.36,82.6944,Iron Folic Acid Tablets,strips,324.3,21,10,10,7
2026-09-08,PHC-022,Howrah PHC-1,Howrah,West Bengal,26.36,82.6944,Iron Folic Acid Tablets,strips,303.8,21,6,10,8
2026-09-09,PHC-022,Howrah PHC-1,Howrah,West Bengal,26.36,82.6944,Iron Folic Acid Tablets,strips,290.4,21,11,10,7
2026-09-10,PHC-022,Howrah PHC-1,Howrah,West Bengal,26.36,82.6944,Iron Folic Acid Tablets,strips,279.9,21,12,10,5
2026-09-11,PHC-022,Howrah PHC-1,Howrah,West Bengal,26.36,82.6944,Iron Folic Acid Tablets,strips,258.0,21,12,10,6
2026-09-12,PHC-022,Howrah PHC-1,Howrah,West Bengal,26.36,82.6944,Iron Folic Acid Tablets,strips,235.3,21,10,10,8
2026-09-13,PHC-022,Howrah PHC-1,Howrah,West Bengal,26.36,82.6944,Iron Folic Acid Tablets,strips,226.5,21,12,10,10
2026-09-14,PHC-022,Howrah PHC-1,Howrah,West Bengal,26.36,82.6944,Iron Folic Acid Tablets,strips,203.1,21,14,10,9
2026-09-15,PHC-022,Howrah PHC-1,Howrah,West Bengal,26.36,82.6944,Iron Folic Acid Tablets,strips,191.9,21,13,10,10
2026-09-16,PHC-022,Howrah PHC-1,Howrah,West Bengal,26.36,82.6944,Iron Folic Acid Tablets,strips,179.1,21,13,10,8
2026-09-17,PHC-022,Howrah PHC-1,Howrah,West Bengal,26.36,82.6944,Iron Folic Acid Tablets,strips,161.7,21,13,10,6
2026-09-18,PHC-022,Howrah PHC-1,Howrah,West Bengal,26.36,82.6944,Iron Folic Acid Tablets,strips,148.5,21,13,10,7
2026-09-19,PHC-022,Howrah PHC-1,Howrah,West Bengal,26.36,82.6944,Iron Folic Acid Tablets,strips,131.0,21,13,10,8
2026-09-20,PHC-022,Howrah PHC-1,Howrah,West Bengal,26.36,82.6944,Iron Folic Acid Tablets,strips,118.2,21,15,10,8
2026-09-21,PHC-022,Howrah PHC-1,Howrah,West Bengal,26.36,82.6944,Iron Folic Acid Tablets,strips,102.1,21,8,10,8
2026-09-22,PHC-022,Howrah PHC-1,Howrah,West Bengal,26.36,82.6944,Iron Folic Acid Tablets,strips,93.2,21,15,10,7
2026-09-23,PHC-022,Howrah PHC-1,Howrah,West Bengal,26.36,82.6944,Iron Folic Acid Tablets,strips,84.6,21,9,10,7
2026-09-24,PHC-022,Howrah PHC-1,Howrah,West Bengal,26.36,82.6944,Iron Folic Acid Tablets,strips,67.4,21,12,10,9
2026-09-25,PHC-022,Howrah PHC-1,Howrah,West Bengal,26.36,82.6944,Iron Folic Acid Tablets,strips,48.6,21,12,10,8
2026-09-26,PHC-022,Howrah PHC-1,Howrah,West Bengal,26.36,82.6944,Iron Folic Acid Tablets,strips,39.4,21,10,10,7
2026-08-28,PHC-023,Howrah PHC-2,Howrah,West Bengal,21.421,76.079,Paracetamol,units,442.3,22,13,5,5
2026-08-29,PHC-023,Howrah PHC-2,Howrah,West Bengal,21.421,76.079,Paracetamol,units,432.2,22,15,5,4
2026-08-30,PHC-023,Howrah PHC-2,Howrah,West Bengal,21.421,76.079,Paracetamol,units,433.7,22,7,5,5
2026-08-31,PHC-023,Howrah PHC-2,Howrah,West Bengal,21.421,76.079,Paracetamol,units,428.7,22,11,5,2
2026-09-01,PHC-023,Howrah PHC-2,Howrah,West Bengal,21.421,76.079,Paracetamol,units,427.4,22,8,5,5
2026-09-02,PHC-023,Howrah PHC-2,Howrah,West Bengal,21.421,76.079,Paracetamol,units,427.2,22,12,5,4
2026-09-03,PHC-023,Howrah PHC-2,Howrah,West Bengal,21.421,76.079,Paracetamol,units,419.8,22,11,5,3
2026-09-04,PHC-023,Howrah PHC-2,Howrah,West Bengal,21.421,76.079,Paracetamol,units,419.8,22,13,5,2
2026-09-05,PHC-023,Howrah PHC-2,Howrah,West Bengal,21.421,76.079,Paracetamol,units,419.8,22,21,5,3
2026-09-06,PHC-023,Howrah PHC-2,Howrah,West Bengal,21.421,76.079,Paracetamol,units,432.4,22,13,5,4
2026-09-07,PHC-023,Howrah PHC-2,Howrah,West Bengal,21.421,76.079,Paracetamol,units,437.2,22,9,5,4
2026-09-08,PHC-023,Howrah PHC-2,Howrah,West Bengal,21.421,76.079,Paracetamol,units,436.3,22,8,5,5
2026-09-09,PHC-023,Howrah PHC-2,Howrah,West Bengal,21.421,76.079,Paracetamol,units,429.3,22,17,5,3
2026-09-10,PHC-023,Howrah PHC-2,Howrah,West Bengal,21.421,76.079,Paracetamol,units,431.5,22,14,5,1
2026-09-11,PHC-023,Howrah PHC-2,Howrah,West Bengal,21.421,76.079,Paracetamol,units,431.2,22,12,5,4
2026-09-12,PHC-023,Howrah PHC-2,Howrah,West Bengal,21.421,76.079,Paracetamol,units,432.3,22,8,5,3
2026-09-13,PHC-023,Howrah PHC-2,Howrah,West Bengal,21.421,76.079,Paracetamol,units,437.2,22,16,5,3
2026-09-14,PHC-023,Howrah PHC-2,Howrah,West Bengal,21.421,76.079,Paracetamol,units,443.4,22,11,5,2
2026-09-15,PHC-023,Howrah PHC-2,Howrah,West Bengal,21.421,76.079,Paracetamol,units,445.3,22,10,5,5
2026-09-16,PHC-023,Howrah PHC-2,Howrah,West Bengal,21.421,76.079,Paracetamol,units,439.4,22,13,5,3
2026-09-17,PHC-023,Howrah PHC-2,Howrah,West Bengal,21.421,76.079,Paracetamol,units,445.6,22,13,5,4
2026-09-18,PHC-023,Howrah PHC-2,Howrah,West Bengal,21.421,76.079,Paracetamol,units,435.9,22,14,5,4
2026-09-19,PHC-023,Howrah PHC-2,Howrah,West Bengal,21.421,76.079,Paracetamol,units,437.6,22,12,5,5
2026-09-20,PHC-023,Howrah PHC-2,Howrah,West Bengal,21.421,76.079,Paracetamol,units,438.9,22,12,5,4
2026-09-21,PHC-023,Howrah PHC-2,Howrah,West Bengal,21.421,76.079,Paracetamol,units,447.3,22,19,5,5
2026-09-22,PHC-023,Howrah PHC-2,Howrah,West Bengal,21.421,76.079,Paracetamol,units,438.0,22,8,5,3
2026-09-23,PHC-023,Howrah PHC-2,Howrah,West Bengal,21.421,76.079,Paracetamol,units,436.9,22,7,5,5
2026-09-24,PHC-023,Howrah PHC-2,Howrah,West Bengal,21.421,76.079,Paracetamol,units,440.6,22,16,5,4
2026-09-25,PHC-023,Howrah PHC-2,Howrah,West Bengal,21.421,76.079,Paracetamol,units,441.0,22,20,5,3
2026-09-26,PHC-023,Howrah PHC-2,Howrah,West Bengal,21.421,76.079,Paracetamol,units,446.8,22,17,5,3
2026-08-28,PHC-023,Howrah PHC-2,Howrah,West Bengal,21.421,76.079,ORS Sachets,packets,262.4,22,16,5,3
2026-08-29,PHC-023,Howrah PHC-2,Howrah,West Bengal,21.421,76.079,ORS Sachets,packets,266.7,22,13,5,5
2026-08-30,PHC-023,Howrah PHC-2,Howrah,West Bengal,21.421,76.079,ORS Sachets,packets,269.4,22,12,5,4
2026-08-31,PHC-023,Howrah PHC-2,Howrah,West Bengal,21.421,76.079,ORS Sachets,packets,271.3,22,7,5,3
2026-09-01,PHC-023,Howrah PHC-2,Howrah,West Bengal,21.421,76.079,ORS Sachets,packets,273.3,22,7,5,4
2026-09-02,PHC-023,Howrah PHC-2,Howrah,West Bengal,21.421,76.079,ORS Sachets,packets,275.5,22,12,5,4
2026-09-03,PHC-023,Howrah PHC-2,Howrah,West Bengal,21.421,76.079,ORS Sachets,packets,277.8,22,11,5,4
2026-09-04,PHC-023,Howrah PHC-2,Howrah,West Bengal,21.421,76.079,ORS Sachets,packets,281.8,22,13,5,4
2026-09-05,PHC-023,Howrah PHC-2,Howrah,West Bengal,21.421,76.079,ORS Sachets,packets,286.1,22,14,5,4
2026-09-06,PHC-023,Howrah PHC-2,Howrah,West Bengal,21.421,76.079,ORS Sachets,packets,288.8,22,21,5,4
2026-09-07,PHC-023,Howrah PHC-2,Howrah,West Bengal,21.421,76.079,ORS Sachets,packets,292.7,22,11,5,3
2026-09-08,PHC-023,Howrah PHC-2,Howrah,West Bengal,21.421,76.079,ORS Sachets,packets,296.8,22,10,5,3
2026-09-09,PHC-023,Howrah PHC-2,Howrah,West Bengal,21.421,76.079,ORS Sachets,packets,299.6,22,9,5,2
2026-09-10,PHC-023,Howrah PHC-2,Howrah,West Bengal,21.421,76.079,ORS Sachets,packets,303.1,22,16,5,4
2026-09-11,PHC-023,Howrah PHC-2,Howrah,West Bengal,21.421,76.079,ORS Sachets,packets,306.8,22,15,5,4
2026-09-12,PHC-023,Howrah PHC-2,Howrah,West Bengal,21.421,76.079,ORS Sachets,packets,308.9,22,12,5,4
2026-09-13,PHC-023,Howrah PHC-2,Howrah,West Bengal,21.421,76.079,ORS Sachets,packets,313.1,22,18,5,4
2026-09-14,PHC-023,Howrah PHC-2,Howrah,West Bengal,21.421,76.079,ORS Sachets,packets,317.3,22,15,5,3
2026-09-15,PHC-023,Howrah PHC-2,Howrah,West Bengal,21.421,76.079,ORS Sachets,packets,321.6,22,14,5,4
2026-09-16,PHC-023,Howrah PHC-2,Howrah,West Bengal,21.421,76.079,ORS Sachets,packets,323.8,22,8,5,4
2026-09-17,PHC-023,Howrah PHC-2,Howrah,West Bengal,21.421,76.079,ORS Sachets,packets,327.3,22,22,5,4
2026-09-18,PHC-023,Howrah PHC-2,Howrah,West Bengal,21.421,76.079,ORS Sachets,packets,331.3,22,8,5,5
2026-09-19,PHC-023,Howrah PHC-2,Howrah,West Bengal,21.421,76.079,ORS Sachets,packets,334.4,22,10,5,4
2026-09-20,PHC-023,Howrah PHC-2,Howrah,West Bengal,21.421,76.079,ORS Sachets,packets,337.1,22,15,5,4
2026-09-21,PHC-023,Howrah PHC-2,Howrah,West Bengal,21.421,76.079,ORS Sachets,packets,340.9,22,13,5,4
2026-09-22,PHC-023,Howrah PHC-2,Howrah,West Bengal,21.421,76.079,ORS Sachets,packets,345.1,22,16,5,4
2026-09-23,PHC-023,Howrah PHC-2,Howrah,West Bengal,21.421,76.079,ORS Sachets,packets,347.6,22,12,5,5
2026-09-24,PHC-023,Howrah PHC-2,Howrah,West Bengal,21.421,76.079,ORS Sachets,packets,350.5,22,7,5,5
2026-09-25,PHC-023,Howrah PHC-2,Howrah,West Bengal,21.421,76.079,ORS Sachets,packets,354.1,22,9,5,4
2026-09-26,PHC-023,Howrah PHC-2,Howrah,West Bengal,21.421,76.079,ORS Sachets,packets,356.1,22,12,5,4
2026-08-28,PHC-023,Howrah PHC-2,Howrah,West Bengal,21.421,76.079,Insulin,vials,74.9,22,12,5,2
2026-08-29,PHC-023,Howrah PHC-2,Howrah,West Bengal,21.421,76.079,Insulin,vials,75.8,22,11,5,3
2026-08-30,PHC-023,Howrah PHC-2,Howrah,West Bengal,21.421,76.079,Insulin,vials,76.8,22,12,5,5
2026-08-31,PHC-023,Howrah PHC-2,Howrah,West Bengal,21.421,76.079,Insulin,vials,78.3,22,8,5,3
2026-09-01,PHC-023,Howrah PHC-2,Howrah,West Bengal,21.421,76.079,Insulin,vials,79.4,22,9,5,2
2026-09-02,PHC-023,Howrah PHC-2,Howrah,West Bengal,21.421,76.079,Insulin,vials,80.7,22,10,5,2
2026-09-03,PHC-023,Howrah PHC-2,Howrah,West Bengal,21.421,76.079,Insulin,vials,81.9,22,11,5,5
2026-09-04,PHC-023,Howrah PHC-2,Howrah,West Bengal,21.421,76.079,Insulin,vials,83.0,22,14,5,3
2026-09-05,PHC-023,Howrah PHC-2,Howrah,West Bengal,21.421,76.079,Insulin,vials,84.5,22,14,5,2
2026-09-06,PHC-023,Howrah PHC-2,Howrah,West Bengal,21.421,76.079,Insulin,vials,85.2,22,14,5,2
2026-09-07,PHC-023,Howrah PHC-2,Howrah,West Bengal,21.421,76.079,Insulin,vials,86.5,22,9,5,4
2026-09-08,PHC-023,Howrah PHC-2,Howrah,West Bengal,21.421,76.079,Insulin,vials,87.4,22,15,5,5
2026-09-09,PHC-023,Howrah PHC-2,Howrah,West Bengal,21.421,76.079,Insulin,vials,88.6,22,16,5,3
2026-09-10,PHC-023,Howrah PHC-2,Howrah,West Bengal,21.421,76.079,Insulin,vials,89.6,22,14,5,2
2026-09-11,PHC-023,Howrah PHC-2,Howrah,West Bengal,21.421,76.079,Insulin,vials,90.7,22,16,5,5
2026-09-12,PHC-023,Howrah PHC-2,Howrah,West Bengal,21.421,76.079,Insulin,vials,91.8,22,15,5,1
2026-09-13,PHC-023,Howrah PHC-2,Howrah,West Bengal,21.421,76.079,Insulin,vials,92.7,22,12,5,5
2026-09-14,PHC-023,Howrah PHC-2,Howrah,West Bengal,21.421,76.079,Insulin,vials,93.6,22,14,5,3
2026-09-15,PHC-023,Howrah PHC-2,Howrah,West Bengal,21.421,76.079,Insulin,vials,94.7,22,14,5,4
2026-09-16,PHC-023,Howrah PHC-2,Howrah,West Bengal,21.421,76.079,Insulin,vials,95.8,22,13,5,4
2026-09-17,PHC-023,Howrah PHC-2,Howrah,West Bengal,21.421,76.079,Insulin,vials,96.9,22,16,5,4
2026-09-18,PHC-023,Howrah PHC-2,Howrah,West Bengal,21.421,76.079,Insulin,vials,97.5,22,13,5,5
2026-09-19,PHC-023,Howrah PHC-2,Howrah,West Bengal,21.421,76.079,Insulin,vials,98.7,22,3,5,4
2026-09-20,PHC-023,Howrah PHC-2,Howrah,West Bengal,21.421,76.079,Insulin,vials,100.0,22,12,5,3
2026-09-21,PHC-023,Howrah PHC-2,Howrah,West Bengal,21.421,76.079,Insulin,vials,100.6,22,15,5,2
2026-09-22,PHC-023,Howrah PHC-2,Howrah,West Bengal,21.421,76.079,Insulin,vials,102.0,22,13,5,3
2026-09-23,PHC-023,Howrah PHC-2,Howrah,West Bengal,21.421,76.079,Insulin,vials,103.1,22,8,5,3
2026-09-24,PHC-023,Howrah PHC-2,Howrah,West Bengal,21.421,76.079,Insulin,vials,104.5,22,20,5,3
2026-09-25,PHC-023,Howrah PHC-2,Howrah,West Bengal,21.421,76.079,Insulin,vials,106.0,22,11,5,4
2026-09-26,PHC-023,Howrah PHC-2,Howrah,West Bengal,21.421,76.079,Insulin,vials,106.7,22,20,5,5
2026-08-28,PHC-023,Howrah PHC-2,Howrah,West Bengal,21.421,76.079,Amoxicillin,strips,538.8,22,11,5,3
2026-08-29,PHC-023,Howrah PHC-2,Howrah,West Bengal,21.421,76.079,Amoxicillin,strips,544.4,22,9,5,3
2026-08-30,PHC-023,Howrah PHC-2,Howrah,West Bengal,21.421,76.079,Amoxicillin,strips,546.5,22,15,5,3
2026-08-31,PHC-023,Howrah PHC-2,Howrah,West Bengal,21.421,76.079,Amoxicillin,strips,548.8,22,7,5,4
2026-09-01,PHC-023,Howrah PHC-2,Howrah,West Bengal,21.421,76.079,Amoxicillin,strips,551.8,22,11,5,3
2026-09-02,PHC-023,Howrah PHC-2,Howrah,West Bengal,21.421,76.079,Amoxicillin,strips,556.9,22,17,5,3
2026-09-03,PHC-023,Howrah PHC-2,Howrah,West Bengal,21.421,76.079,Amoxicillin,strips,560.4,22,16,5,3
2026-09-04,PHC-023,Howrah PHC-2,Howrah,West Bengal,21.421,76.079,Amoxicillin,strips,565.4,22,13,5,2
2026-09-05,PHC-023,Howrah PHC-2,Howrah,West Bengal,21.421,76.079,Amoxicillin,strips,569.5,22,13,5,4
2026-09-06,PHC-023,Howrah PHC-2,Howrah,West Bengal,21.421,76.079,Amoxicillin,strips,571.8,22,13,5,5
2026-09-07,PHC-023,Howrah PHC-2,Howrah,West Bengal,21.421,76.079,Amoxicillin,strips,575.3,22,14,5,5
2026-09-08,PHC-023,Howrah PHC-2,Howrah,West Bengal,21.421,76.079,Amoxicillin,strips,580.0,22,14,5,3
2026-09-09,PHC-023,Howrah PHC-2,Howrah,West Bengal,21.421,76.079,Amoxicillin,strips,583.5,22,10,5,2
2026-09-10,PHC-023,Howrah PHC-2,Howrah,West Bengal,21.421,76.079,Amoxicillin,strips,587.7,22,15,5,4
2026-09-11,PHC-023,Howrah PHC-2,Howrah,West Bengal,21.421,76.079,Amoxicillin,strips,592.0,22,13,5,4
2026-09-12,PHC-023,Howrah PHC-2,Howrah,West Bengal,21.421,76.079,Amoxicillin,strips,597.7,22,12,5,4
2026-09-13,PHC-023,Howrah PHC-2,Howrah,West Bengal,21.421,76.079,Amoxicillin,strips,603.5,22,13,5,4
2026-09-14,PHC-023,Howrah PHC-2,Howrah,West Bengal,21.421,76.079,Amoxicillin,strips,608.1,22,12,5,3
2026-09-15,PHC-023,Howrah PHC-2,Howrah,West Bengal,21.421,76.079,Amoxicillin,strips,611.3,22,11,5,4
2026-09-16,PHC-023,Howrah PHC-2,Howrah,West Bengal,21.421,76.079,Amoxicillin,strips,614.2,22,13,5,4
2026-09-17,PHC-023,Howrah PHC-2,Howrah,West Bengal,21.421,76.079,Amoxicillin,strips,619.8,22,6,5,4
2026-09-18,PHC-023,Howrah PHC-2,Howrah,West Bengal,21.421,76.079,Amoxicillin,strips,622.8,22,9,5,5
2026-09-19,PHC-023,Howrah PHC-2,Howrah,West Bengal,21.421,76.079,Amoxicillin,strips,628.7,22,16,5,4
2026-09-20,PHC-023,Howrah PHC-2,Howrah,West Bengal,21.421,76.079,Amoxicillin,strips,631.1,22,13,5,3
2026-09-21,PHC-023,Howrah PHC-2,Howrah,West Bengal,21.421,76.079,Amoxicillin,strips,634.8,22,10,5,4
2026-09-22,PHC-023,Howrah PHC-2,Howrah,West Bengal,21.421,76.079,Amoxicillin,strips,638.5,22,7,5,5
2026-09-23,PHC-023,Howrah PHC-2,Howrah,West Bengal,21.421,76.079,Amoxicillin,strips,641.1,22,10,5,2
2026-09-24,PHC-023,Howrah PHC-2,Howrah,West Bengal,21.421,76.079,Amoxicillin,strips,646.4,22,8,5,4
2026-09-25,PHC-023,Howrah PHC-2,Howrah,West Bengal,21.421,76.079,Amoxicillin,strips,651.7,22,11,5,2
2026-09-26,PHC-023,Howrah PHC-2,Howrah,West Bengal,21.421,76.079,Amoxicillin,strips,655.8,22,13,5,4
2026-08-28,PHC-023,Howrah PHC-2,Howrah,West Bengal,21.421,76.079,Iron Folic Acid Tablets,strips,410.8,22,13,5,3
2026-08-29,PHC-023,Howrah PHC-2,Howrah,West Bengal,21.421,76.079,Iron Folic Acid Tablets,strips,412.9,22,11,5,2
2026-08-30,PHC-023,Howrah PHC-2,Howrah,West Bengal,21.421,76.079,Iron Folic Acid Tablets,strips,417.0,22,6,5,2
2026-08-31,PHC-023,Howrah PHC-2,Howrah,West Bengal,21.421,76.079,Iron Folic Acid Tablets,strips,415.8,22,18,5,4
2026-09-01,PHC-023,Howrah PHC-2,Howrah,West Bengal,21.421,76.079,Iron Folic Acid Tablets,strips,408.7,22,14,5,2
2026-09-02,PHC-023,Howrah PHC-2,Howrah,West Bengal,21.421,76.079,Iron Folic Acid Tablets,strips,412.1,22,10,5,5
2026-09-03,PHC-023,Howrah PHC-2,Howrah,West Bengal,21.421,76.079,Iron Folic Acid Tablets,strips,410.7,22,15,5,3
2026-09-04,PHC-023,Howrah PHC-2,Howrah,West Bengal,21.421,76.079,Iron Folic Acid Tablets,strips,398.2,22,13,5,4
2026-09-05,PHC-023,Howrah PHC-2,Howrah,West Bengal,21.421,76.079,Iron Folic Acid Tablets,strips,387.6,22,12,5,5
2026-09-06,PHC-023,Howrah PHC-2,Howrah,West Bengal,21.421,76.079,Iron Folic Acid Tablets,strips,386.6,22,10,5,3
2026-09-07,PHC-023,Howrah PHC-2,Howrah,West Bengal,21.421,76.079,Iron Folic Acid Tablets,strips,382.0,22,9,5,4
2026-09-08,PHC-023,Howrah PHC-2,Howrah,West Bengal,21.421,76.079,Iron Folic Acid Tablets,strips,378.9,22,11,5,4
2026-09-09,PHC-023,Howrah PHC-2,Howrah,West Bengal,21.421,76.079,Iron Folic Acid Tablets,strips,370.2,22,13,5,5
2026-09-10,PHC-023,Howrah PHC-2,Howrah,West Bengal,21.421,76.079,Iron Folic Acid Tablets,strips,367.5,22,12,5,1
2026-09-11,PHC-023,Howrah PHC-2,Howrah,West Bengal,21.421,76.079,Iron Folic Acid Tablets,strips,365.0,22,10,5,3
2026-09-12,PHC-023,Howrah PHC-2,Howrah,West Bengal,21.421,76.079,Iron Folic Acid Tablets,strips,370.4,22,16,5,3
2026-09-13,PHC-023,Howrah PHC-2,Howrah,West Bengal,21.421,76.079,Iron Folic Acid Tablets,strips,366.9,22,15,5,4
2026-09-14,PHC-023,Howrah PHC-2,Howrah,West Bengal,21.421,76.079,Iron Folic Acid Tablets,strips,370.7,22,11,5,5
2026-09-15,PHC-023,Howrah PHC-2,Howrah,West Bengal,21.421,76.079,Iron Folic Acid Tablets,strips,366.2,22,12,5,5
2026-09-16,PHC-023,Howrah PHC-2,Howrah,West Bengal,21.421,76.079,Iron Folic Acid Tablets,strips,370.7,22,11,5,3
2026-09-17,PHC-023,Howrah PHC-2,Howrah,West Bengal,21.421,76.079,Iron Folic Acid Tablets,strips,366.4,22,15,5,4
2026-09-18,PHC-023,Howrah PHC-2,Howrah,West Bengal,21.421,76.079,Iron Folic Acid Tablets,strips,366.0,22,11,5,4
2026-09-19,PHC-023,Howrah PHC-2,Howrah,West Bengal,21.421,76.079,Iron Folic Acid Tablets,strips,364.7,22,14,5,4
2026-09-20,PHC-023,Howrah PHC-2,Howrah,West Bengal,21.421,76.079,Iron Folic Acid Tablets,strips,363.5,22,10,5,4
2026-09-21,PHC-023,Howrah PHC-2,Howrah,West Bengal,21.421,76.079,Iron Folic Acid Tablets,strips,360.4,22,16,5,4
2026-09-22,PHC-023,Howrah PHC-2,Howrah,West Bengal,21.421,76.079,Iron Folic Acid Tablets,strips,366.6,22,7,5,5
2026-09-23,PHC-023,Howrah PHC-2,Howrah,West Bengal,21.421,76.079,Iron Folic Acid Tablets,strips,367.6,22,11,5,3
2026-09-24,PHC-023,Howrah PHC-2,Howrah,West Bengal,21.421,76.079,Iron Folic Acid Tablets,strips,384.2,22,12,5,4
2026-09-25,PHC-023,Howrah PHC-2,Howrah,West Bengal,21.421,76.079,Iron Folic Acid Tablets,strips,396.0,22,6,5,4
2026-09-26,PHC-023,Howrah PHC-2,Howrah,West Bengal,21.421,76.079,Iron Folic Acid Tablets,strips,382.9,22,12,5,5
2026-08-28,PHC-024,Howrah PHC-3,Howrah,West Bengal,18.4812,74.2917,Paracetamol,units,357.1,15,8,9,7
2026-08-29,PHC-024,Howrah PHC-3,Howrah,West Bengal,18.4812,74.2917,Paracetamol,units,346.3,15,7,9,8
2026-08-30,PHC-024,Howrah PHC-3,Howrah,West Bengal,18.4812,74.2917,Paracetamol,units,333.2,15,9,9,7
2026-08-31,PHC-024,Howrah PHC-3,Howrah,West Bengal,18.4812,74.2917,Paracetamol,units,315.4,15,8,9,9
2026-09-01,PHC-024,Howrah PHC-3,Howrah,West Bengal,18.4812,74.2917,Paracetamol,units,300.7,15,12,9,6
2026-09-02,PHC-024,Howrah PHC-3,Howrah,West Bengal,18.4812,74.2917,Paracetamol,units,288.7,15,8,9,7
2026-09-03,PHC-024,Howrah PHC-3,Howrah,West Bengal,18.4812,74.2917,Paracetamol,units,272.6,15,9,9,9
2026-09-04,PHC-024,Howrah PHC-3,Howrah,West Bengal,18.4812,74.2917,Paracetamol,units,264.1,15,7,9,7
2026-09-05,PHC-024,Howrah PHC-3,Howrah,West Bengal,18.4812,74.2917,Paracetamol,units,249.4,15,8,9,6
2026-09-06,PHC-024,Howrah PHC-3,Howrah,West Bengal,18.4812,74.2917,Paracetamol,units,231.8,15,8,9,9
2026-09-07,PHC-024,Howrah PHC-3,Howrah,West Bengal,18.4812,74.2917,Paracetamol,units,223.7,15,10,9,8
2026-09-08,PHC-024,Howrah PHC-3,Howrah,West Bengal,18.4812,74.2917,Paracetamol,units,206.9,15,9,9,9
2026-09-09,PHC-024,Howrah PHC-3,Howrah,West Bengal,18.4812,74.2917,Paracetamol,units,196.8,15,11,9,8
2026-09-10,PHC-024,Howrah PHC-3,Howrah,West Bengal,18.4812,74.2917,Paracetamol,units,180.2,15,9,9,8
2026-09-11,PHC-024,Howrah PHC-3,Howrah,West Bengal,18.4812,74.2917,Paracetamol,units,161.5,15,5,9,7
2026-09-12,PHC-024,Howrah PHC-3,Howrah,West Bengal,18.4812,74.2917,Paracetamol,units,151.4,15,8,9,9
2026-09-13,PHC-024,Howrah PHC-3,Howrah,West Bengal,18.4812,74.2917,Paracetamol,units,140.5,15,5,9,8
2026-09-14,PHC-024,Howrah PHC-3,Howrah,West Bengal,18.4812,74.2917,Paracetamol,units,128.3,15,4,9,8
2026-09-15,PHC-024,Howrah PHC-3,Howrah,West Bengal,18.4812,74.2917,Paracetamol,units,121.7,15,10,9,7
2026-09-16,PHC-024,Howrah PHC-3,Howrah,West Bengal,18.4812,74.2917,Paracetamol,units,108.8,15,6,9,7
2026-09-17,PHC-024,Howrah PHC-3,Howrah,West Bengal,18.4812,74.2917,Paracetamol,units,98.1,15,9,9,7
2026-09-18,PHC-024,Howrah PHC-3,Howrah,West Bengal,18.4812,74.2917,Paracetamol,units,80.0,15,9,9,8
2026-09-19,PHC-024,Howrah PHC-3,Howrah,West Bengal,18.4812,74.2917,Paracetamol,units,71.0,15,8,9,7
2026-09-20,PHC-024,Howrah PHC-3,Howrah,West Bengal,18.4812,74.2917,Paracetamol,units,54.6,15,3,9,8
2026-09-21,PHC-024,Howrah PHC-3,Howrah,West Bengal,18.4812,74.2917,Paracetamol,units,44.6,15,10,9,6
2026-09-22,PHC-024,Howrah PHC-3,Howrah,West Bengal,18.4812,74.2917,Paracetamol,units,28.6,15,6,9,8
2026-09-23,PHC-024,Howrah PHC-3,Howrah,West Bengal,18.4812,74.2917,Paracetamol,units,9.7,15,6,9,8
2026-09-24,PHC-024,Howrah PHC-3,Howrah,West Bengal,18.4812,74.2917,Paracetamol,units,0.0,15,6,9,8
2026-09-25,PHC-024,Howrah PHC-3,Howrah,West Bengal,18.4812,74.2917,Paracetamol,units,0.0,15,10,9,8
2026-09-26,PHC-024,Howrah PHC-3,Howrah,West Bengal,18.4812,74.2917,Paracetamol,units,0.0,15,8,9,6
2026-08-28,PHC-024,Howrah PHC-3,Howrah,West Bengal,18.4812,74.2917,ORS Sachets,packets,311.1,15,10,9,9
2026-08-29,PHC-024,Howrah PHC-3,Howrah,West Bengal,18.4812,74.2917,ORS Sachets,packets,290.3,15,13,9,6
2026-08-30,PHC-024,Howrah PHC-3,Howrah,West Bengal,18.4812,74.2917,ORS Sachets,packets,263.7,15,10,9,6
2026-08-31,PHC-024,Howrah PHC-3,Howrah,West Bengal,18.4812,74.2917,ORS Sachets,packets,252.1,15,5,9,6
2026-09-01,PHC-024,Howrah PHC-3,Howrah,West Bengal,18.4812,74.2917,ORS Sachets,packets,229.7,15,8,9,7
2026-09-02,PHC-024,Howrah PHC-3,Howrah,West Bengal,18.4812,74.2917,ORS Sachets,packets,209.2,15,11,9,8
2026-09-03,PHC-024,Howrah PHC-3,Howrah,West Bengal,18.4812,74.2917,ORS Sachets,packets,183.4,15,10,9,7
2026-09-04,PHC-024,Howrah PHC-3,Howrah,West Bengal,18.4812,74.2917,ORS Sachets,packets,159.9,15,10,9,7
2026-09-05,PHC-024,Howrah PHC-3,Howrah,West Bengal,18.4812,74.2917,ORS Sachets,packets,137.0,15,7,9,7
2026-09-06,PHC-024,Howrah PHC-3,Howrah,West Bengal,18.4812,74.2917,ORS Sachets,packets,115.0,15,7,9,6
2026-09-07,PHC-024,Howrah PHC-3,Howrah,West Bengal,18.4812,74.2917,ORS Sachets,packets,99.1,15,6,9,5
2026-09-08,PHC-024,Howrah PHC-3,Howrah,West Bengal,18.4812,74.2917,ORS Sachets,packets,87.3,15,12,9,7
2026-09-09,PHC-024,Howrah PHC-3,Howrah,West Bengal,18.4812,74.2917,ORS Sachets,packets,66.4,15,4,9,8
2026-09-10,PHC-024,Howrah PHC-3,Howrah,West Bengal,18.4812,74.2917,ORS Sachets,packets,48.2,15,7,9,7
2026-09-11,PHC-024,Howrah PHC-3,Howrah,West Bengal,18.4812,74.2917,ORS Sachets,packets,29.8,15,6,9,8
2026-09-12,PHC-024,Howrah PHC-3,Howrah,West Bengal,18.4812,74.2917,ORS Sachets,packets,16.6,15,8,9,6
2026-09-13,PHC-024,Howrah PHC-3,Howrah,West Bengal,18.4812,74.2917,ORS Sachets,packets,7.1,15,10,9,6
2026-09-14,PHC-024,Howrah PHC-3,Howrah,West Bengal,18.4812,74.2917,ORS Sachets,packets,0.0,15,13,9,8
2026-09-15,PHC-024,Howrah PHC-3,Howrah,West Bengal,18.4812,74.2917,ORS Sachets,packets,0.0,15,9,9,6
2026-09-16,PHC-024,Howrah PHC-3,Howrah,West Bengal,18.4812,74.2917,ORS Sachets,packets,0.0,15,12,9,5
2026-09-17,PHC-024,Howrah PHC-3,Howrah,West Bengal,18.4812,74.2917,ORS Sachets,packets,0.0,15,12,9,8
2026-09-18,PHC-024,Howrah PHC-3,Howrah,West Bengal,18.4812,74.2917,ORS Sachets,packets,0.0,15,6,9,6
2026-09-19,PHC-024,Howrah PHC-3,Howrah,West Bengal,18.4812,74.2917,ORS Sachets,packets,0.0,15,9,9,6
2026-09-20,PHC-024,Howrah PHC-3,Howrah,West Bengal,18.4812,74.2917,ORS Sachets,packets,0.0,15,7,9,7
2026-09-21,PHC-024,Howrah PHC-3,Howrah,West Bengal,18.4812,74.2917,ORS Sachets,packets,0.0,15,6,9,6
2026-09-22,PHC-024,Howrah PHC-3,Howrah,West Bengal,18.4812,74.2917,ORS Sachets,packets,0.0,15,10,9,7
2026-09-23,PHC-024,Howrah PHC-3,Howrah,West Bengal,18.4812,74.2917,ORS Sachets,packets,0.0,15,8,9,6
2026-09-24,PHC-024,Howrah PHC-3,Howrah,West Bengal,18.4812,74.2917,ORS Sachets,packets,0.0,15,15,9,8
2026-09-25,PHC-024,Howrah PHC-3,Howrah,West Bengal,18.4812,74.2917,ORS Sachets,packets,0.0,15,7,9,6
2026-09-26,PHC-024,Howrah PHC-3,Howrah,West Bengal,18.4812,74.2917,ORS Sachets,packets,0.0,15,10,9,7
2026-08-28,PHC-024,Howrah PHC-3,Howrah,West Bengal,18.4812,74.2917,Insulin,vials,70.4,15,8,9,6
2026-08-29,PHC-024,Howrah PHC-3,Howrah,West Bengal,18.4812,74.2917,Insulin,vials,71.1,15,7,9,8
2026-08-30,PHC-024,Howrah PHC-3,Howrah,West Bengal,18.4812,74.2917,Insulin,vials,71.5,15,9,9,6
2026-08-31,PHC-024,Howrah PHC-3,Howrah,West Bengal,18.4812,74.2917,Insulin,vials,72.7,15,6,9,6
2026-09-01,PHC-024,Howrah PHC-3,Howrah,West Bengal,18.4812,74.2917,Insulin,vials,74.8,15,7,9,8
2026-09-02,PHC-024,Howrah PHC-3,Howrah,West Bengal,18.4812,74.2917,Insulin,vials,74.1,15,9,9,7
2026-09-03,PHC-024,Howrah PHC-3,Howrah,West Bengal,18.4812,74.2917,Insulin,vials,73.0,15,8,9,8
2026-09-04,PHC-024,Howrah PHC-3,Howrah,West Bengal,18.4812,74.2917,Insulin,vials,74.2,15,10,9,7
2026-09-05,PHC-024,Howrah PHC-3,Howrah,West Bengal,18.4812,74.2917,Insulin,vials,73.5,15,5,9,7
2026-09-06,PHC-024,Howrah PHC-3,Howrah,West Bengal,18.4812,74.2917,Insulin,vials,75.5,15,10,9,6
2026-09-07,PHC-024,Howrah PHC-3,Howrah,West Bengal,18.4812,74.2917,Insulin,vials,75.2,15,10,9,7
2026-09-08,PHC-024,Howrah PHC-3,Howrah,West Bengal,18.4812,74.2917,Insulin,vials,75.1,15,10,9,5
2026-09-09,PHC-024,Howrah PHC-3,Howrah,West Bengal,18.4812,74.2917,Insulin,vials,73.5,15,10,9,7
2026-09-10,PHC-024,Howrah PHC-3,Howrah,West Bengal,18.4812,74.2917,Insulin,vials,73.1,15,8,9,7
2026-09-11,PHC-024,Howrah PHC-3,Howrah,West Bengal,18.4812,74.2917,Insulin,vials,74.3,15,12,9,8
2026-09-12,PHC-024,Howrah PHC-3,Howrah,West Bengal,18.4812,74.2917,Insulin,vials,74.5,15,11,9,8
2026-09-13,PHC-024,Howrah PHC-3,Howrah,West Bengal,18.4812,74.2917,Insulin,vials,74.6,15,10,9,7
2026-09-14,PHC-024,Howrah PHC-3,Howrah,West Bengal,18.4812,74.2917,Insulin,vials,75.8,15,8,9,4
2026-09-15,PHC-024,Howrah PHC-3,Howrah,West Bengal,18.4812,74.2917,Insulin,vials,75.5,15,7,9,6
2026-09-16,PHC-024,Howrah PHC-3,Howrah,West Bengal,18.4812,74.2917,Insulin,vials,75.1,15,7,9,6
2026-09-17,PHC-024,Howrah PHC-3,Howrah,West Bengal,18.4812,74.2917,Insulin,vials,76.2,15,10,9,8
2026-09-18,PHC-024,Howrah PHC-3,Howrah,West Bengal,18.4812,74.2917,Insulin,vials,76.3,15,9,9,6
2026-09-19,PHC-024,Howrah PHC-3,Howrah,West Bengal,18.4812,74.2917,Insulin,vials,77.4,15,11,9,7
2026-09-20,PHC-024,Howrah PHC-3,Howrah,West Bengal,18.4812,74.2917,Insulin,vials,77.1,15,5,9,7
2026-09-21,PHC-024,Howrah PHC-3,Howrah,West Bengal,18.4812,74.2917,Insulin,vials,76.9,15,9,9,8
2026-09-22,PHC-024,Howrah PHC-3,Howrah,West Bengal,18.4812,74.2917,Insulin,vials,75.3,15,8,9,8
2026-09-23,PHC-024,Howrah PHC-3,Howrah,West Bengal,18.4812,74.2917,Insulin,vials,75.0,15,10,9,8
2026-09-24,PHC-024,Howrah PHC-3,Howrah,West Bengal,18.4812,74.2917,Insulin,vials,76.3,15,11,9,9
2026-09-25,PHC-024,Howrah PHC-3,Howrah,West Bengal,18.4812,74.2917,Insulin,vials,78.3,15,7,9,9
2026-09-26,PHC-024,Howrah PHC-3,Howrah,West Bengal,18.4812,74.2917,Insulin,vials,79.4,15,8,9,8
2026-08-28,PHC-024,Howrah PHC-3,Howrah,West Bengal,18.4812,74.2917,Amoxicillin,strips,498.0,15,8,9,6
2026-08-29,PHC-024,Howrah PHC-3,Howrah,West Bengal,18.4812,74.2917,Amoxicillin,strips,513.1,15,12,9,5
2026-08-30,PHC-024,Howrah PHC-3,Howrah,West Bengal,18.4812,74.2917,Amoxicillin,strips,517.2,15,8,9,7
2026-08-31,PHC-024,Howrah PHC-3,Howrah,West Bengal,18.4812,74.2917,Amoxicillin,strips,510.4,15,6,9,7
2026-09-01,PHC-024,Howrah PHC-3,Howrah,West Bengal,18.4812,74.2917,Amoxicillin,strips,507.6,15,7,9,7
2026-09-02,PHC-024,Howrah PHC-3,Howrah,West Bengal,18.4812,74.2917,Amoxicillin,strips,507.1,15,12,9,6
2026-09-03,PHC-024,Howrah PHC-3,Howrah,West Bengal,18.4812,74.2917,Amoxicillin,strips,505.5,15,10,9,6
2026-09-04,PHC-024,Howrah PHC-3,Howrah,West Bengal,18.4812,74.2917,Amoxicillin,strips,500.8,15,12,9,7
2026-09-05,PHC-024,Howrah PHC-3,Howrah,West Bengal,18.4812,74.2917,Amoxicillin,strips,503.7,15,10,9,6
2026-09-06,PHC-024,Howrah PHC-3,Howrah,West Bengal,18.4812,74.2917,Amoxicillin,strips,511.8,15,7,9,9
2026-09-07,PHC-024,Howrah PHC-3,Howrah,West Bengal,18.4812,74.2917,Amoxicillin,strips,510.4,15,6,9,7
2026-09-08,PHC-024,Howrah PHC-3,Howrah,West Bengal,18.4812,74.2917,Amoxicillin,strips,509.0,15,8,9,6
2026-09-09,PHC-024,Howrah PHC-3,Howrah,West Bengal,18.4812,74.2917,Amoxicillin,strips,507.8,15,7,9,7
2026-09-10,PHC-024,Howrah PHC-3,Howrah,West Bengal,18.4812,74.2917,Amoxicillin,strips,508.1,15,7,9,7
2026-09-11,PHC-024,Howrah PHC-3,Howrah,West Bengal,18.4812,74.2917,Amoxicillin,strips,505.3,15,8,9,8
2026-09-12,PHC-024,Howrah PHC-3,Howrah,West Bengal,18.4812,74.2917,Amoxicillin,strips,504.5,15,10,9,6
2026-09-13,PHC-024,Howrah PHC-3,Howrah,West Bengal,18.4812,74.2917,Amoxicillin,strips,503.2,15,12,9,7
2026-09-14,PHC-024,Howrah PHC-3,Howrah,West Bengal,18.4812,74.2917,Amoxicillin,strips,511.0,15,8,9,9
2026-09-15,PHC-024,Howrah PHC-3,Howrah,West Bengal,18.4812,74.2917,Amoxicillin,strips,508.8,15,8,9,7
2026-09-16,PHC-024,Howrah PHC-3,Howrah,West Bengal,18.4812,74.2917,Amoxicillin,strips,522.6,15,9,9,8
2026-09-17,PHC-024,Howrah PHC-3,Howrah,West Bengal,18.4812,74.2917,Amoxicillin,strips,519.9,15,11,9,5
2026-09-18,PHC-024,Howrah PHC-3,Howrah,West Bengal,18.4812,74.2917,Amoxicillin,strips,513.5,15,8,9,9
2026-09-19,PHC-024,Howrah PHC-3,Howrah,West Bengal,18.4812,74.2917,Amoxicillin,strips,515.8,15,9,9,9
2026-09-20,PHC-024,Howrah PHC-3,Howrah,West Bengal,18.4812,74.2917,Amoxicillin,strips,518.7,15,8,9,8
2026-09-21,PHC-024,Howrah PHC-3,Howrah,West Bengal,18.4812,74.2917,Amoxicillin,strips,518.8,15,8,9,6
2026-09-22,PHC-024,Howrah PHC-3,Howrah,West Bengal,18.4812,74.2917,Amoxicillin,strips,515.7,15,9,9,6
2026-09-23,PHC-024,Howrah PHC-3,Howrah,West Bengal,18.4812,74.2917,Amoxicillin,strips,506.0,15,8,9,8
2026-09-24,PHC-024,Howrah PHC-3,Howrah,West Bengal,18.4812,74.2917,Amoxicillin,strips,505.6,15,9,9,6
2026-09-25,PHC-024,Howrah PHC-3,Howrah,West Bengal,18.4812,74.2917,Amoxicillin,strips,514.8,15,9,9,9
2026-09-26,PHC-024,Howrah PHC-3,Howrah,West Bengal,18.4812,74.2917,Amoxicillin,strips,511.4,15,7,9,7
2026-08-28,PHC-024,Howrah PHC-3,Howrah,West Bengal,18.4812,74.2917,Iron Folic Acid Tablets,strips,773.0,15,6,9,9
2026-08-29,PHC-024,Howrah PHC-3,Howrah,West Bengal,18.4812,74.2917,Iron Folic Acid Tablets,strips,763.5,15,7,9,5
2026-08-30,PHC-024,Howrah PHC-3,Howrah,West Bengal,18.4812,74.2917,Iron Folic Acid Tablets,strips,748.4,15,12,9,8
2026-08-31,PHC-024,Howrah PHC-3,Howrah,West Bengal,18.4812,74.2917,Iron Folic Acid Tablets,strips,740.5,15,13,9,9
2026-09-01,PHC-024,Howrah PHC-3,Howrah,West Bengal,18.4812,74.2917,Iron Folic Acid Tablets,strips,730.7,15,8,9,6
2026-09-02,PHC-024,Howrah PHC-3,Howrah,West Bengal,18.4812,74.2917,Iron Folic Acid Tablets,strips,708.3,15,5,9,5
2026-09-03,PHC-024,Howrah PHC-3,Howrah,West Bengal,18.4812,74.2917,Iron Folic Acid Tablets,strips,685.1,15,11,9,5
2026-09-04,PHC-024,Howrah PHC-3,Howrah,West Bengal,18.4812,74.2917,Iron Folic Acid Tablets,strips,675.6,15,7,9,9
2026-09-05,PHC-024,Howrah PHC-3,Howrah,West Bengal,18.4812,74.2917,Iron Folic Acid Tablets,strips,655.7,15,5,9,9
2026-09-06,PHC-024,Howrah PHC-3,Howrah,West Bengal,18.4812,74.2917,Iron Folic Acid Tablets,strips,632.6,15,6,9,7
2026-09-07,PHC-024,Howrah PHC-3,Howrah,West Bengal,18.4812,74.2917,Iron Folic Acid Tablets,strips,611.9,15,8,9,7
2026-09-08,PHC-024,Howrah PHC-3,Howrah,West Bengal,18.4812,74.2917,Iron Folic Acid Tablets,strips,599.7,15,4,9,6
2026-09-09,PHC-024,Howrah PHC-3,Howrah,West Bengal,18.4812,74.2917,Iron Folic Acid Tablets,strips,583.0,15,8,9,7
2026-09-10,PHC-024,Howrah PHC-3,Howrah,West Bengal,18.4812,74.2917,Iron Folic Acid Tablets,strips,570.5,15,7,9,9
2026-09-11,PHC-024,Howrah PHC-3,Howrah,West Bengal,18.4812,74.2917,Iron Folic Acid Tablets,strips,547.7,15,10,9,7
2026-09-12,PHC-024,Howrah PHC-3,Howrah,West Bengal,18.4812,74.2917,Iron Folic Acid Tablets,strips,527.7,15,7,9,7
2026-09-13,PHC-024,Howrah PHC-3,Howrah,West Bengal,18.4812,74.2917,Iron Folic Acid Tablets,strips,510.1,15,7,9,8
2026-09-14,PHC-024,Howrah PHC-3,Howrah,West Bengal,18.4812,74.2917,Iron Folic Acid Tablets,strips,493.7,15,13,9,7
2026-09-15,PHC-024,Howrah PHC-3,Howrah,West Bengal,18.4812,74.2917,Iron Folic Acid Tablets,strips,472.4,15,11,9,7
2026-09-16,PHC-024,Howrah PHC-3,Howrah,West Bengal,18.4812,74.2917,Iron Folic Acid Tablets,strips,453.3,15,12,9,7
2026-09-17,PHC-024,Howrah PHC-3,Howrah,West Bengal,18.4812,74.2917,Iron Folic Acid Tablets,strips,438.9,15,7,9,7
2026-09-18,PHC-024,Howrah PHC-3,Howrah,West Bengal,18.4812,74.2917,Iron Folic Acid Tablets,strips,423.5,15,11,9,8
2026-09-19,PHC-024,Howrah PHC-3,Howrah,West Bengal,18.4812,74.2917,Iron Folic Acid Tablets,strips,413.6,15,14,9,7
2026-09-20,PHC-024,Howrah PHC-3,Howrah,West Bengal,18.4812,74.2917,Iron Folic Acid Tablets,strips,400.4,15,5,9,9
2026-09-21,PHC-024,Howrah PHC-3,Howrah,West Bengal,18.4812,74.2917,Iron Folic Acid Tablets,strips,380.7,15,9,9,6
2026-09-22,PHC-024,Howrah PHC-3,Howrah,West Bengal,18.4812,74.2917,Iron Folic Acid Tablets,strips,372.0,15,7,9,8
2026-09-23,PHC-024,Howrah PHC-3,Howrah,West Bengal,18.4812,74.2917,Iron Folic Acid Tablets,strips,358.2,15,9,9,8
2026-09-24,PHC-024,Howrah PHC-3,Howrah,West Bengal,18.4812,74.2917,Iron Folic Acid Tablets,strips,344.0,15,5,9,5
2026-09-25,PHC-024,Howrah PHC-3,Howrah,West Bengal,18.4812,74.2917,Iron Folic Acid Tablets,strips,324.6,15,12,9,9
2026-09-26,PHC-024,Howrah PHC-3,Howrah,West Bengal,18.4812,74.2917,Iron Folic Acid Tablets,strips,304.3,15,9,9,6
2026-08-28,PHC-025,Malda PHC-1,Malda,West Bengal,28.4817,74.6788,Paracetamol,units,304.1,26,18,5,3
2026-08-29,PHC-025,Malda PHC-1,Malda,West Bengal,28.4817,74.6788,Paracetamol,units,272.8,26,18,5,3
2026-08-30,PHC-025,Malda PHC-1,Malda,West Bengal,28.4817,74.6788,Paracetamol,units,238.9,26,17,5,4
2026-08-31,PHC-025,Malda PHC-1,Malda,West Bengal,28.4817,74.6788,Paracetamol,units,212.3,26,13,5,3
2026-09-01,PHC-025,Malda PHC-1,Malda,West Bengal,28.4817,74.6788,Paracetamol,units,191.4,26,9,5,4
2026-09-02,PHC-025,Malda PHC-1,Malda,West Bengal,28.4817,74.6788,Paracetamol,units,159.5,26,10,5,4
2026-09-03,PHC-025,Malda PHC-1,Malda,West Bengal,28.4817,74.6788,Paracetamol,units,120.5,26,8,5,3
2026-09-04,PHC-025,Malda PHC-1,Malda,West Bengal,28.4817,74.6788,Paracetamol,units,102.1,26,17,5,2
2026-09-05,PHC-025,Malda PHC-1,Malda,West Bengal,28.4817,74.6788,Paracetamol,units,80.8,26,12,5,5
2026-09-06,PHC-025,Malda PHC-1,Malda,West Bengal,28.4817,74.6788,Paracetamol,units,44.8,26,15,5,3
2026-09-07,PHC-025,Malda PHC-1,Malda,West Bengal,28.4817,74.6788,Paracetamol,units,7.3,26,13,5,3
2026-09-08,PHC-025,Malda PHC-1,Malda,West Bengal,28.4817,74.6788,Paracetamol,units,0.0,26,17,5,4
2026-09-09,PHC-025,Malda PHC-1,Malda,West Bengal,28.4817,74.6788,Paracetamol,units,0.0,26,19,5,4
2026-09-10,PHC-025,Malda PHC-1,Malda,West Bengal,28.4817,74.6788,Paracetamol,units,0.0,26,18,5,4
2026-09-11,PHC-025,Malda PHC-1,Malda,West Bengal,28.4817,74.6788,Paracetamol,units,0.0,26,14,5,5
2026-09-12,PHC-025,Malda PHC-1,Malda,West Bengal,28.4817,74.6788,Paracetamol,units,0.0,26,17,5,4
2026-09-13,PHC-025,Malda PHC-1,Malda,West Bengal,28.4817,74.6788,Paracetamol,units,0.0,26,18,5,3
2026-09-14,PHC-025,Malda PHC-1,Malda,West Bengal,28.4817,74.6788,Paracetamol,units,0.0,26,15,5,3
2026-09-15,PHC-025,Malda PHC-1,Malda,West Bengal,28.4817,74.6788,Paracetamol,units,0.0,26,7,5,2
2026-09-16,PHC-025,Malda PHC-1,Malda,West Bengal,28.4817,74.6788,Paracetamol,units,0.0,26,13,5,5
2026-09-17,PHC-025,Malda PHC-1,Malda,West Bengal,28.4817,74.6788,Paracetamol,units,0.0,26,15,5,2
2026-09-18,PHC-025,Malda PHC-1,Malda,West Bengal,28.4817,74.6788,Paracetamol,units,0.0,26,22,5,5
2026-09-19,PHC-025,Malda PHC-1,Malda,West Bengal,28.4817,74.6788,Paracetamol,units,0.0,26,11,5,3
2026-09-20,PHC-025,Malda PHC-1,Malda,West Bengal,28.4817,74.6788,Paracetamol,units,0.0,26,20,5,5
2026-09-21,PHC-025,Malda PHC-1,Malda,West Bengal,28.4817,74.6788,Paracetamol,units,0.0,26,14,5,5
2026-09-22,PHC-025,Malda PHC-1,Malda,West Bengal,28.4817,74.6788,Paracetamol,units,0.0,26,15,5,4
2026-09-23,PHC-025,Malda PHC-1,Malda,West Bengal,28.4817,74.6788,Paracetamol,units,0.0,26,13,5,3
2026-09-24,PHC-025,Malda PHC-1,Malda,West Bengal,28.4817,74.6788,Paracetamol,units,0.0,26,15,5,5
2026-09-25,PHC-025,Malda PHC-1,Malda,West Bengal,28.4817,74.6788,Paracetamol,units,0.0,26,16,5,3
2026-09-26,PHC-025,Malda PHC-1,Malda,West Bengal,28.4817,74.6788,Paracetamol,units,0.0,26,15,5,3
2026-08-28,PHC-025,Malda PHC-1,Malda,West Bengal,28.4817,74.6788,ORS Sachets,packets,271.9,26,14,5,4
2026-08-29,PHC-025,Malda PHC-1,Malda,West Bengal,28.4817,74.6788,ORS Sachets,packets,263.8,26,13,5,5
2026-08-30,PHC-025,Malda PHC-1,Malda,West Bengal,28.4817,74.6788,ORS Sachets,packets,257.2,26,21,5,4
2026-08-31,PHC-025,Malda PHC-1,Malda,West Bengal,28.4817,74.6788,ORS Sachets,packets,246.8,26,18,5,3
2026-09-01,PHC-025,Malda PHC-1,Malda,West Bengal,28.4817,74.6788,ORS Sachets,packets,238.4,26,11,5,3
2026-09-02,PHC-025,Malda PHC-1,Malda,West Bengal,28.4817,74.6788,ORS Sachets,packets,230.1,26,13,5,4
2026-09-03,PHC-025,Malda PHC-1,Malda,West Bengal,28.4817,74.6788,ORS Sachets,packets,224.6,26,14,5,5
2026-09-04,PHC-025,Malda PHC-1,Malda,West Bengal,28.4817,74.6788,ORS Sachets,packets,215.7,26,12,5,3
2026-09-05,PHC-025,Malda PHC-1,Malda,West Bengal,28.4817,74.6788,ORS Sachets,packets,206.1,26,11,5,5
2026-09-06,PHC-025,Malda PHC-1,Malda,West Bengal,28.4817,74.6788,ORS Sachets,packets,196.9,26,13,5,1
2026-09-07,PHC-025,Malda PHC-1,Malda,West Bengal,28.4817,74.6788,ORS Sachets,packets,191.4,26,20,5,4
2026-09-08,PHC-025,Malda PHC-1,Malda,West Bengal,28.4817,74.6788,ORS Sachets,packets,185.7,26,13,5,4
2026-09-09,PHC-025,Malda PHC-1,Malda,West Bengal,28.4817,74.6788,ORS Sachets,packets,179.3,26,7,5,4
2026-09-10,PHC-025,Malda PHC-1,Malda,West Bengal,28.4817,74.6788,ORS Sachets,packets,173.1,26,17,5,5
2026-09-11,PHC-025,Malda PHC-1,Malda,West Bengal,28.4817,74.6788,ORS Sachets,packets,167.4,26,15,5,3
2026-09-12,PHC-025,Malda PHC-1,Malda,West Bengal,28.4817,74.6788,ORS Sachets,packets,157.6,26,14,5,3
2026-09-13,PHC-025,Malda PHC-1,Malda,West Bengal,28.4817,74.6788,ORS Sachets,packets,151.8,26,20,5,4
2026-09-14,PHC-025,Malda PHC-1,Malda,West Bengal,28.4817,74.6788,ORS Sachets,packets,144.2,26,17,5,3
2026-09-15,PHC-025,Malda PHC-1,Malda,West Bengal,28.4817,74.6788,ORS Sachets,packets,133.3,26,12,5,4
2026-09-16,PHC-025,Malda PHC-1,Malda,West Bengal,28.4817,74.6788,ORS Sachets,packets,127.7,26,11,5,5
2026-09-17,PHC-025,Malda PHC-1,Malda,West Bengal,28.4817,74.6788,ORS Sachets,packets,119.8,26,15,5,5
2026-09-18,PHC-025,Malda PHC-1,Malda,West Bengal,28.4817,74.6788,ORS Sachets,packets,112.6,26,13,5,4
2026-09-19,PHC-025,Malda PHC-1,Malda,West Bengal,28.4817,74.6788,ORS Sachets,packets,103.8,26,16,5,3
2026-09-20,PHC-025,Malda PHC-1,Malda,West Bengal,28.4817,74.6788,ORS Sachets,packets,95.1,26,17,5,4
2026-09-21,PHC-025,Malda PHC-1,Malda,West Bengal,28.4817,74.6788,ORS Sachets,packets,83.5,26,15,5,2
2026-09-22,PHC-025,Malda PHC-1,Malda,West Bengal,28.4817,74.6788,ORS Sachets,packets,79.6,26,6,5,2
2026-09-23,PHC-025,Malda PHC-1,Malda,West Bengal,28.4817,74.6788,ORS Sachets,packets,68.1,26,17,5,3
2026-09-24,PHC-025,Malda PHC-1,Malda,West Bengal,28.4817,74.6788,ORS Sachets,packets,56.7,26,11,5,4
2026-09-25,PHC-025,Malda PHC-1,Malda,West Bengal,28.4817,74.6788,ORS Sachets,packets,47.7,26,21,5,4
2026-09-26,PHC-025,Malda PHC-1,Malda,West Bengal,28.4817,74.6788,ORS Sachets,packets,41.8,26,10,5,3
2026-08-28,PHC-025,Malda PHC-1,Malda,West Bengal,28.4817,74.6788,Insulin,vials,113.0,26,21,5,4
2026-08-29,PHC-025,Malda PHC-1,Malda,West Bengal,28.4817,74.6788,Insulin,vials,113.7,26,19,5,3
2026-08-30,PHC-025,Malda PHC-1,Malda,West Bengal,28.4817,74.6788,Insulin,vials,113.6,26,17,5,5
2026-08-31,PHC-025,Malda PHC-1,Malda,West Bengal,28.4817,74.6788,Insulin,vials,114.0,26,13,5,5
2026-09-01,PHC-025,Malda PHC-1,Malda,West Bengal,28.4817,74.6788,Insulin,vials,114.6,26,16,5,5
2026-09-02,PHC-025,Malda PHC-1,Malda,West Bengal,28.4817,74.6788,Insulin,vials,114.7,26,16,5,2
2026-09-03,PHC-025,Malda PHC-1,Malda,West Bengal,28.4817,74.6788,Insulin,vials,113.3,26,13,5,4
2026-09-04,PHC-025,Malda PHC-1,Malda,West Bengal,28.4817,74.6788,Insulin,vials,113.3,26,15,5,3
2026-09-05,PHC-025,Malda PHC-1,Malda,West Bengal,28.4817,74.6788,Insulin,vials,112.6,26,24,5,4
2026-09-06,PHC-025,Malda PHC-1,Malda,West Bengal,28.4817,74.6788,Insulin,vials,113.9,26,11,5,3
2026-09-07,PHC-025,Malda PHC-1,Malda,West Bengal,28.4817,74.6788,Insulin,vials,113.7,26,10,5,5
2026-09-08,PHC-025,Malda PHC-1,Malda,West Bengal,28.4817,74.6788,Insulin,vials,114.1,26,19,5,4
2026-09-09,PHC-025,Malda PHC-1,Malda,West Bengal,28.4817,74.6788,Insulin,vials,112.2,26,12,5,3
2026-09-10,PHC-025,Malda PHC-1,Malda,West Bengal,28.4817,74.6788,Insulin,vials,114.4,26,20,5,3
2026-09-11,PHC-025,Malda PHC-1,Malda,West Bengal,28.4817,74.6788,Insulin,vials,113.8,26,12,5,5
2026-09-12,PHC-025,Malda PHC-1,Malda,West Bengal,28.4817,74.6788,Insulin,vials,113.7,26,18,5,2
2026-09-13,PHC-025,Malda PHC-1,Malda,West Bengal,28.4817,74.6788,Insulin,vials,112.8,26,14,5,3
2026-09-14,PHC-025,Malda PHC-1,Malda,West Bengal,28.4817,74.6788,Insulin,vials,113.0,26,16,5,3
2026-09-15,PHC-025,Malda PHC-1,Malda,West Bengal,28.4817,74.6788,Insulin,vials,112.6,26,18,5,4
2026-09-16,PHC-025,Malda PHC-1,Malda,West Bengal,28.4817,74.6788,Insulin,vials,112.0,26,14,5,5
2026-09-17,PHC-025,Malda PHC-1,Malda,West Bengal,28.4817,74.6788,Insulin,vials,111.1,26,19,5,3
2026-09-18,PHC-025,Malda PHC-1,Malda,West Bengal,28.4817,74.6788,Insulin,vials,110.4,26,20,5,3
2026-09-19,PHC-025,Malda PHC-1,Malda,West Bengal,28.4817,74.6788,Insulin,vials,109.4,26,14,5,5
2026-09-20,PHC-025,Malda PHC-1,Malda,West Bengal,28.4817,74.6788,Insulin,vials,112.3,26,14,5,4
2026-09-21,PHC-025,Malda PHC-1,Malda,West Bengal,28.4817,74.6788,Insulin,vials,110.6,26,9,5,3
2026-09-22,PHC-025,Malda PHC-1,Malda,West Bengal,28.4817,74.6788,Insulin,vials,109.7,26,17,5,4
2026-09-23,PHC-025,Malda PHC-1,Malda,West Bengal,28.4817,74.6788,Insulin,vials,110.3,26,17,5,5
2026-09-24,PHC-025,Malda PHC-1,Malda,West Bengal,28.4817,74.6788,Insulin,vials,109.7,26,11,5,3
2026-09-25,PHC-025,Malda PHC-1,Malda,West Bengal,28.4817,74.6788,Insulin,vials,110.0,26,7,5,3
2026-09-26,PHC-025,Malda PHC-1,Malda,West Bengal,28.4817,74.6788,Insulin,vials,110.5,26,21,5,4
2026-08-28,PHC-025,Malda PHC-1,Malda,West Bengal,28.4817,74.6788,Amoxicillin,strips,344.6,26,18,5,5
2026-08-29,PHC-025,Malda PHC-1,Malda,West Bengal,28.4817,74.6788,Amoxicillin,strips,347.9,26,20,5,5
2026-08-30,PHC-025,Malda PHC-1,Malda,West Bengal,28.4817,74.6788,Amoxicillin,strips,343.3,26,10,5,4
2026-08-31,PHC-025,Malda PHC-1,Malda,West Bengal,28.4817,74.6788,Amoxicillin,strips,334.4,26,14,5,5
2026-09-01,PHC-025,Malda PHC-1,Malda,West Bengal,28.4817,74.6788,Amoxicillin,strips,335.0,26,14,5,2
2026-09-02,PHC-025,Malda PHC-1,Malda,West Bengal,28.4817,74.6788,Amoxicillin,strips,335.1,26,17,5,5
2026-09-03,PHC-025,Malda PHC-1,Malda,West Bengal,28.4817,74.6788,Amoxicillin,strips,340.0,26,14,5,2
2026-09-04,PHC-025,Malda PHC-1,Malda,West Bengal,28.4817,74.6788,Amoxicillin,strips,340.6,26,17,5,2
2026-09-05,PHC-025,Malda PHC-1,Malda,West Bengal,28.4817,74.6788,Amoxicillin,strips,343.4,26,14,5,3
2026-09-06,PHC-025,Malda PHC-1,Malda,West Bengal,28.4817,74.6788,Amoxicillin,strips,340.8,26,24,5,3
2026-09-07,PHC-025,Malda PHC-1,Malda,West Bengal,28.4817,74.6788,Amoxicillin,strips,340.3,26,21,5,3
2026-09-08,PHC-025,Malda PHC-1,Malda,West Bengal,28.4817,74.6788,Amoxicillin,strips,342.3,26,18,5,5
2026-09-09,PHC-025,Malda PHC-1,Malda,West Bengal,28.4817,74.6788,Amoxicillin,strips,342.7,26,20,5,3
2026-09-10,PHC-025,Malda PHC-1,Malda,West Bengal,28.4817,74.6788,Amoxicillin,strips,342.1,26,16,5,4
2026-09-11,PHC-025,Malda PHC-1,Malda,West Bengal,28.4817,74.6788,Amoxicillin,strips,340.7,26,16,5,4
2026-09-12,PHC-025,Malda PHC-1,Malda,West Bengal,28.4817,74.6788,Amoxicillin,strips,346.7,26,16,5,3
2026-09-13,PHC-025,Malda PHC-1,Malda,West Bengal,28.4817,74.6788,Amoxicillin,strips,353.8,26,11,5,4
2026-09-14,PHC-025,Malda PHC-1,Malda,West Bengal,28.4817,74.6788,Amoxicillin,strips,352.7,26,11,5,3
2026-09-15,PHC-025,Malda PHC-1,Malda,West Bengal,28.4817,74.6788,Amoxicillin,strips,350.4,26,20,5,4
2026-09-16,PHC-025,Malda PHC-1,Malda,West Bengal,28.4817,74.6788,Amoxicillin,strips,350.9,26,18,5,3
2026-09-17,PHC-025,Malda PHC-1,Malda,West Bengal,28.4817,74.6788,Amoxicillin,strips,344.2,26,20,5,4
2026-09-18,PHC-025,Malda PHC-1,Malda,West Bengal,28.4817,74.6788,Amoxicillin,strips,341.4,26,10,5,2
2026-09-19,PHC-025,Malda PHC-1,Malda,West Bengal,28.4817,74.6788,Amoxicillin,strips,342.8,26,11,5,2
2026-09-20,PHC-025,Malda PHC-1,Malda,West Bengal,28.4817,74.6788,Amoxicillin,strips,340.7,26,14,5,4
2026-09-21,PHC-025,Malda PHC-1,Malda,West Bengal,28.4817,74.6788,Amoxicillin,strips,343.7,26,23,5,2
2026-09-22,PHC-025,Malda PHC-1,Malda,West Bengal,28.4817,74.6788,Amoxicillin,strips,346.8,26,13,5,5
2026-09-23,PHC-025,Malda PHC-1,Malda,West Bengal,28.4817,74.6788,Amoxicillin,strips,355.7,26,19,5,5
2026-09-24,PHC-025,Malda PHC-1,Malda,West Bengal,28.4817,74.6788,Amoxicillin,strips,355.2,26,14,5,2
2026-09-25,PHC-025,Malda PHC-1,Malda,West Bengal,28.4817,74.6788,Amoxicillin,strips,359.6,26,14,5,5
2026-09-26,PHC-025,Malda PHC-1,Malda,West Bengal,28.4817,74.6788,Amoxicillin,strips,350.0,26,19,5,2
2026-08-28,PHC-025,Malda PHC-1,Malda,West Bengal,28.4817,74.6788,Iron Folic Acid Tablets,strips,414.2,26,18,5,4
2026-08-29,PHC-025,Malda PHC-1,Malda,West Bengal,28.4817,74.6788,Iron Folic Acid Tablets,strips,392.0,26,12,5,4
2026-08-30,PHC-025,Malda PHC-1,Malda,West Bengal,28.4817,74.6788,Iron Folic Acid Tablets,strips,368.7,26,21,5,2
2026-08-31,PHC-025,Malda PHC-1,Malda,West Bengal,28.4817,74.6788,Iron Folic Acid Tablets,strips,360.5,26,10,5,3
2026-09-01,PHC-025,Malda PHC-1,Malda,West Bengal,28.4817,74.6788,Iron Folic Acid Tablets,strips,346.9,26,13,5,5
2026-09-02,PHC-025,Malda PHC-1,Malda,West Bengal,28.4817,74.6788,Iron Folic Acid Tablets,strips,332.5,26,13,5,4
2026-09-03,PHC-025,Malda PHC-1,Malda,West Bengal,28.4817,74.6788,Iron Folic Acid Tablets,strips,311.1,26,19,5,2
2026-09-04,PHC-025,Malda PHC-1,Malda,West Bengal,28.4817,74.6788,Iron Folic Acid Tablets,strips,288.3,26,17,5,4
2026-09-05,PHC-025,Malda PHC-1,Malda,West Bengal,28.4817,74.6788,Iron Folic Acid Tablets,strips,267.6,26,18,5,3
2026-09-06,PHC-025,Malda PHC-1,Malda,West Bengal,28.4817,74.6788,Iron Folic Acid Tablets,strips,246.4,26,17,5,2
2026-09-07,PHC-025,Malda PHC-1,Malda,West Bengal,28.4817,74.6788,Iron Folic Acid Tablets,strips,234.3,26,13,5,4
2026-09-08,PHC-025,Malda PHC-1,Malda,West Bengal,28.4817,74.6788,Iron Folic Acid Tablets,strips,218.4,26,11,5,2
2026-09-09,PHC-025,Malda PHC-1,Malda,West Bengal,28.4817,74.6788,Iron Folic Acid Tablets,strips,198.3,26,16,5,4
2026-09-10,PHC-025,Malda PHC-1,Malda,West Bengal,28.4817,74.6788,Iron Folic Acid Tablets,strips,189.9,26,13,5,4
2026-09-11,PHC-025,Malda PHC-1,Malda,West Bengal,28.4817,74.6788,Iron Folic Acid Tablets,strips,180.1,26,14,5,5
2026-09-12,PHC-025,Malda PHC-1,Malda,West Bengal,28.4817,74.6788,Iron Folic Acid Tablets,strips,167.3,26,14,5,3
2026-09-13,PHC-025,Malda PHC-1,Malda,West Bengal,28.4817,74.6788,Iron Folic Acid Tablets,strips,149.8,26,19,5,5
2026-09-14,PHC-025,Malda PHC-1,Malda,West Bengal,28.4817,74.6788,Iron Folic Acid Tablets,strips,135.4,26,10,5,2
2026-09-15,PHC-025,Malda PHC-1,Malda,West Bengal,28.4817,74.6788,Iron Folic Acid Tablets,strips,117.4,26,15,5,5
2026-09-16,PHC-025,Malda PHC-1,Malda,West Bengal,28.4817,74.6788,Iron Folic Acid Tablets,strips,103.4,26,19,5,4
2026-09-17,PHC-025,Malda PHC-1,Malda,West Bengal,28.4817,74.6788,Iron Folic Acid Tablets,strips,88.0,26,7,5,2
2026-09-18,PHC-025,Malda PHC-1,Malda,West Bengal,28.4817,74.6788,Iron Folic Acid Tablets,strips,66.6,26,15,5,5
2026-09-19,PHC-025,Malda PHC-1,Malda,West Bengal,28.4817,74.6788,Iron Folic Acid Tablets,strips,43.3,26,14,5,3
2026-09-20,PHC-025,Malda PHC-1,Malda,West Bengal,28.4817,74.6788,Iron Folic Acid Tablets,strips,26.0,26,18,5,3
2026-09-21,PHC-025,Malda PHC-1,Malda,West Bengal,28.4817,74.6788,Iron Folic Acid Tablets,strips,2.7,26,12,5,5
2026-09-22,PHC-025,Malda PHC-1,Malda,West Bengal,28.4817,74.6788,Iron Folic Acid Tablets,strips,0.0,26,11,5,4
2026-09-23,PHC-025,Malda PHC-1,Malda,West Bengal,28.4817,74.6788,Iron Folic Acid Tablets,strips,0.0,26,14,5,5
2026-09-24,PHC-025,Malda PHC-1,Malda,West Bengal,28.4817,74.6788,Iron Folic Acid Tablets,strips,0.0,26,17,5,4
2026-09-25,PHC-025,Malda PHC-1,Malda,West Bengal,28.4817,74.6788,Iron Folic Acid Tablets,strips,0.0,26,15,5,4
2026-09-26,PHC-025,Malda PHC-1,Malda,West Bengal,28.4817,74.6788,Iron Folic Acid Tablets,strips,0.0,26,16,5,4
2026-08-28,PHC-026,Malda PHC-2,Malda,West Bengal,14.7532,75.8719,Paracetamol,units,468.8,18,11,11,10
2026-08-29,PHC-026,Malda PHC-2,Malda,West Bengal,14.7532,75.8719,Paracetamol,units,457.0,18,12,11,8
2026-08-30,PHC-026,Malda PHC-2,Malda,West Bengal,14.7532,75.8719,Paracetamol,units,453.0,18,10,11,10
2026-08-31,PHC-026,Malda PHC-2,Malda,West Bengal,14.7532,75.8719,Paracetamol,units,458.4,18,15,11,6
2026-09-01,PHC-026,Malda PHC-2,Malda,West Bengal,14.7532,75.8719,Paracetamol,units,452.8,18,12,11,8
2026-09-02,PHC-026,Malda PHC-2,Malda,West Bengal,14.7532,75.8719,Paracetamol,units,451.8,18,11,11,7
2026-09-03,PHC-026,Malda PHC-2,Malda,West Bengal,14.7532,75.8719,Paracetamol,units,451.8,18,14,11,9
2026-09-04,PHC-026,Malda PHC-2,Malda,West Bengal,14.7532,75.8719,Paracetamol,units,436.5,18,13,11,8
2026-09-05,PHC-026,Malda PHC-2,Malda,West Bengal,14.7532,75.8719,Paracetamol,units,423.7,18,6,11,8
2026-09-06,PHC-026,Malda PHC-2,Malda,West Bengal,14.7532,75.8719,Paracetamol,units,420.3,18,11,11,9
2026-09-07,PHC-026,Malda PHC-2,Malda,West Bengal,14.7532,75.8719,Paracetamol,units,409.8,18,11,11,9
2026-09-08,PHC-026,Malda PHC-2,Malda,West Bengal,14.7532,75.8719,Paracetamol,units,410.2,18,12,11,9
2026-09-09,PHC-026,Malda PHC-2,Malda,West Bengal,14.7532,75.8719,Paracetamol,units,397.3,18,8,11,11
2026-09-10,PHC-026,Malda PHC-2,Malda,West Bengal,14.7532,75.8719,Paracetamol,units,399.5,18,14,11,7
2026-09-11,PHC-026,Malda PHC-2,Malda,West Bengal,14.7532,75.8719,Paracetamol,units,402.5,18,9,11,11
2026-09-12,PHC-026,Malda PHC-2,Malda,West Bengal,14.7532,75.8719,Paracetamol,units,391.3,18,11,11,8
2026-09-13,PHC-026,Malda PHC-2,Malda,West Bengal,14.7532,75.8719,Paracetamol,units,394.0,18,9,11,11
2026-09-14,PHC-026,Malda PHC-2,Malda,West Bengal,14.7532,75.8719,Paracetamol,units,389.4,18,10,11,9
2026-09-15,PHC-026,Malda PHC-2,Malda,West Bengal,14.7532,75.8719,Paracetamol,units,388.3,18,10,11,8
2026-09-16,PHC-026,Malda PHC-2,Malda,West Bengal,14.7532,75.8719,Paracetamol,units,389.0,18,5,11,8
2026-09-17,PHC-026,Malda PHC-2,Malda,West Bengal,14.7532,75.8719,Paracetamol,units,379.0,18,6,11,7
2026-09-18,PHC-026,Malda PHC-2,Malda,West Bengal,14.7532,75.8719,Paracetamol,units,377.7,18,10,11,7
2026-09-19,PHC-026,Malda PHC-2,Malda,West Bengal,14.7532,75.8719,Paracetamol,units,379.4,18,10,11,10
2026-09-20,PHC-026,Malda PHC-2,Malda,West Bengal,14.7532,75.8719,Paracetamol,units,377.7,18,5,11,8
2026-09-21,PHC-026,Malda PHC-2,Malda,West Bengal,14.7532,75.8719,Paracetamol,units,373.3,18,7,11,9
2026-09-22,PHC-026,Malda PHC-2,Malda,West Bengal,14.7532,75.8719,Paracetamol,units,370.4,18,10,11,7
2026-09-23,PHC-026,Malda PHC-2,Malda,West Bengal,14.7532,75.8719,Paracetamol,units,374.5,18,12,11,10
2026-09-24,PHC-026,Malda PHC-2,Malda,West Bengal,14.7532,75.8719,Paracetamol,units,373.0,18,15,11,10
2026-09-25,PHC-026,Malda PHC-2,Malda,West Bengal,14.7532,75.8719,Paracetamol,units,376.1,18,9,11,10
2026-09-26,PHC-026,Malda PHC-2,Malda,West Bengal,14.7532,75.8719,Paracetamol,units,368.0,18,11,11,9
2026-08-28,PHC-026,Malda PHC-2,Malda,West Bengal,14.7532,75.8719,ORS Sachets,packets,328.6,18,11,11,9
2026-08-29,PHC-026,Malda PHC-2,Malda,West Bengal,14.7532,75.8719,ORS Sachets,packets,322.1,18,16,11,10
2026-08-30,PHC-026,Malda PHC-2,Malda,West Bengal,14.7532,75.8719,ORS Sachets,packets,315.1,18,11,11,9
2026-08-31,PHC-026,Malda PHC-2,Malda,West Bengal,14.7532,75.8719,ORS Sachets,packets,304.3,18,16,11,8
2026-09-01,PHC-026,Malda PHC-2,Malda,West Bengal,14.7532,75.8719,ORS Sachets,packets,293.9,18,10,11,7
2026-09-02,PHC-026,Malda PHC-2,Malda,West Bengal,14.7532,75.8719,ORS Sachets,packets,286.9,18,9,11,10
2026-09-03,PHC-026,Malda PHC-2,Malda,West Bengal,14.7532,75.8719,ORS Sachets,packets,282.9,18,8,11,11
2026-09-04,PHC-026,Malda PHC-2,Malda,West Bengal,14.7532,75.8719,ORS Sachets,packets,274.6,18,15,11,9
2026-09-05,PHC-026,Malda PHC-2,Malda,West Bengal,14.7532,75.8719,ORS Sachets,packets,265.8,18,12,11,8
2026-09-06,PHC-026,Malda PHC-2,Malda,West Bengal,14.7532,75.8719,ORS Sachets,packets,259.9,18,10,11,7
2026-09-07,PHC-026,Malda PHC-2,Malda,West Bengal,14.7532,75.8719,ORS Sachets,packets,251.0,18,9,11,9
2026-09-08,PHC-026,Malda PHC-2,Malda,West Bengal,14.7532,75.8719,ORS Sachets,packets,245.7,18,14,11,8
2026-09-09,PHC-026,Malda PHC-2,Malda,West Bengal,14.7532,75.8719,ORS Sachets,packets,235.8,18,8,11,8
2026-09-10,PHC-026,Malda PHC-2,Malda,West Bengal,14.7532,75.8719,ORS Sachets,packets,227.3,18,10,11,10
2026-09-11,PHC-026,Malda PHC-2,Malda,West Bengal,14.7532,75.8719,ORS Sachets,packets,221.0,18,7,11,10
2026-09-12,PHC-026,Malda PHC-2,Malda,West Bengal,14.7532,75.8719,ORS Sachets,packets,216.4,18,8,11,10
2026-09-13,PHC-026,Malda PHC-2,Malda,West Bengal,14.7532,75.8719,ORS Sachets,packets,207.3,18,10,11,9
2026-09-14,PHC-026,Malda PHC-2,Malda,West Bengal,14.7532,75.8719,ORS Sachets,packets,199.4,18,12,11,9
2026-09-15,PHC-026,Malda PHC-2,Malda,West Bengal,14.7532,75.8719,ORS Sachets,packets,189.3,18,5,11,9
2026-09-16,PHC-026,Malda PHC-2,Malda,West Bengal,14.7532,75.8719,ORS Sachets,packets,183.0,18,12,11,9
2026-09-17,PHC-026,Malda PHC-2,Malda,West Bengal,14.7532,75.8719,ORS Sachets,packets,173.8,18,13,11,9
2026-09-18,PHC-026,Malda PHC-2,Malda,West Bengal,14.7532,75.8719,ORS Sachets,packets,166.7,18,10,11,11
2026-09-19,PHC-026,Malda PHC-2,Malda,West Bengal,14.7532,75.8719,ORS Sachets,packets,162.5,18,9,11,7
2026-09-20,PHC-026,Malda PHC-2,Malda,West Bengal,14.7532,75.8719,ORS Sachets,packets,152.8,18,9,11,8
2026-09-21,PHC-026,Malda PHC-2,Malda,West Bengal,14.7532,75.8719,ORS Sachets,packets,146.0,18,10,11,9
2026-09-22,PHC-026,Malda PHC-2,Malda,West Bengal,14.7532,75.8719,ORS Sachets,packets,141.2,18,4,11,9
2026-09-23,PHC-026,Malda PHC-2,Malda,West Bengal,14.7532,75.8719,ORS Sachets,packets,132.5,18,13,11,11
2026-09-24,PHC-026,Malda PHC-2,Malda,West Bengal,14.7532,75.8719,ORS Sachets,packets,122.7,18,14,11,9
2026-09-25,PHC-026,Malda PHC-2,Malda,West Bengal,14.7532,75.8719,ORS Sachets,packets,116.9,18,9,11,6
2026-09-26,PHC-026,Malda PHC-2,Malda,West Bengal,14.7532,75.8719,ORS Sachets,packets,110.9,18,15,11,9
2026-08-28,PHC-026,Malda PHC-2,Malda,West Bengal,14.7532,75.8719,Insulin,vials,133.0,18,17,11,8
2026-08-29,PHC-026,Malda PHC-2,Malda,West Bengal,14.7532,75.8719,Insulin,vials,134.0,18,8,11,8
2026-08-30,PHC-026,Malda PHC-2,Malda,West Bengal,14.7532,75.8719,Insulin,vials,133.2,18,13,11,9
2026-08-31,PHC-026,Malda PHC-2,Malda,West Bengal,14.7532,75.8719,Insulin,vials,130.9,18,12,11,9
2026-09-01,PHC-026,Malda PHC-2,Malda,West Bengal,14.7532,75.8719,Insulin,vials,131.4,18,9,11,8
2026-09-02,PHC-026,Malda PHC-2,Malda,West Bengal,14.7532,75.8719,Insulin,vials,131.1,18,16,11,10
2026-09-03,PHC-026,Malda PHC-2,Malda,West Bengal,14.7532,75.8719,Insulin,vials,132.5,18,9,11,9
2026-09-04,PHC-026,Malda PHC-2,Malda,West Bengal,14.7532,75.8719,Insulin,vials,130.4,18,10,11,8
2026-09-05,PHC-026,Malda PHC-2,Malda,West Bengal,14.7532,75.8719,Insulin,vials,130.6,18,10,11,9
2026-09-06,PHC-026,Malda PHC-2,Malda,West Bengal,14.7532,75.8719,Insulin,vials,130.9,18,10,11,9
2026-09-07,PHC-026,Malda PHC-2,Malda,West Bengal,14.7532,75.8719,Insulin,vials,131.1,18,9,11,7
2026-09-08,PHC-026,Malda PHC-2,Malda,West Bengal,14.7532,75.8719,Insulin,vials,130.5,18,10,11,8
2026-09-09,PHC-026,Malda PHC-2,Malda,West Bengal,14.7532,75.8719,Insulin,vials,129.7,18,8,11,10
2026-09-10,PHC-026,Malda PHC-2,Malda,West Bengal,14.7532,75.8719,Insulin,vials,128.7,18,11,11,7
2026-09-11,PHC-026,Malda PHC-2,Malda,West Bengal,14.7532,75.8719,Insulin,vials,128.4,18,13,11,8
2026-09-12,PHC-026,Malda PHC-2,Malda,West Bengal,14.7532,75.8719,Insulin,vials,128.4,18,10,11,8
2026-09-13,PHC-026,Malda PHC-2,Malda,West Bengal,14.7532,75.8719,Insulin,vials,128.0,18,11,11,8
2026-09-14,PHC-026,Malda PHC-2,Malda,West Bengal,14.7532,75.8719,Insulin,vials,129.1,18,15,11,8
2026-09-15,PHC-026,Malda PHC-2,Malda,West Bengal,14.7532,75.8719,Insulin,vials,129.6,18,13,11,9
2026-09-16,PHC-026,Malda PHC-2,Malda,West Bengal,14.7532,75.8719,Insulin,vials,130.5,18,13,11,11
2026-09-17,PHC-026,Malda PHC-2,Malda,West Bengal,14.7532,75.8719,Insulin,vials,130.4,18,4,11,7
2026-09-18,PHC-026,Malda PHC-2,Malda,West Bengal,14.7532,75.8719,Insulin,vials,129.6,18,12,11,7
2026-09-19,PHC-026,Malda PHC-2,Malda,West Bengal,14.7532,75.8719,Insulin,vials,129.3,18,14,11,8
2026-09-20,PHC-026,Malda PHC-2,Malda,West Bengal,14.7532,75.8719,Insulin,vials,129.6,18,13,11,10
2026-09-21,PHC-026,Malda PHC-2,Malda,West Bengal,14.7532,75.8719,Insulin,vials,127.7,18,10,11,9
2026-09-22,PHC-026,Malda PHC-2,Malda,West Bengal,14.7532,75.8719,Insulin,vials,127.2,18,13,11,9
2026-09-23,PHC-026,Malda PHC-2,Malda,West Bengal,14.7532,75.8719,Insulin,vials,126.7,18,16,11,10
2026-09-24,PHC-026,Malda PHC-2,Malda,West Bengal,14.7532,75.8719,Insulin,vials,125.5,18,8,11,8
2026-09-25,PHC-026,Malda PHC-2,Malda,West Bengal,14.7532,75.8719,Insulin,vials,125.3,18,9,11,8
2026-09-26,PHC-026,Malda PHC-2,Malda,West Bengal,14.7532,75.8719,Insulin,vials,125.1,18,13,11,7
2026-08-28,PHC-026,Malda PHC-2,Malda,West Bengal,14.7532,75.8719,Amoxicillin,strips,434.9,18,9,11,10
2026-08-29,PHC-026,Malda PHC-2,Malda,West Bengal,14.7532,75.8719,Amoxicillin,strips,440.9,18,10,11,8
2026-08-30,PHC-026,Malda PHC-2,Malda,West Bengal,14.7532,75.8719,Amoxicillin,strips,446.8,18,10,11,7
2026-08-31,PHC-026,Malda PHC-2,Malda,West Bengal,14.7532,75.8719,Amoxicillin,strips,448.9,18,13,11,11
2026-09-01,PHC-026,Malda PHC-2,Malda,West Bengal,14.7532,75.8719,Amoxicillin,strips,452.4,18,13,11,9
2026-09-02,PHC-026,Malda PHC-2,Malda,West Bengal,14.7532,75.8719,Amoxicillin,strips,456.2,18,5,11,11
2026-09-03,PHC-026,Malda PHC-2,Malda,West Bengal,14.7532,75.8719,Amoxicillin,strips,460.5,18,14,11,9
2026-09-04,PHC-026,Malda PHC-2,Malda,West Bengal,14.7532,75.8719,Amoxicillin,strips,463.5,18,11,11,11
2026-09-05,PHC-026,Malda PHC-2,Malda,West Bengal,14.7532,75.8719,Amoxicillin,strips,469.0,18,9,11,8
2026-09-06,PHC-026,Malda PHC-2,Malda,West Bengal,14.7532,75.8719,Amoxicillin,strips,473.5,18,10,11,10
2026-09-07,PHC-026,Malda PHC-2,Malda,West Bengal,14.7532,75.8719,Amoxicillin,strips,478.6,18,6,11,9
2026-09-08,PHC-026,Malda PHC-2,Malda,West Bengal,14.7532,75.8719,Amoxicillin,strips,482.3,18,10,11,9
2026-09-09,PHC-026,Malda PHC-2,Malda,West Bengal,14.7532,75.8719,Amoxicillin,strips,485.8,18,13,11,8
2026-09-10,PHC-026,Malda PHC-2,Malda,West Bengal,14.7532,75.8719,Amoxicillin,strips,488.8,18,11,11,9
2026-09-11,PHC-026,Malda PHC-2,Malda,West Bengal,14.7532,75.8719,Amoxicillin,strips,493.0,18,6,11,9
2026-09-12,PHC-026,Malda PHC-2,Malda,West Bengal,14.7532,75.8719,Amoxicillin,strips,497.9,18,6,11,9
2026-09-13,PHC-026,Malda PHC-2,Malda,West Bengal,14.7532,75.8719,Amoxicillin,strips,501.5,18,11,11,8
2026-09-14,PHC-026,Malda PHC-2,Malda,West Bengal,14.7532,75.8719,Amoxicillin,strips,505.4,18,7,11,10
2026-09-15,PHC-026,Malda PHC-2,Malda,West Bengal,14.7532,75.8719,Amoxicillin,strips,511.0,18,9,11,11
2026-09-16,PHC-026,Malda PHC-2,Malda,West Bengal,14.7532,75.8719,Amoxicillin,strips,514.3,18,11,11,10
2026-09-17,PHC-026,Malda PHC-2,Malda,West Bengal,14.7532,75.8719,Amoxicillin,strips,519.2,18,7,11,8
2026-09-18,PHC-026,Malda PHC-2,Malda,West Bengal,14.7532,75.8719,Amoxicillin,strips,522.3,18,16,11,8
2026-09-19,PHC-026,Malda PHC-2,Malda,West Bengal,14.7532,75.8719,Amoxicillin,strips,526.0,18,11,11,10
2026-09-20,PHC-026,Malda PHC-2,Malda,West Bengal,14.7532,75.8719,Amoxicillin,strips,531.4,18,8,11,8
2026-09-21,PHC-026,Malda PHC-2,Malda,West Bengal,14.7532,75.8719,Amoxicillin,strips,534.9,18,14,11,9
2026-09-22,PHC-026,Malda PHC-2,Malda,West Bengal,14.7532,75.8719,Amoxicillin,strips,538.4,18,8,11,11
2026-09-23,PHC-026,Malda PHC-2,Malda,West Bengal,14.7532,75.8719,Amoxicillin,strips,541.1,18,13,11,9
2026-09-24,PHC-026,Malda PHC-2,Malda,West Bengal,14.7532,75.8719,Amoxicillin,strips,544.6,18,6,11,6
2026-09-25,PHC-026,Malda PHC-2,Malda,West Bengal,14.7532,75.8719,Amoxicillin,strips,550.4,18,11,11,9
2026-09-26,PHC-026,Malda PHC-2,Malda,West Bengal,14.7532,75.8719,Amoxicillin,strips,555.4,18,8,11,10
2026-08-28,PHC-026,Malda PHC-2,Malda,West Bengal,14.7532,75.8719,Iron Folic Acid Tablets,strips,633.2,18,10,11,11
2026-08-29,PHC-026,Malda PHC-2,Malda,West Bengal,14.7532,75.8719,Iron Folic Acid Tablets,strips,640.1,18,11,11,9
2026-08-30,PHC-026,Malda PHC-2,Malda,West Bengal,14.7532,75.8719,Iron Folic Acid Tablets,strips,642.2,18,10,11,11
2026-08-31,PHC-026,Malda PHC-2,Malda,West Bengal,14.7532,75.8719,Iron Folic Acid Tablets,strips,649.4,18,0,11,9
2026-09-01,PHC-026,Malda PHC-2,Malda,West Bengal,14.7532,75.8719,Iron Folic Acid Tablets,strips,649.3,18,12,11,9
2026-09-02,PHC-026,Malda PHC-2,Malda,West Bengal,14.7532,75.8719,Iron Folic Acid Tablets,strips,647.0,18,14,11,10
2026-09-03,PHC-026,Malda PHC-2,Malda,West Bengal,14.7532,75.8719,Iron Folic Acid Tablets,strips,651.1,18,13,11,10
2026-09-04,PHC-026,Malda PHC-2,Malda,West Bengal,14.7532,75.8719,Iron Folic Acid Tablets,strips,658.7,18,11,11,11
2026-09-05,PHC-026,Malda PHC-2,Malda,West Bengal,14.7532,75.8719,Iron Folic Acid Tablets,strips,653.2,18,17,11,6
2026-09-06,PHC-026,Malda PHC-2,Malda,West Bengal,14.7532,75.8719,Iron Folic Acid Tablets,strips,649.4,18,15,11,9
2026-09-07,PHC-026,Malda PHC-2,Malda,West Bengal,14.7532,75.8719,Iron Folic Acid Tablets,strips,647.5,18,8,11,8
2026-09-08,PHC-026,Malda PHC-2,Malda,West Bengal,14.7532,75.8719,Iron Folic Acid Tablets,strips,643.5,18,11,11,9
2026-09-09,PHC-026,Malda PHC-2,Malda,West Bengal,14.7532,75.8719,Iron Folic Acid Tablets,strips,635.2,18,11,11,9
2026-09-10,PHC-026,Malda PHC-2,Malda,West Bengal,14.7532,75.8719,Iron Folic Acid Tablets,strips,639.7,18,15,11,10
2026-09-11,PHC-026,Malda PHC-2,Malda,West Bengal,14.7532,75.8719,Iron Folic Acid Tablets,strips,662.4,18,6,11,6
2026-09-12,PHC-026,Malda PHC-2,Malda,West Bengal,14.7532,75.8719,Iron Folic Acid Tablets,strips,664.7,18,10,11,10
2026-09-13,PHC-026,Malda PHC-2,Malda,West Bengal,14.7532,75.8719,Iron Folic Acid Tablets,strips,659.9,18,9,11,9
2026-09-14,PHC-026,Malda PHC-2,Malda,West Bengal,14.7532,75.8719,Iron Folic Acid Tablets,strips,657.4,18,10,11,10
2026-09-15,PHC-026,Malda PHC-2,Malda,West Bengal,14.7532,75.8719,Iron Folic Acid Tablets,strips,662.6,18,8,11,7
2026-09-16,PHC-026,Malda PHC-2,Malda,West Bengal,14.7532,75.8719,Iron Folic Acid Tablets,strips,664.8,18,8,11,10
2026-09-17,PHC-026,Malda PHC-2,Malda,West Bengal,14.7532,75.8719,Iron Folic Acid Tablets,strips,660.1,18,14,11,6
2026-09-18,PHC-026,Malda PHC-2,Malda,West Bengal,14.7532,75.8719,Iron Folic Acid Tablets,strips,653.9,18,13,11,8
2026-09-19,PHC-026,Malda PHC-2,Malda,West Bengal,14.7532,75.8719,Iron Folic Acid Tablets,strips,647.8,18,10,11,11
2026-09-20,PHC-026,Malda PHC-2,Malda,West Bengal,14.7532,75.8719,Iron Folic Acid Tablets,strips,657.5,18,9,11,11
2026-09-21,PHC-026,Malda PHC-2,Malda,West Bengal,14.7532,75.8719,Iron Folic Acid Tablets,strips,655.8,18,9,11,11
2026-09-22,PHC-026,Malda PHC-2,Malda,West Bengal,14.7532,75.8719,Iron Folic Acid Tablets,strips,648.5,18,7,11,8
2026-09-23,PHC-026,Malda PHC-2,Malda,West Bengal,14.7532,75.8719,Iron Folic Acid Tablets,strips,652.5,18,9,11,8
2026-09-24,PHC-026,Malda PHC-2,Malda,West Bengal,14.7532,75.8719,Iron Folic Acid Tablets,strips,646.1,18,12,11,9
2026-09-25,PHC-026,Malda PHC-2,Malda,West Bengal,14.7532,75.8719,Iron Folic Acid Tablets,strips,649.5,18,11,11,9
2026-09-26,PHC-026,Malda PHC-2,Malda,West Bengal,14.7532,75.8719,Iron Folic Acid Tablets,strips,652.5,18,13,11,9
2026-08-28,PHC-027,Malda PHC-3,Malda,West Bengal,21.3688,85.678,Paracetamol,units,655.8,29,16,11,10
2026-08-29,PHC-027,Malda PHC-3,Malda,West Bengal,21.3688,85.678,Paracetamol,units,662.1,29,12,11,10
2026-08-30,PHC-027,Malda PHC-3,Malda,West Bengal,21.3688,85.678,Paracetamol,units,665.7,29,18,11,8
2026-08-31,PHC-027,Malda PHC-3,Malda,West Bengal,21.3688,85.678,Paracetamol,units,668.7,29,18,11,8
2026-09-01,PHC-027,Malda PHC-3,Malda,West Bengal,21.3688,85.678,Paracetamol,units,672.8,29,17,11,8
2026-09-02,PHC-027,Malda PHC-3,Malda,West Bengal,21.3688,85.678,Paracetamol,units,678.9,29,18,11,10
2026-09-03,PHC-027,Malda PHC-3,Malda,West Bengal,21.3688,85.678,Paracetamol,units,683.0,29,23,11,10
2026-09-04,PHC-027,Malda PHC-3,Malda,West Bengal,21.3688,85.678,Paracetamol,units,687.6,29,11,11,9
2026-09-05,PHC-027,Malda PHC-3,Malda,West Bengal,21.3688,85.678,Paracetamol,units,691.8,29,18,11,5
2026-09-06,PHC-027,Malda PHC-3,Malda,West Bengal,21.3688,85.678,Paracetamol,units,698.9,29,21,11,8
2026-09-07,PHC-027,Malda PHC-3,Malda,West Bengal,21.3688,85.678,Paracetamol,units,702.4,29,20,11,8
2026-09-08,PHC-027,Malda PHC-3,Malda,West Bengal,21.3688,85.678,Paracetamol,units,709.6,29,11,11,9
2026-09-09,PHC-027,Malda PHC-3,Malda,West Bengal,21.3688,85.678,Paracetamol,units,712.2,29,13,11,9
2026-09-10,PHC-027,Malda PHC-3,Malda,West Bengal,21.3688,85.678,Paracetamol,units,718.8,29,22,11,10
2026-09-11,PHC-027,Malda PHC-3,Malda,West Bengal,21.3688,85.678,Paracetamol,units,724.3,29,11,11,9
2026-09-12,PHC-027,Malda PHC-3,Malda,West Bengal,21.3688,85.678,Paracetamol,units,726.8,29,15,11,11
2026-09-13,PHC-027,Malda PHC-3,Malda,West Bengal,21.3688,85.678,Paracetamol,units,729.4,29,19,11,10
2026-09-14,PHC-027,Malda PHC-3,Malda,West Bengal,21.3688,85.678,Paracetamol,units,731.9,29,28,11,8
2026-09-15,PHC-027,Malda PHC-3,Malda,West Bengal,21.3688,85.678,Paracetamol,units,738.6,29,13,11,11
2026-09-16,PHC-027,Malda PHC-3,Malda,West Bengal,21.3688,85.678,Paracetamol,units,742.1,29,15,11,8
2026-09-17,PHC-027,Malda PHC-3,Malda,West Bengal,21.3688,85.678,Paracetamol,units,747.7,29,18,11,11
2026-09-18,PHC-027,Malda PHC-3,Malda,West Bengal,21.3688,85.678,Paracetamol,units,753.4,29,19,11,9
2026-09-19,PHC-027,Malda PHC-3,Malda,West Bengal,21.3688,85.678,Paracetamol,units,759.9,29,16,11,7
2026-09-20,PHC-027,Malda PHC-3,Malda,West Bengal,21.3688,85.678,Paracetamol,units,764.4,29,20,11,10
2026-09-21,PHC-027,Malda PHC-3,Malda,West Bengal,21.3688,85.678,Paracetamol,units,767.8,29,16,11,11
2026-09-22,PHC-027,Malda PHC-3,Malda,West Bengal,21.3688,85.678,Paracetamol,units,772.5,29,23,11,11
2026-09-23,PHC-027,Malda PHC-3,Malda,West Bengal,21.3688,85.678,Paracetamol,units,778.5,29,18,11,9
2026-09-24,PHC-027,Malda PHC-3,Malda,West Bengal,21.3688,85.678,Paracetamol,units,783.8,29,12,11,7
2026-09-25,PHC-027,Malda PHC-3,Malda,West Bengal,21.3688,85.678,Paracetamol,units,788.2,29,16,11,8
2026-09-26,PHC-027,Malda PHC-3,Malda,West Bengal,21.3688,85.678,Paracetamol,units,793.7,29,18,11,9
2026-08-28,PHC-027,Malda PHC-3,Malda,West Bengal,21.3688,85.678,ORS Sachets,packets,194.5,29,14,11,10
2026-08-29,PHC-027,Malda PHC-3,Malda,West Bengal,21.3688,85.678,ORS Sachets,packets,185.7,29,16,11,8
2026-08-30,PHC-027,Malda PHC-3,Malda,West Bengal,21.3688,85.678,ORS Sachets,packets,178.1,29,16,11,10
2026-08-31,PHC-027,Malda PHC-3,Malda,West Bengal,21.3688,85.678,ORS Sachets,packets,170.9,29,25,11,10
2026-09-01,PHC-027,Malda PHC-3,Malda,West Bengal,21.3688,85.678,ORS Sachets,packets,165.6,29,16,11,8
2026-09-02,PHC-027,Malda PHC-3,Malda,West Bengal,21.3688,85.678,ORS Sachets,packets,154.3,29,14,11,6
2026-09-03,PHC-027,Malda PHC-3,Malda,West Bengal,21.3688,85.678,ORS Sachets,packets,144.7,29,24,11,9
2026-09-04,PHC-027,Malda PHC-3,Malda,West Bengal,21.3688,85.678,ORS Sachets,packets,136.3,29,19,11,7
2026-09-05,PHC-027,Malda PHC-3,Malda,West Bengal,21.3688,85.678,ORS Sachets,packets,129.8,29,22,11,9
2026-09-06,PHC-027,Malda PHC-3,Malda,West Bengal,21.3688,85.678,ORS Sachets,packets,123.5,29,15,11,10
2026-09-07,PHC-027,Malda PHC-3,Malda,West Bengal,21.3688,85.678,ORS Sachets,packets,118.0,29,11,11,11
2026-09-08,PHC-027,Malda PHC-3,Malda,West Bengal,21.3688,85.678,ORS Sachets,packets,113.5,29,16,11,8
2026-09-09,PHC-027,Malda PHC-3,Malda,West Bengal,21.3688,85.678,ORS Sachets,packets,108.7,29,15,11,10
2026-09-10,PHC-027,Malda PHC-3,Malda,West Bengal,21.3688,85.678,ORS Sachets,packets,102.1,29,15,11,8
2026-09-11,PHC-027,Malda PHC-3,Malda,West Bengal,21.3688,85.678,ORS Sachets,packets,95.8,29,19,11,9
2026-09-12,PHC-027,Malda PHC-3,Malda,West Bengal,21.3688,85.678,ORS Sachets,packets,89.3,29,16,11,9
2026-09-13,PHC-027,Malda PHC-3,Malda,West Bengal,21.3688,85.678,ORS Sachets,packets,78.5,29,22,11,11
2026-09-14,PHC-027,Malda PHC-3,Malda,West Bengal,21.3688,85.678,ORS Sachets,packets,74.5,29,17,11,9
2026-09-15,PHC-027,Malda PHC-3,Malda,West Bengal,21.3688,85.678,ORS Sachets,packets,69.9,29,20,11,9
2026-09-16,PHC-027,Malda PHC-3,Malda,West Bengal,21.3688,85.678,ORS Sachets,packets,64.9,29,21,11,9
2026-09-17,PHC-027,Malda PHC-3,Malda,West Bengal,21.3688,85.678,ORS Sachets,packets,57.4,29,18,11,9
2026-09-18,PHC-027,Malda PHC-3,Malda,West Bengal,21.3688,85.678,ORS Sachets,packets,46.0,29,21,11,9
2026-09-19,PHC-027,Malda PHC-3,Malda,West Bengal,21.3688,85.678,ORS Sachets,packets,36.0,29,17,11,9
2026-09-20,PHC-027,Malda PHC-3,Malda,West Bengal,21.3688,85.678,ORS Sachets,packets,24.8,29,18,11,9
2026-09-21,PHC-027,Malda PHC-3,Malda,West Bengal,21.3688,85.678,ORS Sachets,packets,18.3,29,14,11,11
2026-09-22,PHC-027,Malda PHC-3,Malda,West Bengal,21.3688,85.678,ORS Sachets,packets,13.0,29,12,11,9
2026-09-23,PHC-027,Malda PHC-3,Malda,West Bengal,21.3688,85.678,ORS Sachets,packets,4.3,29,15,11,7
2026-09-24,PHC-027,Malda PHC-3,Malda,West Bengal,21.3688,85.678,ORS Sachets,packets,0.0,29,19,11,7
2026-09-25,PHC-027,Malda PHC-3,Malda,West Bengal,21.3688,85.678,ORS Sachets,packets,0.0,29,19,11,9
2026-09-26,PHC-027,Malda PHC-3,Malda,West Bengal,21.3688,85.678,ORS Sachets,packets,0.0,29,15,11,7
2026-08-28,PHC-027,Malda PHC-3,Malda,West Bengal,21.3688,85.678,Insulin,vials,108.9,29,18,11,9
2026-08-29,PHC-027,Malda PHC-3,Malda,West Bengal,21.3688,85.678,Insulin,vials,101.5,29,8,11,9
2026-08-30,PHC-027,Malda PHC-3,Malda,West Bengal,21.3688,85.678,Insulin,vials,97.7,29,15,11,8
2026-08-31,PHC-027,Malda PHC-3,Malda,West Bengal,21.3688,85.678,Insulin,vials,93.9,29,19,11,9
2026-09-01,PHC-027,Malda PHC-3,Malda,West Bengal,21.3688,85.678,Insulin,vials,86.5,29,20,11,9
2026-09-02,PHC-027,Malda PHC-3,Malda,West Bengal,21.3688,85.678,Insulin,vials,81.6,29,17,11,9
2026-09-03,PHC-027,Malda PHC-3,Malda,West Bengal,21.3688,85.678,Insulin,vials,74.5,29,13,11,9
2026-09-04,PHC-027,Malda PHC-3,Malda,West Bengal,21.3688,85.678,Insulin,vials,70.9,29,18,11,8
2026-09-05,PHC-027,Malda PHC-3,Malda,West Bengal,21.3688,85.678,Insulin,vials,64.3,29,7,11,11
2026-09-06,PHC-027,Malda PHC-3,Malda,West Bengal,21.3688,85.678,Insulin,vials,58.8,29,14,11,9
2026-09-07,PHC-027,Malda PHC-3,Malda,West Bengal,21.3688,85.678,Insulin,vials,52.4,29,15,11,8
2026-09-08,PHC-027,Malda PHC-3,Malda,West Bengal,21.3688,85.678,Insulin,vials,48.1,29,8,11,7
2026-09-09,PHC-027,Malda PHC-3,Malda,West Bengal,21.3688,85.678,Insulin,vials,44.4,29,16,11,10
2026-09-10,PHC-027,Malda PHC-3,Malda,West Bengal,21.3688,85.678,Insulin,vials,39.3,29,19,11,10
2026-09-11,PHC-027,Malda PHC-3,Malda,West Bengal,21.3688,85.678,Insulin,vials,31.1,29,16,11,9
2026-09-12,PHC-027,Malda PHC-3,Malda,West Bengal,21.3688,85.678,Insulin,vials,27.2,29,22,11,11
2026-09-13,PHC-027,Malda PHC-3,Malda,West Bengal,21.3688,85.678,Insulin,vials,19.9,29,8,11,8
2026-09-14,PHC-027,Malda PHC-3,Malda,West Bengal,21.3688,85.678,Insulin,vials,16.2,29,19,11,7
2026-09-15,PHC-027,Malda PHC-3,Malda,West Bengal,21.3688,85.678,Insulin,vials,11.2,29,23,11,8
2026-09-16,PHC-027,Malda PHC-3,Malda,West Bengal,21.3688,85.678,Insulin,vials,4.4,29,12,11,9
2026-09-17,PHC-027,Malda PHC-3,Malda,West Bengal,21.3688,85.678,Insulin,vials,0.0,29,18,11,8
2026-09-18,PHC-027,Malda PHC-3,Malda,West Bengal,21.3688,85.678,Insulin,vials,0.0,29,23,11,9
2026-09-19,PHC-027,Malda PHC-3,Malda,West Bengal,21.3688,85.678,Insulin,vials,0.0,29,15,11,11
2026-09-20,PHC-027,Malda PHC-3,Malda,West Bengal,21.3688,85.678,Insulin,vials,0.0,29,22,11,8
2026-09-21,PHC-027,Malda PHC-3,Malda,West Bengal,21.3688,85.678,Insulin,vials,0.0,29,19,11,8
2026-09-22,PHC-027,Malda PHC-3,Malda,West Bengal,21.3688,85.678,Insulin,vials,0.0,29,14,11,9
2026-09-23,PHC-027,Malda PHC-3,Malda,West Bengal,21.3688,85.678,Insulin,vials,0.0,29,19,11,9
2026-09-24,PHC-027,Malda PHC-3,Malda,West Bengal,21.3688,85.678,Insulin,vials,0.0,29,19,11,8
2026-09-25,PHC-027,Malda PHC-3,Malda,West Bengal,21.3688,85.678,Insulin,vials,0.0,29,19,11,10
2026-09-26,PHC-027,Malda PHC-3,Malda,West Bengal,21.3688,85.678,Insulin,vials,0.0,29,14,11,9
2026-08-28,PHC-027,Malda PHC-3,Malda,West Bengal,21.3688,85.678,Amoxicillin,strips,512.9,29,13,11,10
2026-08-29,PHC-027,Malda PHC-3,Malda,West Bengal,21.3688,85.678,Amoxicillin,strips,509.5,29,20,11,9
2026-08-30,PHC-027,Malda PHC-3,Malda,West Bengal,21.3688,85.678,Amoxicillin,strips,508.8,29,17,11,8
2026-08-31,PHC-027,Malda PHC-3,Malda,West Bengal,21.3688,85.678,Amoxicillin,strips,500.5,29,5,11,8
2026-09-01,PHC-027,Malda PHC-3,Malda,West Bengal,21.3688,85.678,Amoxicillin,strips,482.3,29,13,11,7
2026-09-02,PHC-027,Malda PHC-3,Malda,West Bengal,21.3688,85.678,Amoxicillin,strips,493.2,29,16,11,9
2026-09-03,PHC-027,Malda PHC-3,Malda,West Bengal,21.3688,85.678,Amoxicillin,strips,493.3,29,16,11,10
2026-09-04,PHC-027,Malda PHC-3,Malda,West Bengal,21.3688,85.678,Amoxicillin,strips,495.0,29,16,11,8
2026-09-05,PHC-027,Malda PHC-3,Malda,West Bengal,21.3688,85.678,Amoxicillin,strips,493.5,29,22,11,8
2026-09-06,PHC-027,Malda PHC-3,Malda,West Bengal,21.3688,85.678,Amoxicillin,strips,495.0,29,13,11,9
2026-09-07,PHC-027,Malda PHC-3,Malda,West Bengal,21.3688,85.678,Amoxicillin,strips,495.2,29,15,11,9
2026-09-08,PHC-027,Malda PHC-3,Malda,West Bengal,21.3688,85.678,Amoxicillin,strips,496.7,29,12,11,8
2026-09-09,PHC-027,Malda PHC-3,Malda,West Bengal,21.3688,85.678,Amoxicillin,strips,498.2,29,14,11,11
2026-09-10,PHC-027,Malda PHC-3,Malda,West Bengal,21.3688,85.678,Amoxicillin,strips,496.0,29,14,11,9
2026-09-11,PHC-027,Malda PHC-3,Malda,West Bengal,21.3688,85.678,Amoxicillin,strips,502.5,29,21,11,9
2026-09-12,PHC-027,Malda PHC-3,Malda,West Bengal,21.3688,85.678,Amoxicillin,strips,504.4,29,17,11,9
2026-09-13,PHC-027,Malda PHC-3,Malda,West Bengal,21.3688,85.678,Amoxicillin,strips,505.5,29,14,11,8
2026-09-14,PHC-027,Malda PHC-3,Malda,West Bengal,21.3688,85.678,Amoxicillin,strips,502.9,29,10,11,10
2026-09-15,PHC-027,Malda PHC-3,Malda,West Bengal,21.3688,85.678,Amoxicillin,strips,500.1,29,16,11,9
2026-09-16,PHC-027,Malda PHC-3,Malda,West Bengal,21.3688,85.678,Amoxicillin,strips,495.7,29,11,11,9
2026-09-17,PHC-027,Malda PHC-3,Malda,West Bengal,21.3688,85.678,Amoxicillin,strips,494.5,29,15,11,9
2026-09-18,PHC-027,Malda PHC-3,Malda,West Bengal,21.3688,85.678,Amoxicillin,strips,499.4,29,10,11,10
2026-09-19,PHC-027,Malda PHC-3,Malda,West Bengal,21.3688,85.678,Amoxicillin,strips,503.6,29,8,11,11
2026-09-20,PHC-027,Malda PHC-3,Malda,West Bengal,21.3688,85.678,Amoxicillin,strips,509.5,29,22,11,8
2026-09-21,PHC-027,Malda PHC-3,Malda,West Bengal,21.3688,85.678,Amoxicillin,strips,505.2,29,20,11,8
2026-09-22,PHC-027,Malda PHC-3,Malda,West Bengal,21.3688,85.678,Amoxicillin,strips,508.0,29,13,11,8
2026-09-23,PHC-027,Malda PHC-3,Malda,West Bengal,21.3688,85.678,Amoxicillin,strips,505.0,29,15,11,11
2026-09-24,PHC-027,Malda PHC-3,Malda,West Bengal,21.3688,85.678,Amoxicillin,strips,503.2,29,16,11,9
2026-09-25,PHC-027,Malda PHC-3,Malda,West Bengal,21.3688,85.678,Amoxicillin,strips,504.4,29,18,11,7
2026-09-26,PHC-027,Malda PHC-3,Malda,West Bengal,21.3688,85.678,Amoxicillin,strips,511.5,29,13,11,8
2026-08-28,PHC-027,Malda PHC-3,Malda,West Bengal,21.3688,85.678,Iron Folic Acid Tablets,strips,771.9,29,15,11,11
2026-08-29,PHC-027,Malda PHC-3,Malda,West Bengal,21.3688,85.678,Iron Folic Acid Tablets,strips,780.8,29,16,11,10
2026-08-30,PHC-027,Malda PHC-3,Malda,West Bengal,21.3688,85.678,Iron Folic Acid Tablets,strips,785.8,29,18,11,10
2026-08-31,PHC-027,Malda PHC-3,Malda,West Bengal,21.3688,85.678,Iron Folic Acid Tablets,strips,789.1,29,11,11,7
2026-09-01,PHC-027,Malda PHC-3,Malda,West Bengal,21.3688,85.678,Iron Folic Acid Tablets,strips,794.5,29,19,11,10
2026-09-02,PHC-027,Malda PHC-3,Malda,West Bengal,21.3688,85.678,Iron Folic Acid Tablets,strips,800.7,29,11,11,6
2026-09-03,PHC-027,Malda PHC-3,Malda,West Bengal,21.3688,85.678,Iron Folic Acid Tablets,strips,809.6,29,19,11,9
2026-09-04,PHC-027,Malda PHC-3,Malda,West Bengal,21.3688,85.678,Iron Folic Acid Tablets,strips,815.9,29,11,11,8
2026-09-05,PHC-027,Malda PHC-3,Malda,West Bengal,21.3688,85.678,Iron Folic Acid Tablets,strips,820.2,29,20,11,8
2026-09-06,PHC-027,Malda PHC-3,Malda,West Bengal,21.3688,85.678,Iron Folic Acid Tablets,strips,828.1,29,15,11,8
2026-09-07,PHC-027,Malda PHC-3,Malda,West Bengal,21.3688,85.678,Iron Folic Acid Tablets,strips,835.5,29,16,11,7
2026-09-08,PHC-027,Malda PHC-3,Malda,West Bengal,21.3688,85.678,Iron Folic Acid Tablets,strips,843.8,29,18,11,7
2026-09-09,PHC-027,Malda PHC-3,Malda,West Bengal,21.3688,85.678,Iron Folic Acid Tablets,strips,850.7,29,22,11,9
2026-09-10,PHC-027,Malda PHC-3,Malda,West Bengal,21.3688,85.678,Iron Folic Acid Tablets,strips,859.2,29,15,11,7
2026-09-11,PHC-027,Malda PHC-3,Malda,West Bengal,21.3688,85.678,Iron Folic Acid Tablets,strips,867.6,29,18,11,8
2026-09-12,PHC-027,Malda PHC-3,Malda,West Bengal,21.3688,85.678,Iron Folic Acid Tablets,strips,871.2,29,20,11,7
2026-09-13,PHC-027,Malda PHC-3,Malda,West Bengal,21.3688,85.678,Iron Folic Acid Tablets,strips,874.7,29,13,11,11
2026-09-14,PHC-027,Malda PHC-3,Malda,West Bengal,21.3688,85.678,Iron Folic Acid Tablets,strips,879.7,29,24,11,9
2026-09-15,PHC-027,Malda PHC-3,Malda,West Bengal,21.3688,85.678,Iron Folic Acid Tablets,strips,886.6,29,11,11,9
2026-09-16,PHC-027,Malda PHC-3,Malda,West Bengal,21.3688,85.678,Iron Folic Acid Tablets,strips,892.7,29,16,11,11
2026-09-17,PHC-027,Malda PHC-3,Malda,West Bengal,21.3688,85.678,Iron Folic Acid Tablets,strips,896.0,29,23,11,7
2026-09-18,PHC-027,Malda PHC-3,Malda,West Bengal,21.3688,85.678,Iron Folic Acid Tablets,strips,900.3,29,15,11,10
2026-09-19,PHC-027,Malda PHC-3,Malda,West Bengal,21.3688,85.678,Iron Folic Acid Tablets,strips,906.6,29,15,11,10
2026-09-20,PHC-027,Malda PHC-3,Malda,West Bengal,21.3688,85.678,Iron Folic Acid Tablets,strips,910.1,29,14,11,8
2026-09-21,PHC-027,Malda PHC-3,Malda,West Bengal,21.3688,85.678,Iron Folic Acid Tablets,strips,913.8,29,16,11,11
2026-09-22,PHC-027,Malda PHC-3,Malda,West Bengal,21.3688,85.678,Iron Folic Acid Tablets,strips,921.2,29,17,11,10
2026-09-23,PHC-027,Malda PHC-3,Malda,West Bengal,21.3688,85.678,Iron Folic Acid Tablets,strips,925.5,29,14,11,9
2026-09-24,PHC-027,Malda PHC-3,Malda,West Bengal,21.3688,85.678,Iron Folic Acid Tablets,strips,933.8,29,18,11,11
2026-09-25,PHC-027,Malda PHC-3,Malda,West Bengal,21.3688,85.678,Iron Folic Acid Tablets,strips,941.1,29,15,11,9
2026-09-26,PHC-027,Malda PHC-3,Malda,West Bengal,21.3688,85.678,Iron Folic Acid Tablets,strips,948.3,29,15,11,11
2026-08-28,PHC-028,Pune PHC-1,Pune,Maharashtra,17.7533,86.2804,Paracetamol,units,515.2,16,8,6,5
2026-08-29,PHC-028,Pune PHC-1,Pune,Maharashtra,17.7533,86.2804,Paracetamol,units,513.5,16,7,6,6
2026-08-30,PHC-028,Pune PHC-1,Pune,Maharashtra,17.7533,86.2804,Paracetamol,units,518.7,16,11,6,6
2026-08-31,PHC-028,Pune PHC-1,Pune,Maharashtra,17.7533,86.2804,Paracetamol,units,513.6,16,10,6,4
2026-09-01,PHC-028,Pune PHC-1,Pune,Maharashtra,17.7533,86.2804,Paracetamol,units,506.3,16,8,6,5
2026-09-02,PHC-028,Pune PHC-1,Pune,Maharashtra,17.7533,86.2804,Paracetamol,units,498.7,16,5,6,6
2026-09-03,PHC-028,Pune PHC-1,Pune,Maharashtra,17.7533,86.2804,Paracetamol,units,496.0,16,10,6,6
2026-09-04,PHC-028,Pune PHC-1,Pune,Maharashtra,17.7533,86.2804,Paracetamol,units,475.8,16,15,6,2
2026-09-05,PHC-028,Pune PHC-1,Pune,Maharashtra,17.7533,86.2804,Paracetamol,units,472.2,16,7,6,5
2026-09-06,PHC-028,Pune PHC-1,Pune,Maharashtra,17.7533,86.2804,Paracetamol,units,471.6,16,12,6,4
2026-09-07,PHC-028,Pune PHC-1,Pune,Maharashtra,17.7533,86.2804,Paracetamol,units,470.8,16,8,6,4
2026-09-08,PHC-028,Pune PHC-1,Pune,Maharashtra,17.7533,86.2804,Paracetamol,units,474.5,16,11,6,3
2026-09-09,PHC-028,Pune PHC-1,Pune,Maharashtra,17.7533,86.2804,Paracetamol,units,475.5,16,7,6,5
2026-09-10,PHC-028,Pune PHC-1,Pune,Maharashtra,17.7533,86.2804,Paracetamol,units,475.3,16,6,6,5
2026-09-11,PHC-028,Pune PHC-1,Pune,Maharashtra,17.7533,86.2804,Paracetamol,units,474.7,16,10,6,5
2026-09-12,PHC-028,Pune PHC-1,Pune,Maharashtra,17.7533,86.2804,Paracetamol,units,474.4,16,14,6,6
2026-09-13,PHC-028,Pune PHC-1,Pune,Maharashtra,17.7533,86.2804,Paracetamol,units,475.3,16,7,6,6
2026-09-14,PHC-028,Pune PHC-1,Pune,Maharashtra,17.7533,86.2804,Paracetamol,units,473.0,16,9,6,3
2026-09-15,PHC-028,Pune PHC-1,Pune,Maharashtra,17.7533,86.2804,Paracetamol,units,477.6,16,10,6,5
2026-09-16,PHC-028,Pune PHC-1,Pune,Maharashtra,17.7533,86.2804,Paracetamol,units,466.3,16,6,6,4
2026-09-17,PHC-028,Pune PHC-1,Pune,Maharashtra,17.7533,86.2804,Paracetamol,units,467.2,16,11,6,4
2026-09-18,PHC-028,Pune PHC-1,Pune,Maharashtra,17.7533,86.2804,Paracetamol,units,463.3,16,9,6,5
2026-09-19,PHC-028,Pune PHC-1,Pune,Maharashtra,17.7533,86.2804,Paracetamol,units,464.0,16,9,6,3
2026-09-20,PHC-028,Pune PHC-1,Pune,Maharashtra,17.7533,86.2804,Paracetamol,units,467.4,16,4,6,6
2026-09-21,PHC-028,Pune PHC-1,Pune,Maharashtra,17.7533,86.2804,Paracetamol,units,463.0,16,7,6,6
2026-09-22,PHC-028,Pune PHC-1,Pune,Maharashtra,17.7533,86.2804,Paracetamol,units,462.3,16,9,6,4
2026-09-23,PHC-028,Pune PHC-1,Pune,Maharashtra,17.7533,86.2804,Paracetamol,units,460.6,16,9,6,6
2026-09-24,PHC-028,Pune PHC-1,Pune,Maharashtra,17.7533,86.2804,Paracetamol,units,457.9,16,6,6,5
2026-09-25,PHC-028,Pune PHC-1,Pune,Maharashtra,17.7533,86.2804,Paracetamol,units,459.7,16,5,6,5
2026-09-26,PHC-028,Pune PHC-1,Pune,Maharashtra,17.7533,86.2804,Paracetamol,units,459.9,16,8,6,6
2026-08-28,PHC-028,Pune PHC-1,Pune,Maharashtra,17.7533,86.2804,ORS Sachets,packets,386.1,16,9,6,5
2026-08-29,PHC-028,Pune PHC-1,Pune,Maharashtra,17.7533,86.2804,ORS Sachets,packets,389.0,16,10,6,4
2026-08-30,PHC-028,Pune PHC-1,Pune,Maharashtra,17.7533,86.2804,ORS Sachets,packets,392.1,16,12,6,4
2026-08-31,PHC-028,Pune PHC-1,Pune,Maharashtra,17.7533,86.2804,ORS Sachets,packets,390.6,16,11,6,3
2026-09-01,PHC-028,Pune PHC-1,Pune,Maharashtra,17.7533,86.2804,ORS Sachets,packets,392.4,16,8,6,6
2026-09-02,PHC-028,Pune PHC-1,Pune,Maharashtra,17.7533,86.2804,ORS Sachets,packets,397.1,16,10,6,2
2026-09-03,PHC-028,Pune PHC-1,Pune,Maharashtra,17.7533,86.2804,ORS Sachets,packets,400.7,16,8,6,3
2026-09-04,PHC-028,Pune PHC-1,Pune,Maharashtra,17.7533,86.2804,ORS Sachets,packets,408.8,16,7,6,3
2026-09-05,PHC-028,Pune PHC-1,Pune,Maharashtra,17.7533,86.2804,ORS Sachets,packets,404.0,16,7,6,6
2026-09-06,PHC-028,Pune PHC-1,Pune,Maharashtra,17.7533,86.2804,ORS Sachets,packets,403.2,16,9,6,4
2026-09-07,PHC-028,Pune PHC-1,Pune,Maharashtra,17.7533,86.2804,ORS Sachets,packets,402.1,16,8,6,4
2026-09-08,PHC-028,Pune PHC-1,Pune,Maharashtra,17.7533,86.2804,ORS Sachets,packets,406.6,16,11,6,3
2026-09-09,PHC-028,Pune PHC-1,Pune,Maharashtra,17.7533,86.2804,ORS Sachets,packets,406.0,16,14,6,3
2026-09-10,PHC-028,Pune PHC-1,Pune,Maharashtra,17.7533,86.2804,ORS Sachets,packets,406.4,16,9,6,4
2026-09-11,PHC-028,Pune PHC-1,Pune,Maharashtra,17.7533,86.2804,ORS Sachets,packets,407.2,16,11,6,5
2026-09-12,PHC-028,Pune PHC-1,Pune,Maharashtra,17.7533,86.2804,ORS Sachets,packets,413.5,16,12,6,6
2026-09-13,PHC-028,Pune PHC-1,Pune,Maharashtra,17.7533,86.2804,ORS Sachets,packets,411.7,16,11,6,5
2026-09-14,PHC-028,Pune PHC-1,Pune,Maharashtra,17.7533,86.2804,ORS Sachets,packets,409.8,16,7,6,5
2026-09-15,PHC-028,Pune PHC-1,Pune,Maharashtra,17.7533,86.2804,ORS Sachets,packets,411.5,16,9,6,5
2026-09-16,PHC-028,Pune PHC-1,Pune,Maharashtra,17.7533,86.2804,ORS Sachets,packets,413.6,16,10,6,5
2026-09-17,PHC-028,Pune PHC-1,Pune,Maharashtra,17.7533,86.2804,ORS Sachets,packets,412.9,16,10,6,5
2026-09-18,PHC-028,Pune PHC-1,Pune,Maharashtra,17.7533,86.2804,ORS Sachets,packets,418.9,16,9,6,4
2026-09-19,PHC-028,Pune PHC-1,Pune,Maharashtra,17.7533,86.2804,ORS Sachets,packets,418.2,16,5,6,4
2026-09-20,PHC-028,Pune PHC-1,Pune,Maharashtra,17.7533,86.2804,ORS Sachets,packets,413.0,16,8,6,5
2026-09-21,PHC-028,Pune PHC-1,Pune,Maharashtra,17.7533,86.2804,ORS Sachets,packets,414.4,16,11,6,4
2026-09-22,PHC-028,Pune PHC-1,Pune,Maharashtra,17.7533,86.2804,ORS Sachets,packets,419.9,16,10,6,5
2026-09-23,PHC-028,Pune PHC-1,Pune,Maharashtra,17.7533,86.2804,ORS Sachets,packets,422.1,16,13,6,5
2026-09-24,PHC-028,Pune PHC-1,Pune,Maharashtra,17.7533,86.2804,ORS Sachets,packets,421.8,16,8,6,4
2026-09-25,PHC-028,Pune PHC-1,Pune,Maharashtra,17.7533,86.2804,ORS Sachets,packets,422.4,16,12,6,5
2026-09-26,PHC-028,Pune PHC-1,Pune,Maharashtra,17.7533,86.2804,ORS Sachets,packets,421.4,16,8,6,4
2026-08-28,PHC-028,Pune PHC-1,Pune,Maharashtra,17.7533,86.2804,Insulin,vials,125.1,16,6,6,5
2026-08-29,PHC-028,Pune PHC-1,Pune,Maharashtra,17.7533,86.2804,Insulin,vials,126.5,16,5,6,5
2026-08-30,PHC-028,Pune PHC-1,Pune,Maharashtra,17.7533,86.2804,Insulin,vials,126.4,16,11,6,6
2026-08-31,PHC-028,Pune PHC-1,Pune,Maharashtra,17.7533,86.2804,Insulin,vials,126.9,16,8,6,5
2026-09-01,PHC-028,Pune PHC-1,Pune,Maharashtra,17.7533,86.2804,Insulin,vials,127.3,16,8,6,4
2026-09-02,PHC-028,Pune PHC-1,Pune,Maharashtra,17.7533,86.2804,Insulin,vials,125.7,16,7,6,5
2026-09-03,PHC-028,Pune PHC-1,Pune,Maharashtra,17.7533,86.2804,Insulin,vials,123.8,16,12,6,3
2026-09-04,PHC-028,Pune PHC-1,Pune,Maharashtra,17.7533,86.2804,Insulin,vials,122.9,16,8,6,4
2026-09-05,PHC-028,Pune PHC-1,Pune,Maharashtra,17.7533,86.2804,Insulin,vials,123.1,16,11,6,4
2026-09-06,PHC-028,Pune PHC-1,Pune,Maharashtra,17.7533,86.2804,Insulin,vials,120.5,16,5,6,6
2026-09-07,PHC-028,Pune PHC-1,Pune,Maharashtra,17.7533,86.2804,Insulin,vials,121.0,16,10,6,5
2026-09-08,PHC-028,Pune PHC-1,Pune,Maharashtra,17.7533,86.2804,Insulin,vials,119.7,16,11,6,5
2026-09-09,PHC-028,Pune PHC-1,Pune,Maharashtra,17.7533,86.2804,Insulin,vials,121.2,16,10,6,3
2026-09-10,PHC-028,Pune PHC-1,Pune,Maharashtra,17.7533,86.2804,Insulin,vials,120.2,16,10,6,4
2026-09-11,PHC-028,Pune PHC-1,Pune,Maharashtra,17.7533,86.2804,Insulin,vials,120.9,16,10,6,5
2026-09-12,PHC-028,Pune PHC-1,Pune,Maharashtra,17.7533,86.2804,Insulin,vials,120.7,16,7,6,4
2026-09-13,PHC-028,Pune PHC-1,Pune,Maharashtra,17.7533,86.2804,Insulin,vials,122.3,16,8,6,2
2026-09-14,PHC-028,Pune PHC-1,Pune,Maharashtra,17.7533,86.2804,Insulin,vials,122.9,16,9,6,4
2026-09-15,PHC-028,Pune PHC-1,Pune,Maharashtra,17.7533,86.2804,Insulin,vials,125.5,16,9,6,3
2026-09-16,PHC-028,Pune PHC-1,Pune,Maharashtra,17.7533,86.2804,Insulin,vials,126.9,16,9,6,4
2026-09-17,PHC-028,Pune PHC-1,Pune,Maharashtra,17.7533,86.2804,Insulin,vials,126.3,16,13,6,5
2026-09-18,PHC-028,Pune PHC-1,Pune,Maharashtra,17.7533,86.2804,Insulin,vials,126.8,16,9,6,4
2026-09-19,PHC-028,Pune PHC-1,Pune,Maharashtra,17.7533,86.2804,Insulin,vials,125.8,16,12,6,5
2026-09-20,PHC-028,Pune PHC-1,Pune,Maharashtra,17.7533,86.2804,Insulin,vials,126.1,16,10,6,4
2026-09-21,PHC-028,Pune PHC-1,Pune,Maharashtra,17.7533,86.2804,Insulin,vials,127.4,16,12,6,3
2026-09-22,PHC-028,Pune PHC-1,Pune,Maharashtra,17.7533,86.2804,Insulin,vials,128.3,16,14,6,6
2026-09-23,PHC-028,Pune PHC-1,Pune,Maharashtra,17.7533,86.2804,Insulin,vials,130.0,16,9,6,6
2026-09-24,PHC-028,Pune PHC-1,Pune,Maharashtra,17.7533,86.2804,Insulin,vials,129.0,16,10,6,6
2026-09-25,PHC-028,Pune PHC-1,Pune,Maharashtra,17.7533,86.2804,Insulin,vials,128.7,16,5,6,5
2026-09-26,PHC-028,Pune PHC-1,Pune,Maharashtra,17.7533,86.2804,Insulin,vials,128.2,16,8,6,5
2026-08-28,PHC-028,Pune PHC-1,Pune,Maharashtra,17.7533,86.2804,Amoxicillin,strips,428.8,16,9,6,3
2026-08-29,PHC-028,Pune PHC-1,Pune,Maharashtra,17.7533,86.2804,Amoxicillin,strips,416.2,16,9,6,3
2026-08-30,PHC-028,Pune PHC-1,Pune,Maharashtra,17.7533,86.2804,Amoxicillin,strips,407.2,16,12,6,5
2026-08-31,PHC-028,Pune PHC-1,Pune,Maharashtra,17.7533,86.2804,Amoxicillin,strips,394.1,16,11,6,6
2026-09-01,PHC-028,Pune PHC-1,Pune,Maharashtra,17.7533,86.2804,Amoxicillin,strips,387.3,16,8,6,4
2026-09-02,PHC-028,Pune PHC-1,Pune,Maharashtra,17.7533,86.2804,Amoxicillin,strips,376.6,16,12,6,4
2026-09-03,PHC-028,Pune PHC-1,Pune,Maharashtra,17.7533,86.2804,Amoxicillin,strips,369.2,16,10,6,5
2026-09-04,PHC-028,Pune PHC-1,Pune,Maharashtra,17.7533,86.2804,Amoxicillin,strips,354.1,16,13,6,6
2026-09-05,PHC-028,Pune PHC-1,Pune,Maharashtra,17.7533,86.2804,Amoxicillin,strips,340.3,16,14,6,5
2026-09-06,PHC-028,Pune PHC-1,Pune,Maharashtra,17.7533,86.2804,Amoxicillin,strips,331.0,16,4,6,5
2026-09-07,PHC-028,Pune PHC-1,Pune,Maharashtra,17.7533,86.2804,Amoxicillin,strips,321.3,16,10,6,3
2026-09-08,PHC-028,Pune PHC-1,Pune,Maharashtra,17.7533,86.2804,Amoxicillin,strips,313.7,16,10,6,6
2026-09-09,PHC-028,Pune PHC-1,Pune,Maharashtra,17.7533,86.2804,Amoxicillin,strips,306.3,16,13,6,2
2026-09-10,PHC-028,Pune PHC-1,Pune,Maharashtra,17.7533,86.2804,Amoxicillin,strips,291.6,16,8,6,4
2026-09-11,PHC-028,Pune PHC-1,Pune,Maharashtra,17.7533,86.2804,Amoxicillin,strips,285.7,16,7,6,3
2026-09-12,PHC-028,Pune PHC-1,Pune,Maharashtra,17.7533,86.2804,Amoxicillin,strips,276.2,16,9,6,6
2026-09-13,PHC-028,Pune PHC-1,Pune,Maharashtra,17.7533,86.2804,Amoxicillin,strips,269.5,16,12,6,3
2026-09-14,PHC-028,Pune PHC-1,Pune,Maharashtra,17.7533,86.2804,Amoxicillin,strips,258.4,16,11,6,5
2026-09-15,PHC-028,Pune PHC-1,Pune,Maharashtra,17.7533,86.2804,Amoxicillin,strips,251.4,16,11,6,4
2026-09-16,PHC-028,Pune PHC-1,Pune,Maharashtra,17.7533,86.2804,Amoxicillin,strips,245.6,16,10,6,5
2026-09-17,PHC-028,Pune PHC-1,Pune,Maharashtra,17.7533,86.2804,Amoxicillin,strips,234.5,16,8,6,3
2026-09-18,PHC-028,Pune PHC-1,Pune,Maharashtra,17.7533,86.2804,Amoxicillin,strips,226.7,16,9,6,4
2026-09-19,PHC-028,Pune PHC-1,Pune,Maharashtra,17.7533,86.2804,Amoxicillin,strips,215.7,16,10,6,6
2026-09-20,PHC-028,Pune PHC-1,Pune,Maharashtra,17.7533,86.2804,Amoxicillin,strips,205.8,16,8,6,3
2026-09-21,PHC-028,Pune PHC-1,Pune,Maharashtra,17.7533,86.2804,Amoxicillin,strips,190.7,16,7,6,4
2026-09-22,PHC-028,Pune PHC-1,Pune,Maharashtra,17.7533,86.2804,Amoxicillin,strips,175.7,16,11,6,6
2026-09-23,PHC-028,Pune PHC-1,Pune,Maharashtra,17.7533,86.2804,Amoxicillin,strips,161.8,16,13,6,6
2026-09-24,PHC-028,Pune PHC-1,Pune,Maharashtra,17.7533,86.2804,Amoxicillin,strips,148.3,16,10,6,6
2026-09-25,PHC-028,Pune PHC-1,Pune,Maharashtra,17.7533,86.2804,Amoxicillin,strips,136.5,16,9,6,4
2026-09-26,PHC-028,Pune PHC-1,Pune,Maharashtra,17.7533,86.2804,Amoxicillin,strips,127.5,16,9,6,4
2026-08-28,PHC-028,Pune PHC-1,Pune,Maharashtra,17.7533,86.2804,Iron Folic Acid Tablets,strips,662.7,16,11,6,5
2026-08-29,PHC-028,Pune PHC-1,Pune,Maharashtra,17.7533,86.2804,Iron Folic Acid Tablets,strips,644.5,16,9,6,3
2026-08-30,PHC-028,Pune PHC-1,Pune,Maharashtra,17.7533,86.2804,Iron Folic Acid Tablets,strips,635.8,16,10,6,5
2026-08-31,PHC-028,Pune PHC-1,Pune,Maharashtra,17.7533,86.2804,Iron Folic Acid Tablets,strips,627.3,16,8,6,3
2026-09-01,PHC-028,Pune PHC-1,Pune,Maharashtra,17.7533,86.2804,Iron Folic Acid Tablets,strips,612.4,16,11,6,4
2026-09-02,PHC-028,Pune PHC-1,Pune,Maharashtra,17.7533,86.2804,Iron Folic Acid Tablets,strips,595.2,16,12,6,6
2026-09-03,PHC-028,Pune PHC-1,Pune,Maharashtra,17.7533,86.2804,Iron Folic Acid Tablets,strips,586.8,16,6,6,3
2026-09-04,PHC-028,Pune PHC-1,Pune,Maharashtra,17.7533,86.2804,Iron Folic Acid Tablets,strips,576.2,16,13,6,4
2026-09-05,PHC-028,Pune PHC-1,Pune,Maharashtra,17.7533,86.2804,Iron Folic Acid Tablets,strips,563.3,16,8,6,4
2026-09-06,PHC-028,Pune PHC-1,Pune,Maharashtra,17.7533,86.2804,Iron Folic Acid Tablets,strips,543.8,16,6,6,6
2026-09-07,PHC-028,Pune PHC-1,Pune,Maharashtra,17.7533,86.2804,Iron Folic Acid Tablets,strips,533.7,16,15,6,3
2026-09-08,PHC-028,Pune PHC-1,Pune,Maharashtra,17.7533,86.2804,Iron Folic Acid Tablets,strips,520.1,16,12,6,4
2026-09-09,PHC-028,Pune PHC-1,Pune,Maharashtra,17.7533,86.2804,Iron Folic Acid Tablets,strips,502.2,16,7,6,4
2026-09-10,PHC-028,Pune PHC-1,Pune,Maharashtra,17.7533,86.2804,Iron Folic Acid Tablets,strips,482.7,16,9,6,3
2026-09-11,PHC-028,Pune PHC-1,Pune,Maharashtra,17.7533,86.2804,Iron Folic Acid Tablets,strips,465.2,16,8,6,5
2026-09-12,PHC-028,Pune PHC-1,Pune,Maharashtra,17.7533,86.2804,Iron Folic Acid Tablets,strips,450.4,16,8,6,4
2026-09-13,PHC-028,Pune PHC-1,Pune,Maharashtra,17.7533,86.2804,Iron Folic Acid Tablets,strips,442.6,16,9,6,6
2026-09-14,PHC-028,Pune PHC-1,Pune,Maharashtra,17.7533,86.2804,Iron Folic Acid Tablets,strips,424.7,16,11,6,5
2026-09-15,PHC-028,Pune PHC-1,Pune,Maharashtra,17.7533,86.2804,Iron Folic Acid Tablets,strips,408.4,16,9,6,6
2026-09-16,PHC-028,Pune PHC-1,Pune,Maharashtra,17.7533,86.2804,Iron Folic Acid Tablets,strips,389.0,16,9,6,4
2026-09-17,PHC-028,Pune PHC-1,Pune,Maharashtra,17.7533,86.2804,Iron Folic Acid Tablets,strips,371.0,16,9,6,5
2026-09-18,PHC-028,Pune PHC-1,Pune,Maharashtra,17.7533,86.2804,Iron Folic Acid Tablets,strips,355.3,16,8,6,6
2026-09-19,PHC-028,Pune PHC-1,Pune,Maharashtra,17.7533,86.2804,Iron Folic Acid Tablets,strips,336.9,16,13,6,4
2026-09-20,PHC-028,Pune PHC-1,Pune,Maharashtra,17.7533,86.2804,Iron Folic Acid Tablets,strips,324.7,16,5,6,6
2026-09-21,PHC-028,Pune PHC-1,Pune,Maharashtra,17.7533,86.2804,Iron Folic Acid Tablets,strips,315.5,16,7,6,5
2026-09-22,PHC-028,Pune PHC-1,Pune,Maharashtra,17.7533,86.2804,Iron Folic Acid Tablets,strips,292.7,16,7,6,4
2026-09-23,PHC-028,Pune PHC-1,Pune,Maharashtra,17.7533,86.2804,Iron Folic Acid Tablets,strips,275.8,16,7,6,5
2026-09-24,PHC-028,Pune PHC-1,Pune,Maharashtra,17.7533,86.2804,Iron Folic Acid Tablets,strips,265.6,16,11,6,6
2026-09-25,PHC-028,Pune PHC-1,Pune,Maharashtra,17.7533,86.2804,Iron Folic Acid Tablets,strips,246.7,16,12,6,4
2026-09-26,PHC-028,Pune PHC-1,Pune,Maharashtra,17.7533,86.2804,Iron Folic Acid Tablets,strips,236.3,16,7,6,5
2026-08-28,PHC-029,Pune PHC-2,Pune,Maharashtra,8.5451,71.801,Paracetamol,units,403.6,25,9,12,11
2026-08-29,PHC-029,Pune PHC-2,Pune,Maharashtra,8.5451,71.801,Paracetamol,units,400.8,25,11,12,10
2026-08-30,PHC-029,Pune PHC-2,Pune,Maharashtra,8.5451,71.801,Paracetamol,units,397.5,25,19,12,10
2026-08-31,PHC-029,Pune PHC-2,Pune,Maharashtra,8.5451,71.801,Paracetamol,units,395.9,25,21,12,8
2026-09-01,PHC-029,Pune PHC-2,Pune,Maharashtra,8.5451,71.801,Paracetamol,units,402.2,25,15,12,9
2026-09-02,PHC-029,Pune PHC-2,Pune,Maharashtra,8.5451,71.801,Paracetamol,units,405.8,25,16,12,9
2026-09-03,PHC-029,Pune PHC-2,Pune,Maharashtra,8.5451,71.801,Paracetamol,units,407.6,25,10,12,11
2026-09-04,PHC-029,Pune PHC-2,Pune,Maharashtra,8.5451,71.801,Paracetamol,units,406.2,25,16,12,11
2026-09-05,PHC-029,Pune PHC-2,Pune,Maharashtra,8.5451,71.801,Paracetamol,units,410.9,25,8,12,9
2026-09-06,PHC-029,Pune PHC-2,Pune,Maharashtra,8.5451,71.801,Paracetamol,units,412.9,25,13,12,12
2026-09-07,PHC-029,Pune PHC-2,Pune,Maharashtra,8.5451,71.801,Paracetamol,units,410.0,25,14,12,9
2026-09-08,PHC-029,Pune PHC-2,Pune,Maharashtra,8.5451,71.801,Paracetamol,units,408.7,25,18,12,9
2026-09-09,PHC-029,Pune PHC-2,Pune,Maharashtra,8.5451,71.801,Paracetamol,units,401.8,25,11,12,9
2026-09-10,PHC-029,Pune PHC-2,Pune,Maharashtra,8.5451,71.801,Paracetamol,units,404.8,25,10,12,8
2026-09-11,PHC-029,Pune PHC-2,Pune,Maharashtra,8.5451,71.801,Paracetamol,units,397.9,25,12,12,9
2026-09-12,PHC-029,Pune PHC-2,Pune,Maharashtra,8.5451,71.801,Paracetamol,units,390.9,25,13,12,9
2026-09-13,PHC-029,Pune PHC-2,Pune,Maharashtra,8.5451,71.801,Paracetamol,units,390.1,25,18,12,8
2026-09-14,PHC-029,Pune PHC-2,Pune,Maharashtra,8.5451,71.801,Paracetamol,units,388.6,25,10,12,10
2026-09-15,PHC-029,Pune PHC-2,Pune,Maharashtra,8.5451,71.801,Paracetamol,units,383.8,25,14,12,8
2026-09-16,PHC-029,Pune PHC-2,Pune,Maharashtra,8.5451,71.801,Paracetamol,units,381.0,25,13,12,9
2026-09-17,PHC-029,Pune PHC-2,Pune,Maharashtra,8.5451,71.801,Paracetamol,units,372.7,25,12,12,10
2026-09-18,PHC-029,Pune PHC-2,Pune,Maharashtra,8.5451,71.801,Paracetamol,units,370.9,25,16,12,9
2026-09-19,PHC-029,Pune PHC-2,Pune,Maharashtra,8.5451,71.801,Paracetamol,units,360.3,25,18,12,10
2026-09-20,PHC-029,Pune PHC-2,Pune,Maharashtra,8.5451,71.801,Paracetamol,units,363.2,25,13,12,9
2026-09-21,PHC-029,Pune PHC-2,Pune,Maharashtra,8.5451,71.801,Paracetamol,units,375.5,25,12,12,10
2026-09-22,PHC-029,Pune PHC-2,Pune,Maharashtra,8.5451,71.801,Paracetamol,units,375.1,25,17,12,11
2026-09-23,PHC-029,Pune PHC-2,Pune,Maharashtra,8.5451,71.801,Paracetamol,units,376.7,25,14,12,8
2026-09-24,PHC-029,Pune PHC-2,Pune,Maharashtra,8.5451,71.801,Paracetamol,units,372.0,25,18,12,11
2026-09-25,PHC-029,Pune PHC-2,Pune,Maharashtra,8.5451,71.801,Paracetamol,units,375.2,25,16,12,10
2026-09-26,PHC-029,Pune PHC-2,Pune,Maharashtra,8.5451,71.801,Paracetamol,units,378.6,25,9,12,9
2026-08-28,PHC-029,Pune PHC-2,Pune,Maharashtra,8.5451,71.801,ORS Sachets,packets,222.9,25,6,12,12
2026-08-29,PHC-029,Pune PHC-2,Pune,Maharashtra,8.5451,71.801,ORS Sachets,packets,217.0,25,18,12,10
2026-08-30,PHC-029,Pune PHC-2,Pune,Maharashtra,8.5451,71.801,ORS Sachets,packets,211.5,25,15,12,8
2026-08-31,PHC-029,Pune PHC-2,Pune,Maharashtra,8.5451,71.801,ORS Sachets,packets,205.5,25,16,12,9
2026-09-01,PHC-029,Pune PHC-2,Pune,Maharashtra,8.5451,71.801,ORS Sachets,packets,199.3,25,14,12,9
2026-09-02,PHC-029,Pune PHC-2,Pune,Maharashtra,8.5451,71.801,ORS Sachets,packets,190.0,25,13,12,10
2026-09-03,PHC-029,Pune PHC-2,Pune,Maharashtra,8.5451,71.801,ORS Sachets,packets,184.3,25,12,12,7
2026-09-04,PHC-029,Pune PHC-2,Pune,Maharashtra,8.5451,71.801,ORS Sachets,packets,179.2,25,19,12,8
2026-09-05,PHC-029,Pune PHC-2,Pune,Maharashtra,8.5451,71.801,ORS Sachets,packets,169.1,25,25,12,11
2026-09-06,PHC-029,Pune PHC-2,Pune,Maharashtra,8.5451,71.801,ORS Sachets,packets,164.1,25,18,12,8
2026-09-07,PHC-029,Pune PHC-2,Pune,Maharashtra,8.5451,71.801,ORS Sachets,packets,157.6,25,15,12,10
2026-09-08,PHC-029,Pune PHC-2,Pune,Maharashtra,8.5451,71.801,ORS Sachets,packets,152.2,25,12,12,10
2026-09-09,PHC-029,Pune PHC-2,Pune,Maharashtra,8.5451,71.801,ORS Sachets,packets,144.3,25,14,12,10
2026-09-10,PHC-029,Pune PHC-2,Pune,Maharashtra,8.5451,71.801,ORS Sachets,packets,134.8,25,16,12,10
2026-09-11,PHC-029,Pune PHC-2,Pune,Maharashtra,8.5451,71.801,ORS Sachets,packets,124.7,25,17,12,11
2026-09-12,PHC-029,Pune PHC-2,Pune,Maharashtra,8.5451,71.801,ORS Sachets,packets,114.5,25,11,12,10
2026-09-13,PHC-029,Pune PHC-2,Pune,Maharashtra,8.5451,71.801,ORS Sachets,packets,107.9,25,15,12,9
2026-09-14,PHC-029,Pune PHC-2,Pune,Maharashtra,8.5451,71.801,ORS Sachets,packets,99.2,25,17,12,11
2026-09-15,PHC-029,Pune PHC-2,Pune,Maharashtra,8.5451,71.801,ORS Sachets,packets,89.9,25,13,12,9
2026-09-16,PHC-029,Pune PHC-2,Pune,Maharashtra,8.5451,71.801,ORS Sachets,packets,83.3,25,14,12,8
2026-09-17,PHC-029,Pune PHC-2,Pune,Maharashtra,8.5451,71.801,ORS Sachets,packets,72.2,25,15,12,12
2026-09-18,PHC-029,Pune PHC-2,Pune,Maharashtra,8.5451,71.801,ORS Sachets,packets,63.1,25,14,12,12
2026-09-19,PHC-029,Pune PHC-2,Pune,Maharashtra,8.5451,71.801,ORS Sachets,packets,51.8,25,12,12,9
2026-09-20,PHC-029,Pune PHC-2,Pune,Maharashtra,8.5451,71.801,ORS Sachets,packets,45.1,25,18,12,9
2026-09-21,PHC-029,Pune PHC-2,Pune,Maharashtra,8.5451,71.801,ORS Sachets,packets,36.9,25,16,12,10
2026-09-22,PHC-029,Pune PHC-2,Pune,Maharashtra,8.5451,71.801,ORS Sachets,packets,26.6,25,12,12,10
2026-09-23,PHC-029,Pune PHC-2,Pune,Maharashtra,8.5451,71.801,ORS Sachets,packets,22.3,25,14,12,9
2026-09-24,PHC-029,Pune PHC-2,Pune,Maharashtra,8.5451,71.801,ORS Sachets,packets,16.7,25,15,12,9
2026-09-25,PHC-029,Pune PHC-2,Pune,Maharashtra,8.5451,71.801,ORS Sachets,packets,5.8,25,14,12,9
2026-09-26,PHC-029,Pune PHC-2,Pune,Maharashtra,8.5451,71.801,ORS Sachets,packets,0.0,25,17,12,12
2026-08-28,PHC-029,Pune PHC-2,Pune,Maharashtra,8.5451,71.801,Insulin,vials,65.9,25,8,12,10
2026-08-29,PHC-029,Pune PHC-2,Pune,Maharashtra,8.5451,71.801,Insulin,vials,64.3,25,17,12,11
2026-08-30,PHC-029,Pune PHC-2,Pune,Maharashtra,8.5451,71.801,Insulin,vials,61.5,25,19,12,10
2026-08-31,PHC-029,Pune PHC-2,Pune,Maharashtra,8.5451,71.801,Insulin,vials,58.3,25,17,12,10
2026-09-01,PHC-029,Pune PHC-2,Pune,Maharashtra,8.5451,71.801,Insulin,vials,55.9,25,18,12,10
2026-09-02,PHC-029,Pune PHC-2,Pune,Maharashtra,8.5451,71.801,Insulin,vials,52.8,25,14,12,8
2026-09-03,PHC-029,Pune PHC-2,Pune,Maharashtra,8.5451,71.801,Insulin,vials,51.1,25,20,12,8
2026-09-04,PHC-029,Pune PHC-2,Pune,Maharashtra,8.5451,71.801,Insulin,vials,48.7,25,11,12,9
2026-09-05,PHC-029,Pune PHC-2,Pune,Maharashtra,8.5451,71.801,Insulin,vials,45.3,25,13,12,10
2026-09-06,PHC-029,Pune PHC-2,Pune,Maharashtra,8.5451,71.801,Insulin,vials,43.7,25,19,12,8
2026-09-07,PHC-029,Pune PHC-2,Pune,Maharashtra,8.5451,71.801,Insulin,vials,40.9,25,20,12,12
2026-09-08,PHC-029,Pune PHC-2,Pune,Maharashtra,8.5451,71.801,Insulin,vials,38.9,25,12,12,9
2026-09-09,PHC-029,Pune PHC-2,Pune,Maharashtra,8.5451,71.801,Insulin,vials,37.0,25,15,12,11
2026-09-10,PHC-029,Pune PHC-2,Pune,Maharashtra,8.5451,71.801,Insulin,vials,34.1,25,13,12,10
2026-09-11,PHC-029,Pune PHC-2,Pune,Maharashtra,8.5451,71.801,Insulin,vials,31.1,25,12,12,11
2026-09-12,PHC-029,Pune PHC-2,Pune,Maharashtra,8.5451,71.801,Insulin,vials,27.7,25,15,12,10
2026-09-13,PHC-029,Pune PHC-2,Pune,Maharashtra,8.5451,71.801,Insulin,vials,23.9,25,17,12,9
2026-09-14,PHC-029,Pune PHC-2,Pune,Maharashtra,8.5451,71.801,Insulin,vials,20.2,25,15,12,9
2026-09-15,PHC-029,Pune PHC-2,Pune,Maharashtra,8.5451,71.801,Insulin,vials,17.5,25,16,12,11
2026-09-16,PHC-029,Pune PHC-2,Pune,Maharashtra,8.5451,71.801,Insulin,vials,13.8,25,19,12,10
2026-09-17,PHC-029,Pune PHC-2,Pune,Maharashtra,8.5451,71.801,Insulin,vials,11.9,25,12,12,8
2026-09-18,PHC-029,Pune PHC-2,Pune,Maharashtra,8.5451,71.801,Insulin,vials,10.1,25,17,12,12
2026-09-19,PHC-029,Pune PHC-2,Pune,Maharashtra,8.5451,71.801,Insulin,vials,6.8,25,11,12,11
2026-09-20,PHC-029,Pune PHC-2,Pune,Maharashtra,8.5451,71.801,Insulin,vials,4.5,25,18,12,10
2026-09-21,PHC-029,Pune PHC-2,Pune,Maharashtra,8.5451,71.801,Insulin,vials,1.5,25,14,12,7
2026-09-22,PHC-029,Pune PHC-2,Pune,Maharashtra,8.5451,71.801,Insulin,vials,0.0,25,18,12,11
2026-09-23,PHC-029,Pune PHC-2,Pune,Maharashtra,8.5451,71.801,Insulin,vials,0.0,25,16,12,7
2026-09-24,PHC-029,Pune PHC-2,Pune,Maharashtra,8.5451,71.801,Insulin,vials,0.0,25,19,12,12
2026-09-25,PHC-029,Pune PHC-2,Pune,Maharashtra,8.5451,71.801,Insulin,vials,0.0,25,14,12,8
2026-09-26,PHC-029,Pune PHC-2,Pune,Maharashtra,8.5451,71.801,Insulin,vials,0.0,25,15,12,12
2026-08-28,PHC-029,Pune PHC-2,Pune,Maharashtra,8.5451,71.801,Amoxicillin,strips,470.1,25,16,12,10
2026-08-29,PHC-029,Pune PHC-2,Pune,Maharashtra,8.5451,71.801,Amoxicillin,strips,464.4,25,11,12,11
2026-08-30,PHC-029,Pune PHC-2,Pune,Maharashtra,8.5451,71.801,Amoxicillin,strips,458.4,25,21,12,7
2026-08-31,PHC-029,Pune PHC-2,Pune,Maharashtra,8.5451,71.801,Amoxicillin,strips,452.1,25,18,12,10
2026-09-01,PHC-029,Pune PHC-2,Pune,Maharashtra,8.5451,71.801,Amoxicillin,strips,445.8,25,16,12,10
2026-09-02,PHC-029,Pune PHC-2,Pune,Maharashtra,8.5451,71.801,Amoxicillin,strips,432.3,25,12,12,10
2026-09-03,PHC-029,Pune PHC-2,Pune,Maharashtra,8.5451,71.801,Amoxicillin,strips,421.5,25,24,12,9
2026-09-04,PHC-029,Pune PHC-2,Pune,Maharashtra,8.5451,71.801,Amoxicillin,strips,415.9,25,12,12,12
2026-09-05,PHC-029,Pune PHC-2,Pune,Maharashtra,8.5451,71.801,Amoxicillin,strips,403.6,25,16,12,9
2026-09-06,PHC-029,Pune PHC-2,Pune,Maharashtra,8.5451,71.801,Amoxicillin,strips,396.1,25,11,12,10
2026-09-07,PHC-029,Pune PHC-2,Pune,Maharashtra,8.5451,71.801,Amoxicillin,strips,385.1,25,15,12,12
2026-09-08,PHC-029,Pune PHC-2,Pune,Maharashtra,8.5451,71.801,Amoxicillin,strips,374.5,25,9,12,9
2026-09-09,PHC-029,Pune PHC-2,Pune,Maharashtra,8.5451,71.801,Amoxicillin,strips,367.8,25,13,12,10
2026-09-10,PHC-029,Pune PHC-2,Pune,Maharashtra,8.5451,71.801,Amoxicillin,strips,362.3,25,21,12,10
2026-09-11,PHC-029,Pune PHC-2,Pune,Maharashtra,8.5451,71.801,Amoxicillin,strips,347.1,25,19,12,11
2026-09-12,PHC-029,Pune PHC-2,Pune,Maharashtra,8.5451,71.801,Amoxicillin,strips,338.7,25,14,12,10
2026-09-13,PHC-029,Pune PHC-2,Pune,Maharashtra,8.5451,71.801,Amoxicillin,strips,330.4,25,7,12,10
2026-09-14,PHC-029,Pune PHC-2,Pune,Maharashtra,8.5451,71.801,Amoxicillin,strips,319.5,25,20,12,9
2026-09-15,PHC-029,Pune PHC-2,Pune,Maharashtra,8.5451,71.801,Amoxicillin,strips,307.7,25,15,12,10
2026-09-16,PHC-029,Pune PHC-2,Pune,Maharashtra,8.5451,71.801,Amoxicillin,strips,293.3,25,15,12,10
2026-09-17,PHC-029,Pune PHC-2,Pune,Maharashtra,8.5451,71.801,Amoxicillin,strips,280.6,25,19,12,9
2026-09-18,PHC-029,Pune PHC-2,Pune,Maharashtra,8.5451,71.801,Amoxicillin,strips,271.4,25,13,12,9
2026-09-19,PHC-029,Pune PHC-2,Pune,Maharashtra,8.5451,71.801,Amoxicillin,strips,262.6,25,15,12,10
2026-09-20,PHC-029,Pune PHC-2,Pune,Maharashtra,8.5451,71.801,Amoxicillin,strips,255.9,25,14,12,10
2026-09-21,PHC-029,Pune PHC-2,Pune,Maharashtra,8.5451,71.801,Amoxicillin,strips,244.4,25,13,12,8
2026-09-22,PHC-029,Pune PHC-2,Pune,Maharashtra,8.5451,71.801,Amoxicillin,strips,231.3,25,22,12,8
2026-09-23,PHC-029,Pune PHC-2,Pune,Maharashtra,8.5451,71.801,Amoxicillin,strips,225.8,25,19,12,7
2026-09-24,PHC-029,Pune PHC-2,Pune,Maharashtra,8.5451,71.801,Amoxicillin,strips,212.5,25,17,12,9
2026-09-25,PHC-029,Pune PHC-2,Pune,Maharashtra,8.5451,71.801,Amoxicillin,strips,197.2,25,12,12,9
2026-09-26,PHC-029,Pune PHC-2,Pune,Maharashtra,8.5451,71.801,Amoxicillin,strips,185.3,25,13,12,9
2026-08-28,PHC-029,Pune PHC-2,Pune,Maharashtra,8.5451,71.801,Iron Folic Acid Tablets,strips,834.8,25,14,12,9
2026-08-29,PHC-029,Pune PHC-2,Pune,Maharashtra,8.5451,71.801,Iron Folic Acid Tablets,strips,836.2,25,13,12,10
2026-08-30,PHC-029,Pune PHC-2,Pune,Maharashtra,8.5451,71.801,Iron Folic Acid Tablets,strips,833.8,25,6,12,11
2026-08-31,PHC-029,Pune PHC-2,Pune,Maharashtra,8.5451,71.801,Iron Folic Acid Tablets,strips,838.5,25,16,12,10
2026-09-01,PHC-029,Pune PHC-2,Pune,Maharashtra,8.5451,71.801,Iron Folic Acid Tablets,strips,839.9,25,11,12,8
2026-09-02,PHC-029,Pune PHC-2,Pune,Maharashtra,8.5451,71.801,Iron Folic Acid Tablets,strips,836.8,25,20,12,10
2026-09-03,PHC-029,Pune PHC-2,Pune,Maharashtra,8.5451,71.801,Iron Folic Acid Tablets,strips,835.3,25,15,12,10
2026-09-04,PHC-029,Pune PHC-2,Pune,Maharashtra,8.5451,71.801,Iron Folic Acid Tablets,strips,835.9,25,9,12,7
2026-09-05,PHC-029,Pune PHC-2,Pune,Maharashtra,8.5451,71.801,Iron Folic Acid Tablets,strips,840.7,25,13,12,11
2026-09-06,PHC-029,Pune PHC-2,Pune,Maharashtra,8.5451,71.801,Iron Folic Acid Tablets,strips,849.9,25,19,12,11
2026-09-07,PHC-029,Pune PHC-2,Pune,Maharashtra,8.5451,71.801,Iron Folic Acid Tablets,strips,850.0,25,19,12,10
2026-09-08,PHC-029,Pune PHC-2,Pune,Maharashtra,8.5451,71.801,Iron Folic Acid Tablets,strips,842.2,25,22,12,9
2026-09-09,PHC-029,Pune PHC-2,Pune,Maharashtra,8.5451,71.801,Iron Folic Acid Tablets,strips,840.9,25,5,12,8
2026-09-10,PHC-029,Pune PHC-2,Pune,Maharashtra,8.5451,71.801,Iron Folic Acid Tablets,strips,837.8,25,9,12,10
2026-09-11,PHC-029,Pune PHC-2,Pune,Maharashtra,8.5451,71.801,Iron Folic Acid Tablets,strips,845.3,25,11,12,10
2026-09-12,PHC-029,Pune PHC-2,Pune,Maharashtra,8.5451,71.801,Iron Folic Acid Tablets,strips,867.6,25,16,12,10
2026-09-13,PHC-029,Pune PHC-2,Pune,Maharashtra,8.5451,71.801,Iron Folic Acid Tablets,strips,865.3,25,12,12,9
2026-09-14,PHC-029,Pune PHC-2,Pune,Maharashtra,8.5451,71.801,Iron Folic Acid Tablets,strips,862.5,25,7,12,8
2026-09-15,PHC-029,Pune PHC-2,Pune,Maharashtra,8.5451,71.801,Iron Folic Acid Tablets,strips,860.9,25,14,12,11
2026-09-16,PHC-029,Pune PHC-2,Pune,Maharashtra,8.5451,71.801,Iron Folic Acid Tablets,strips,863.1,25,12,12,10
2026-09-17,PHC-029,Pune PHC-2,Pune,Maharashtra,8.5451,71.801,Iron Folic Acid Tablets,strips,861.7,25,18,12,11
2026-09-18,PHC-029,Pune PHC-2,Pune,Maharashtra,8.5451,71.801,Iron Folic Acid Tablets,strips,859.5,25,20,12,10
2026-09-19,PHC-029,Pune PHC-2,Pune,Maharashtra,8.5451,71.801,Iron Folic Acid Tablets,strips,856.5,25,18,12,10
2026-09-20,PHC-029,Pune PHC-2,Pune,Maharashtra,8.5451,71.801,Iron Folic Acid Tablets,strips,857.2,25,16,12,10
2026-09-21,PHC-029,Pune PHC-2,Pune,Maharashtra,8.5451,71.801,Iron Folic Acid Tablets,strips,867.4,25,16,12,11
2026-09-22,PHC-029,Pune PHC-2,Pune,Maharashtra,8.5451,71.801,Iron Folic Acid Tablets,strips,869.5,25,18,12,11
2026-09-23,PHC-029,Pune PHC-2,Pune,Maharashtra,8.5451,71.801,Iron Folic Acid Tablets,strips,874.6,25,22,12,9
2026-09-24,PHC-029,Pune PHC-2,Pune,Maharashtra,8.5451,71.801,Iron Folic Acid Tablets,strips,873.4,25,13,12,7
2026-09-25,PHC-029,Pune PHC-2,Pune,Maharashtra,8.5451,71.801,Iron Folic Acid Tablets,strips,869.0,25,15,12,8
2026-09-26,PHC-029,Pune PHC-2,Pune,Maharashtra,8.5451,71.801,Iron Folic Acid Tablets,strips,864.4,25,10,12,10
2026-08-28,PHC-030,Pune PHC-3,Pune,Maharashtra,19.0851,73.2254,Paracetamol,units,380.1,28,20,10,7
2026-08-29,PHC-030,Pune PHC-3,Pune,Maharashtra,19.0851,73.2254,Paracetamol,units,386.2,28,16,10,9
2026-08-30,PHC-030,Pune PHC-3,Pune,Maharashtra,19.0851,73.2254,Paracetamol,units,392.3,28,12,10,8
2026-08-31,PHC-030,Pune PHC-3,Pune,Maharashtra,19.0851,73.2254,Paracetamol,units,399.7,28,25,10,7
2026-09-01,PHC-030,Pune PHC-3,Pune,Maharashtra,19.0851,73.2254,Paracetamol,units,406.4,28,18,10,7
2026-09-02,PHC-030,Pune PHC-3,Pune,Maharashtra,19.0851,73.2254,Paracetamol,units,409.9,28,17,10,10
2026-09-03,PHC-030,Pune PHC-3,Pune,Maharashtra,19.0851,73.2254,Paracetamol,units,414.0,28,23,10,7
2026-09-04,PHC-030,Pune PHC-3,Pune,Maharashtra,19.0851,73.2254,Paracetamol,units,420.4,28,23,10,8
2026-09-05,PHC-030,Pune PHC-3,Pune,Maharashtra,19.0851,73.2254,Paracetamol,units,423.0,28,19,10,8
2026-09-06,PHC-030,Pune PHC-3,Pune,Maharashtra,19.0851,73.2254,Paracetamol,units,427.1,28,15,10,9
2026-09-07,PHC-030,Pune PHC-3,Pune,Maharashtra,19.0851,73.2254,Paracetamol,units,431.4,28,12,10,6
2026-09-08,PHC-030,Pune PHC-3,Pune,Maharashtra,19.0851,73.2254,Paracetamol,units,438.3,28,10,10,7
2026-09-09,PHC-030,Pune PHC-3,Pune,Maharashtra,19.0851,73.2254,Paracetamol,units,444.8,28,23,10,7
2026-09-10,PHC-030,Pune PHC-3,Pune,Maharashtra,19.0851,73.2254,Paracetamol,units,450.3,28,17,10,10
2026-09-11,PHC-030,Pune PHC-3,Pune,Maharashtra,19.0851,73.2254,Paracetamol,units,453.5,28,16,10,10
2026-09-12,PHC-030,Pune PHC-3,Pune,Maharashtra,19.0851,73.2254,Paracetamol,units,459.5,28,18,10,7
2026-09-13,PHC-030,Pune PHC-3,Pune,Maharashtra,19.0851,73.2254,Paracetamol,units,464.1,28,11,10,7
2026-09-14,PHC-030,Pune PHC-3,Pune,Maharashtra,19.0851,73.2254,Paracetamol,units,468.3,28,22,10,9
2026-09-15,PHC-030,Pune PHC-3,Pune,Maharashtra,19.0851,73.2254,Paracetamol,units,475.7,28,11,10,7
2026-09-16,PHC-030,Pune PHC-3,Pune,Maharashtra,19.0851,73.2254,Paracetamol,units,479.5,28,11,10,8
2026-09-17,PHC-030,Pune PHC-3,Pune,Maharashtra,19.0851,73.2254,Paracetamol,units,486.9,28,18,10,8
2026-09-18,PHC-030,Pune PHC-3,Pune,Maharashtra,19.0851,73.2254,Paracetamol,units,489.8,28,9,10,7
2026-09-19,PHC-030,Pune PHC-3,Pune,Maharashtra,19.0851,73.2254,Paracetamol,units,494.2,28,17,10,8
2026-09-20,PHC-030,Pune PHC-3,Pune,Maharashtra,19.0851,73.2254,Paracetamol,units,501.5,28,17,10,10
2026-09-21,PHC-030,Pune PHC-3,Pune,Maharashtra,19.0851,73.2254,Paracetamol,units,506.4,28,20,10,8
2026-09-22,PHC-030,Pune PHC-3,Pune,Maharashtra,19.0851,73.2254,Paracetamol,units,513.5,28,22,10,6
2026-09-23,PHC-030,Pune PHC-3,Pune,Maharashtra,19.0851,73.2254,Paracetamol,units,516.5,28,14,10,7
2026-09-24,PHC-030,Pune PHC-3,Pune,Maharashtra,19.0851,73.2254,Paracetamol,units,522.3,28,18,10,7
2026-09-25,PHC-030,Pune PHC-3,Pune,Maharashtra,19.0851,73.2254,Paracetamol,units,528.0,28,19,10,8
2026-09-26,PHC-030,Pune PHC-3,Pune,Maharashtra,19.0851,73.2254,Paracetamol,units,532.6,28,15,10,9
2026-08-28,PHC-030,Pune PHC-3,Pune,Maharashtra,19.0851,73.2254,ORS Sachets,packets,331.5,28,20,10,10
2026-08-29,PHC-030,Pune PHC-3,Pune,Maharashtra,19.0851,73.2254,ORS Sachets,packets,331.3,28,12,10,8
2026-08-30,PHC-030,Pune PHC-3,Pune,Maharashtra,19.0851,73.2254,ORS Sachets,packets,333.2,28,13,10,9
2026-08-31,PHC-030,Pune PHC-3,Pune,Maharashtra,19.0851,73.2254,ORS Sachets,packets,330.5,28,16,10,7
2026-09-01,PHC-030,Pune PHC-3,Pune,Maharashtra,19.0851,73.2254,ORS Sachets,packets,328.0,28,13,10,8
2026-09-02,PHC-030,Pune PHC-3,Pune,Maharashtra,19.0851,73.2254,ORS Sachets,packets,326.2,28,16,10,9
2026-09-03,PHC-030,Pune PHC-3,Pune,Maharashtra,19.0851,73.2254,ORS Sachets,packets,326.9,28,17,10,8
2026-09-04,PHC-030,Pune PHC-3,Pune,Maharashtra,19.0851,73.2254,ORS Sachets,packets,328.6,28,22,10,6
2026-09-05,PHC-030,Pune PHC-3,Pune,Maharashtra,19.0851,73.2254,ORS Sachets,packets,329.2,28,16,10,7
2026-09-06,PHC-030,Pune PHC-3,Pune,Maharashtra,19.0851,73.2254,ORS Sachets,packets,330.7,28,13,10,6
2026-09-07,PHC-030,Pune PHC-3,Pune,Maharashtra,19.0851,73.2254,ORS Sachets,packets,332.5,28,16,10,7
2026-09-08,PHC-030,Pune PHC-3,Pune,Maharashtra,19.0851,73.2254,ORS Sachets,packets,336.6,28,10,10,6
2026-09-09,PHC-030,Pune PHC-3,Pune,Maharashtra,19.0851,73.2254,ORS Sachets,packets,336.6,28,14,10,9
2026-09-10,PHC-030,Pune PHC-3,Pune,Maharashtra,19.0851,73.2254,ORS Sachets,packets,337.6,28,19,10,8
2026-09-11,PHC-030,Pune PHC-3,Pune,Maharashtra,19.0851,73.2254,ORS Sachets,packets,334.7,28,12,10,6
2026-09-12,PHC-030,Pune PHC-3,Pune,Maharashtra,19.0851,73.2254,ORS Sachets,packets,335.0,28,10,10,8
2026-09-13,PHC-030,Pune PHC-3,Pune,Maharashtra,19.0851,73.2254,ORS Sachets,packets,331.6,28,14,10,7
2026-09-14,PHC-030,Pune PHC-3,Pune,Maharashtra,19.0851,73.2254,ORS Sachets,packets,331.1,28,20,10,7
2026-09-15,PHC-030,Pune PHC-3,Pune,Maharashtra,19.0851,73.2254,ORS Sachets,packets,335.5,28,9,10,10
2026-09-16,PHC-030,Pune PHC-3,Pune,Maharashtra,19.0851,73.2254,ORS Sachets,packets,337.5,28,15,10,10
2026-09-17,PHC-030,Pune PHC-3,Pune,Maharashtra,19.0851,73.2254,ORS Sachets,packets,336.3,28,15,10,7
2026-09-18,PHC-030,Pune PHC-3,Pune,Maharashtra,19.0851,73.2254,ORS Sachets,packets,340.3,28,13,10,8
2026-09-19,PHC-030,Pune PHC-3,Pune,Maharashtra,19.0851,73.2254,ORS Sachets,packets,340.4,28,11,10,7
2026-09-20,PHC-030,Pune PHC-3,Pune,Maharashtra,19.0851,73.2254,ORS Sachets,packets,342.1,28,18,10,9
2026-09-21,PHC-030,Pune PHC-3,Pune,Maharashtra,19.0851,73.2254,ORS Sachets,packets,341.3,28,20,10,7
2026-09-22,PHC-030,Pune PHC-3,Pune,Maharashtra,19.0851,73.2254,ORS Sachets,packets,343.4,28,13,10,7
2026-09-23,PHC-030,Pune PHC-3,Pune,Maharashtra,19.0851,73.2254,ORS Sachets,packets,340.7,28,14,10,10
2026-09-24,PHC-030,Pune PHC-3,Pune,Maharashtra,19.0851,73.2254,ORS Sachets,packets,346.5,28,14,10,10
2026-09-25,PHC-030,Pune PHC-3,Pune,Maharashtra,19.0851,73.2254,ORS Sachets,packets,346.2,28,12,10,7
2026-09-26,PHC-030,Pune PHC-3,Pune,Maharashtra,19.0851,73.2254,ORS Sachets,packets,347.3,28,21,10,6
2026-08-28,PHC-030,Pune PHC-3,Pune,Maharashtra,19.0851,73.2254,Insulin,vials,117.6,28,17,10,8
2026-08-29,PHC-030,Pune PHC-3,Pune,Maharashtra,19.0851,73.2254,Insulin,vials,118.7,28,22,10,7
2026-08-30,PHC-030,Pune PHC-3,Pune,Maharashtra,19.0851,73.2254,Insulin,vials,121.0,28,15,10,6
2026-08-31,PHC-030,Pune PHC-3,Pune,Maharashtra,19.0851,73.2254,Insulin,vials,120.3,28,25,10,8
2026-09-01,PHC-030,Pune PHC-3,Pune,Maharashtra,19.0851,73.2254,Insulin,vials,119.8,28,13,10,6
2026-09-02,PHC-030,Pune PHC-3,Pune,Maharashtra,19.0851,73.2254,Insulin,vials,119.7,28,25,10,9
2026-09-03,PHC-030,Pune PHC-3,Pune,Maharashtra,19.0851,73.2254,Insulin,vials,119.6,28,12,10,7
2026-09-04,PHC-030,Pune PHC-3,Pune,Maharashtra,19.0851,73.2254,Insulin,vials,120.5,28,15,10,9
2026-09-05,PHC-030,Pune PHC-3,Pune,Maharashtra,19.0851,73.2254,Insulin,vials,120.1,28,11,10,8
2026-09-06,PHC-030,Pune PHC-3,Pune,Maharashtra,19.0851,73.2254,Insulin,vials,121.3,28,13,10,9
2026-09-07,PHC-030,Pune PHC-3,Pune,Maharashtra,19.0851,73.2254,Insulin,vials,121.6,28,20,10,9
2026-09-08,PHC-030,Pune PHC-3,Pune,Maharashtra,19.0851,73.2254,Insulin,vials,122.1,28,19,10,8
2026-09-09,PHC-030,Pune PHC-3,Pune,Maharashtra,19.0851,73.2254,Insulin,vials,121.2,28,22,10,7
2026-09-10,PHC-030,Pune PHC-3,Pune,Maharashtra,19.0851,73.2254,Insulin,vials,121.8,28,20,10,7
2026-09-11,PHC-030,Pune PHC-3,Pune,Maharashtra,19.0851,73.2254,Insulin,vials,122.0,28,15,10,7
2026-09-12,PHC-030,Pune PHC-3,Pune,Maharashtra,19.0851,73.2254,Insulin,vials,121.4,28,12,10,8
2026-09-13,PHC-030,Pune PHC-3,Pune,Maharashtra,19.0851,73.2254,Insulin,vials,119.5,28,21,10,7
2026-09-14,PHC-030,Pune PHC-3,Pune,Maharashtra,19.0851,73.2254,Insulin,vials,118.7,28,25,10,8
2026-09-15,PHC-030,Pune PHC-3,Pune,Maharashtra,19.0851,73.2254,Insulin,vials,118.4,28,17,10,8
2026-09-16,PHC-030,Pune PHC-3,Pune,Maharashtra,19.0851,73.2254,Insulin,vials,118.4,28,11,10,8
2026-09-17,PHC-030,Pune PHC-3,Pune,Maharashtra,19.0851,73.2254,Insulin,vials,118.1,28,19,10,8
2026-09-18,PHC-030,Pune PHC-3,Pune,Maharashtra,19.0851,73.2254,Insulin,vials,119.1,28,9,10,7
2026-09-19,PHC-030,Pune PHC-3,Pune,Maharashtra,19.0851,73.2254,Insulin,vials,120.6,28,26,10,8
2026-09-20,PHC-030,Pune PHC-3,Pune,Maharashtra,19.0851,73.2254,Insulin,vials,121.2,28,22,10,8
2026-09-21,PHC-030,Pune PHC-3,Pune,Maharashtra,19.0851,73.2254,Insulin,vials,121.8,28,18,10,7
2026-09-22,PHC-030,Pune PHC-3,Pune,Maharashtra,19.0851,73.2254,Insulin,vials,121.5,28,11,10,6
2026-09-23,PHC-030,Pune PHC-3,Pune,Maharashtra,19.0851,73.2254,Insulin,vials,121.1,28,17,10,9
2026-09-24,PHC-030,Pune PHC-3,Pune,Maharashtra,19.0851,73.2254,Insulin,vials,121.0,28,12,10,9
2026-09-25,PHC-030,Pune PHC-3,Pune,Maharashtra,19.0851,73.2254,Insulin,vials,120.4,28,16,10,7
2026-09-26,PHC-030,Pune PHC-3,Pune,Maharashtra,19.0851,73.2254,Insulin,vials,120.1,28,15,10,9
2026-08-28,PHC-030,Pune PHC-3,Pune,Maharashtra,19.0851,73.2254,Amoxicillin,strips,478.1,28,19,10,9
2026-08-29,PHC-030,Pune PHC-3,Pune,Maharashtra,19.0851,73.2254,Amoxicillin,strips,481.6,28,14,10,6
2026-08-30,PHC-030,Pune PHC-3,Pune,Maharashtra,19.0851,73.2254,Amoxicillin,strips,475.5,28,18,10,7
2026-08-31,PHC-030,Pune PHC-3,Pune,Maharashtra,19.0851,73.2254,Amoxicillin,strips,479.3,28,19,10,9
2026-09-01,PHC-030,Pune PHC-3,Pune,Maharashtra,19.0851,73.2254,Amoxicillin,strips,487.1,28,19,10,7
2026-09-02,PHC-030,Pune PHC-3,Pune,Maharashtra,19.0851,73.2254,Amoxicillin,strips,486.7,28,15,10,6
2026-09-03,PHC-030,Pune PHC-3,Pune,Maharashtra,19.0851,73.2254,Amoxicillin,strips,482.9,28,6,10,8
2026-09-04,PHC-030,Pune PHC-3,Pune,Maharashtra,19.0851,73.2254,Amoxicillin,strips,480.9,28,3,10,7
2026-09-05,PHC-030,Pune PHC-3,Pune,Maharashtra,19.0851,73.2254,Amoxicillin,strips,478.9,28,18,10,10
2026-09-06,PHC-030,Pune PHC-3,Pune,Maharashtra,19.0851,73.2254,Amoxicillin,strips,482.7,28,21,10,7
2026-09-07,PHC-030,Pune PHC-3,Pune,Maharashtra,19.0851,73.2254,Amoxicillin,strips,487.4,28,14,10,7
2026-09-08,PHC-030,Pune PHC-3,Pune,Maharashtra,19.0851,73.2254,Amoxicillin,strips,478.9,28,12,10,7
2026-09-09,PHC-030,Pune PHC-3,Pune,Maharashtra,19.0851,73.2254,Amoxicillin,strips,479.4,28,21,10,7
2026-09-10,PHC-030,Pune PHC-3,Pune,Maharashtra,19.0851,73.2254,Amoxicillin,strips,482.4,28,13,10,7
2026-09-11,PHC-030,Pune PHC-3,Pune,Maharashtra,19.0851,73.2254,Amoxicillin,strips,484.2,28,23,10,7
2026-09-12,PHC-030,Pune PHC-3,Pune,Maharashtra,19.0851,73.2254,Amoxicillin,strips,483.9,28,9,10,7
2026-09-13,PHC-030,Pune PHC-3,Pune,Maharashtra,19.0851,73.2254,Amoxicillin,strips,483.0,28,18,10,10
2026-09-14,PHC-030,Pune PHC-3,Pune,Maharashtra,19.0851,73.2254,Amoxicillin,strips,480.9,28,13,10,6
2026-09-15,PHC-030,Pune PHC-3,Pune,Maharashtra,19.0851,73.2254,Amoxicillin,strips,480.9,28,9,10,8
2026-09-16,PHC-030,Pune PHC-3,Pune,Maharashtra,19.0851,73.2254,Amoxicillin,strips,481.0,28,22,10,9
2026-09-17,PHC-030,Pune PHC-3,Pune,Maharashtra,19.0851,73.2254,Amoxicillin,strips,478.5,28,17,10,9
2026-09-18,PHC-030,Pune PHC-3,Pune,Maharashtra,19.0851,73.2254,Amoxicillin,strips,478.2,28,17,10,6
2026-09-19,PHC-030,Pune PHC-3,Pune,Maharashtra,19.0851,73.2254,Amoxicillin,strips,480.8,28,20,10,8
2026-09-20,PHC-030,Pune PHC-3,Pune,Maharashtra,19.0851,73.2254,Amoxicillin,strips,482.3,28,15,10,7
2026-09-21,PHC-030,Pune PHC-3,Pune,Maharashtra,19.0851,73.2254,Amoxicillin,strips,484.4,28,24,10,10
2026-09-22,PHC-030,Pune PHC-3,Pune,Maharashtra,19.0851,73.2254,Amoxicillin,strips,477.6,28,4,10,9
2026-09-23,PHC-030,Pune PHC-3,Pune,Maharashtra,19.0851,73.2254,Amoxicillin,strips,478.0,28,11,10,8
2026-09-24,PHC-030,Pune PHC-3,Pune,Maharashtra,19.0851,73.2254,Amoxicillin,strips,480.4,28,17,10,9
2026-09-25,PHC-030,Pune PHC-3,Pune,Maharashtra,19.0851,73.2254,Amoxicillin,strips,484.6,28,19,10,7
2026-09-26,PHC-030,Pune PHC-3,Pune,Maharashtra,19.0851,73.2254,Amoxicillin,strips,489.3,28,18,10,8
2026-08-28,PHC-030,Pune PHC-3,Pune,Maharashtra,19.0851,73.2254,Iron Folic Acid Tablets,strips,398.1,28,21,10,8
2026-08-29,PHC-030,Pune PHC-3,Pune,Maharashtra,19.0851,73.2254,Iron Folic Acid Tablets,strips,393.8,28,21,10,8
2026-08-30,PHC-030,Pune PHC-3,Pune,Maharashtra,19.0851,73.2254,Iron Folic Acid Tablets,strips,389.4,28,19,10,10
2026-08-31,PHC-030,Pune PHC-3,Pune,Maharashtra,19.0851,73.2254,Iron Folic Acid Tablets,strips,414.2,28,17,10,9
2026-09-01,PHC-030,Pune PHC-3,Pune,Maharashtra,19.0851,73.2254,Iron Folic Acid Tablets,strips,414.2,28,17,10,7
2026-09-02,PHC-030,Pune PHC-3,Pune,Maharashtra,19.0851,73.2254,Iron Folic Acid Tablets,strips,422.6,28,10,10,9
2026-09-03,PHC-030,Pune PHC-3,Pune,Maharashtra,19.0851,73.2254,Iron Folic Acid Tablets,strips,418.0,28,25,10,7
2026-09-04,PHC-030,Pune PHC-3,Pune,Maharashtra,19.0851,73.2254,Iron Folic Acid Tablets,strips,416.9,28,13,10,8
2026-09-05,PHC-030,Pune PHC-3,Pune,Maharashtra,19.0851,73.2254,Iron Folic Acid Tablets,strips,419.7,28,17,10,8
2026-09-06,PHC-030,Pune PHC-3,Pune,Maharashtra,19.0851,73.2254,Iron Folic Acid Tablets,strips,423.3,28,16,10,7
2026-09-07,PHC-030,Pune PHC-3,Pune,Maharashtra,19.0851,73.2254,Iron Folic Acid Tablets,strips,422.8,28,21,10,9
2026-09-08,PHC-030,Pune PHC-3,Pune,Maharashtra,19.0851,73.2254,Iron Folic Acid Tablets,strips,426.6,28,16,10,8
2026-09-09,PHC-030,Pune PHC-3,Pune,Maharashtra,19.0851,73.2254,Iron Folic Acid Tablets,strips,413.4,28,19,10,8
2026-09-10,PHC-030,Pune PHC-3,Pune,Maharashtra,19.0851,73.2254,Iron Folic Acid Tablets,strips,412.5,28,19,10,6
2026-09-11,PHC-030,Pune PHC-3,Pune,Maharashtra,19.0851,73.2254,Iron Folic Acid Tablets,strips,403.9,28,16,10,7
2026-09-12,PHC-030,Pune PHC-3,Pune,Maharashtra,19.0851,73.2254,Iron Folic Acid Tablets,strips,405.6,28,15,10,6
2026-09-13,PHC-030,Pune PHC-3,Pune,Maharashtra,19.0851,73.2254,Iron Folic Acid Tablets,strips,405.3,28,12,10,7
2026-09-14,PHC-030,Pune PHC-3,Pune,Maharashtra,19.0851,73.2254,Iron Folic Acid Tablets,strips,404.1,28,22,10,8
2026-09-15,PHC-030,Pune PHC-3,Pune,Maharashtra,19.0851,73.2254,Iron Folic Acid Tablets,strips,401.2,28,18,10,9
2026-09-16,PHC-030,Pune PHC-3,Pune,Maharashtra,19.0851,73.2254,Iron Folic Acid Tablets,strips,407.8,28,15,10,8
2026-09-17,PHC-030,Pune PHC-3,Pune,Maharashtra,19.0851,73.2254,Iron Folic Acid Tablets,strips,407.1,28,21,10,9
2026-09-18,PHC-030,Pune PHC-3,Pune,Maharashtra,19.0851,73.2254,Iron Folic Acid Tablets,strips,412.3,28,15,10,7
2026-09-19,PHC-030,Pune PHC-3,Pune,Maharashtra,19.0851,73.2254,Iron Folic Acid Tablets,strips,403.3,28,19,10,8
2026-09-20,PHC-030,Pune PHC-3,Pune,Maharashtra,19.0851,73.2254,Iron Folic Acid Tablets,strips,400.9,28,16,10,5
2026-09-21,PHC-030,Pune PHC-3,Pune,Maharashtra,19.0851,73.2254,Iron Folic Acid Tablets,strips,401.4,28,12,10,8
2026-09-22,PHC-030,Pune PHC-3,Pune,Maharashtra,19.0851,73.2254,Iron Folic Acid Tablets,strips,416.5,28,12,10,8
2026-09-23,PHC-030,Pune PHC-3,Pune,Maharashtra,19.0851,73.2254,Iron Folic Acid Tablets,strips,413.3,28,17,10,8
2026-09-24,PHC-030,Pune PHC-3,Pune,Maharashtra,19.0851,73.2254,Iron Folic Acid Tablets,strips,415.2,28,14,10,9
2026-09-25,PHC-030,Pune PHC-3,Pune,Maharashtra,19.0851,73.2254,Iron Folic Acid Tablets,strips,414.6,28,18,10,8
2026-09-26,PHC-030,Pune PHC-3,Pune,Maharashtra,19.0851,73.2254,Iron Folic Acid Tablets,strips,417.1,28,18,10,8
2026-08-28,PHC-031,Nagpur PHC-1,Nagpur,Maharashtra,11.6555,83.9264,Paracetamol,units,688.7,19,16,9,4
2026-08-29,PHC-031,Nagpur PHC-1,Nagpur,Maharashtra,11.6555,83.9264,Paracetamol,units,676.3,19,9,9,9
2026-08-30,PHC-031,Nagpur PHC-1,Nagpur,Maharashtra,11.6555,83.9264,Paracetamol,units,664.9,19,10,9,9
2026-08-31,PHC-031,Nagpur PHC-1,Nagpur,Maharashtra,11.6555,83.9264,Paracetamol,units,647.5,19,10,9,5
2026-09-01,PHC-031,Nagpur PHC-1,Nagpur,Maharashtra,11.6555,83.9264,Paracetamol,units,628.2,19,15,9,7
2026-09-02,PHC-031,Nagpur PHC-1,Nagpur,Maharashtra,11.6555,83.9264,Paracetamol,units,616.3,19,6,9,7
2026-09-03,PHC-031,Nagpur PHC-1,Nagpur,Maharashtra,11.6555,83.9264,Paracetamol,units,602.4,19,12,9,7
2026-09-04,PHC-031,Nagpur PHC-1,Nagpur,Maharashtra,11.6555,83.9264,Paracetamol,units,585.3,19,9,9,5
2026-09-05,PHC-031,Nagpur PHC-1,Nagpur,Maharashtra,11.6555,83.9264,Paracetamol,units,574.9,19,13,9,8
2026-09-06,PHC-031,Nagpur PHC-1,Nagpur,Maharashtra,11.6555,83.9264,Paracetamol,units,558.5,19,13,9,7
2026-09-07,PHC-031,Nagpur PHC-1,Nagpur,Maharashtra,11.6555,83.9264,Paracetamol,units,542.1,19,10,9,8
2026-09-08,PHC-031,Nagpur PHC-1,Nagpur,Maharashtra,11.6555,83.9264,Paracetamol,units,528.7,19,9,9,5
2026-09-09,PHC-031,Nagpur PHC-1,Nagpur,Maharashtra,11.6555,83.9264,Paracetamol,units,513.3,19,9,9,7
2026-09-10,PHC-031,Nagpur PHC-1,Nagpur,Maharashtra,11.6555,83.9264,Paracetamol,units,494.0,19,13,9,9
2026-09-11,PHC-031,Nagpur PHC-1,Nagpur,Maharashtra,11.6555,83.9264,Paracetamol,units,481.3,19,14,9,7
2026-09-12,PHC-031,Nagpur PHC-1,Nagpur,Maharashtra,11.6555,83.9264,Paracetamol,units,470.5,19,17,9,7
2026-09-13,PHC-031,Nagpur PHC-1,Nagpur,Maharashtra,11.6555,83.9264,Paracetamol,units,454.2,19,8,9,8
2026-09-14,PHC-031,Nagpur PHC-1,Nagpur,Maharashtra,11.6555,83.9264,Paracetamol,units,435.9,19,14,9,5
2026-09-15,PHC-031,Nagpur PHC-1,Nagpur,Maharashtra,11.6555,83.9264,Paracetamol,units,423.4,19,9,9,8
2026-09-16,PHC-031,Nagpur PHC-1,Nagpur,Maharashtra,11.6555,83.9264,Paracetamol,units,412.0,19,9,9,7
2026-09-17,PHC-031,Nagpur PHC-1,Nagpur,Maharashtra,11.6555,83.9264,Paracetamol,units,402.6,19,13,9,6
2026-09-18,PHC-031,Nagpur PHC-1,Nagpur,Maharashtra,11.6555,83.9264,Paracetamol,units,387.7,19,12,9,9
2026-09-19,PHC-031,Nagpur PHC-1,Nagpur,Maharashtra,11.6555,83.9264,Paracetamol,units,379.6,19,10,9,7
2026-09-20,PHC-031,Nagpur PHC-1,Nagpur,Maharashtra,11.6555,83.9264,Paracetamol,units,363.6,19,7,9,7
2026-09-21,PHC-031,Nagpur PHC-1,Nagpur,Maharashtra,11.6555,83.9264,Paracetamol,units,355.8,19,6,9,8
2026-09-22,PHC-031,Nagpur PHC-1,Nagpur,Maharashtra,11.6555,83.9264,Paracetamol,units,337.7,19,11,9,6
2026-09-23,PHC-031,Nagpur PHC-1,Nagpur,Maharashtra,11.6555,83.9264,Paracetamol,units,327.9,19,12,9,7
2026-09-24,PHC-031,Nagpur PHC-1,Nagpur,Maharashtra,11.6555,83.9264,Paracetamol,units,320.6,19,9,9,7
2026-09-25,PHC-031,Nagpur PHC-1,Nagpur,Maharashtra,11.6555,83.9264,Paracetamol,units,305.1,19,14,9,9
2026-09-26,PHC-031,Nagpur PHC-1,Nagpur,Maharashtra,11.6555,83.9264,Paracetamol,units,295.0,19,11,9,7
2026-08-28,PHC-031,Nagpur PHC-1,Nagpur,Maharashtra,11.6555,83.9264,ORS Sachets,packets,399.6,19,11,9,9
2026-08-29,PHC-031,Nagpur PHC-1,Nagpur,Maharashtra,11.6555,83.9264,ORS Sachets,packets,391.9,19,9,9,8
2026-08-30,PHC-031,Nagpur PHC-1,Nagpur,Maharashtra,11.6555,83.9264,ORS Sachets,packets,381.7,19,13,9,8
2026-08-31,PHC-031,Nagpur PHC-1,Nagpur,Maharashtra,11.6555,83.9264,ORS Sachets,packets,376.1,19,9,9,8
2026-09-01,PHC-031,Nagpur PHC-1,Nagpur,Maharashtra,11.6555,83.9264,ORS Sachets,packets,367.4,19,15,9,7
2026-09-02,PHC-031,Nagpur PHC-1,Nagpur,Maharashtra,11.6555,83.9264,ORS Sachets,packets,360.5,19,5,9,7
2026-09-03,PHC-031,Nagpur PHC-1,Nagpur,Maharashtra,11.6555,83.9264,ORS Sachets,packets,352.4,19,10,9,8
2026-09-04,PHC-031,Nagpur PHC-1,Nagpur,Maharashtra,11.6555,83.9264,ORS Sachets,packets,346.5,19,14,9,7
2026-09-05,PHC-031,Nagpur PHC-1,Nagpur,Maharashtra,11.6555,83.9264,ORS Sachets,packets,334.9,19,11,9,9
2026-09-06,PHC-031,Nagpur PHC-1,Nagpur,Maharashtra,11.6555,83.9264,ORS Sachets,packets,329.6,19,11,9,9
2026-09-07,PHC-031,Nagpur PHC-1,Nagpur,Maharashtra,11.6555,83.9264,ORS Sachets,packets,322.2,19,13,9,8
2026-09-08,PHC-031,Nagpur PHC-1,Nagpur,Maharashtra,11.6555,83.9264,ORS Sachets,packets,316.7,19,13,9,5
2026-09-09,PHC-031,Nagpur PHC-1,Nagpur,Maharashtra,11.6555,83.9264,ORS Sachets,packets,310.6,19,10,9,7
2026-09-10,PHC-031,Nagpur PHC-1,Nagpur,Maharashtra,11.6555,83.9264,ORS Sachets,packets,300.7,19,6,9,5
2026-09-11,PHC-031,Nagpur PHC-1,Nagpur,Maharashtra,11.6555,83.9264,ORS Sachets,packets,292.3,19,12,9,4
2026-09-12,PHC-031,Nagpur PHC-1,Nagpur,Maharashtra,11.6555,83.9264,ORS Sachets,packets,283.2,19,13,9,7
2026-09-13,PHC-031,Nagpur PHC-1,Nagpur,Maharashtra,11.6555,83.9264,ORS Sachets,packets,273.0,19,14,9,6
2026-09-14,PHC-031,Nagpur PHC-1,Nagpur,Maharashtra,11.6555,83.9264,ORS Sachets,packets,265.1,19,10,9,5
2026-09-15,PHC-031,Nagpur PHC-1,Nagpur,Maharashtra,11.6555,83.9264,ORS Sachets,packets,260.6,19,9,9,6
2026-09-16,PHC-031,Nagpur PHC-1,Nagpur,Maharashtra,11.6555,83.9264,ORS Sachets,packets,255.5,19,14,9,8
2026-09-17,PHC-031,Nagpur PHC-1,Nagpur,Maharashtra,11.6555,83.9264,ORS Sachets,packets,249.3,19,10,9,8
2026-09-18,PHC-031,Nagpur PHC-1,Nagpur,Maharashtra,11.6555,83.9264,ORS Sachets,packets,238.5,19,10,9,9
2026-09-19,PHC-031,Nagpur PHC-1,Nagpur,Maharashtra,11.6555,83.9264,ORS Sachets,packets,226.9,19,6,9,8
2026-09-20,PHC-031,Nagpur PHC-1,Nagpur,Maharashtra,11.6555,83.9264,ORS Sachets,packets,215.8,19,7,9,6
2026-09-21,PHC-031,Nagpur PHC-1,Nagpur,Maharashtra,11.6555,83.9264,ORS Sachets,packets,208.1,19,13,9,9
2026-09-22,PHC-031,Nagpur PHC-1,Nagpur,Maharashtra,11.6555,83.9264,ORS Sachets,packets,202.4,19,6,9,6
2026-09-23,PHC-031,Nagpur PHC-1,Nagpur,Maharashtra,11.6555,83.9264,ORS Sachets,packets,197.9,19,15,9,8
2026-09-24,PHC-031,Nagpur PHC-1,Nagpur,Maharashtra,11.6555,83.9264,ORS Sachets,packets,192.0,19,12,9,7
2026-09-25,PHC-031,Nagpur PHC-1,Nagpur,Maharashtra,11.6555,83.9264,ORS Sachets,packets,185.3,19,12,9,7
2026-09-26,PHC-031,Nagpur PHC-1,Nagpur,Maharashtra,11.6555,83.9264,ORS Sachets,packets,173.7,19,13,9,7
2026-08-28,PHC-031,Nagpur PHC-1,Nagpur,Maharashtra,11.6555,83.9264,Insulin,vials,132.3,19,8,9,8
2026-08-29,PHC-031,Nagpur PHC-1,Nagpur,Maharashtra,11.6555,83.9264,Insulin,vials,132.6,19,14,9,6
2026-08-30,PHC-031,Nagpur PHC-1,Nagpur,Maharashtra,11.6555,83.9264,Insulin,vials,131.6,19,11,9,7
2026-08-31,PHC-031,Nagpur PHC-1,Nagpur,Maharashtra,11.6555,83.9264,Insulin,vials,131.4,19,13,9,5
2026-09-01,PHC-031,Nagpur PHC-1,Nagpur,Maharashtra,11.6555,83.9264,Insulin,vials,130.9,19,18,9,6
2026-09-02,PHC-031,Nagpur PHC-1,Nagpur,Maharashtra,11.6555,83.9264,Insulin,vials,131.1,19,6,9,7
2026-09-03,PHC-031,Nagpur PHC-1,Nagpur,Maharashtra,11.6555,83.9264,Insulin,vials,131.1,19,4,9,6
2026-09-04,PHC-031,Nagpur PHC-1,Nagpur,Maharashtra,11.6555,83.9264,Insulin,vials,131.5,19,14,9,6
2026-09-05,PHC-031,Nagpur PHC-1,Nagpur,Maharashtra,11.6555,83.9264,Insulin,vials,131.5,19,15,9,7
2026-09-06,PHC-031,Nagpur PHC-1,Nagpur,Maharashtra,11.6555,83.9264,Insulin,vials,132.0,19,10,9,7
2026-09-07,PHC-031,Nagpur PHC-1,Nagpur,Maharashtra,11.6555,83.9264,Insulin,vials,134.2,19,9,9,9
2026-09-08,PHC-031,Nagpur PHC-1,Nagpur,Maharashtra,11.6555,83.9264,Insulin,vials,133.1,19,15,9,7
2026-09-09,PHC-031,Nagpur PHC-1,Nagpur,Maharashtra,11.6555,83.9264,Insulin,vials,131.3,19,10,9,8
2026-09-10,PHC-031,Nagpur PHC-1,Nagpur,Maharashtra,11.6555,83.9264,Insulin,vials,130.8,19,10,9,7
2026-09-11,PHC-031,Nagpur PHC-1,Nagpur,Maharashtra,11.6555,83.9264,Insulin,vials,130.5,19,9,9,9
2026-09-12,PHC-031,Nagpur PHC-1,Nagpur,Maharashtra,11.6555,83.9264,Insulin,vials,130.4,19,10,9,7
2026-09-13,PHC-031,Nagpur PHC-1,Nagpur,Maharashtra,11.6555,83.9264,Insulin,vials,131.0,19,12,9,8
2026-09-14,PHC-031,Nagpur PHC-1,Nagpur,Maharashtra,11.6555,83.9264,Insulin,vials,131.2,19,12,9,8
2026-09-15,PHC-031,Nagpur PHC-1,Nagpur,Maharashtra,11.6555,83.9264,Insulin,vials,133.4,19,9,9,7
2026-09-16,PHC-031,Nagpur PHC-1,Nagpur,Maharashtra,11.6555,83.9264,Insulin,vials,132.4,19,14,9,9
2026-09-17,PHC-031,Nagpur PHC-1,Nagpur,Maharashtra,11.6555,83.9264,Insulin,vials,132.9,19,12,9,8
2026-09-18,PHC-031,Nagpur PHC-1,Nagpur,Maharashtra,11.6555,83.9264,Insulin,vials,134.4,19,10,9,8
2026-09-19,PHC-031,Nagpur PHC-1,Nagpur,Maharashtra,11.6555,83.9264,Insulin,vials,134.4,19,8,9,6
2026-09-20,PHC-031,Nagpur PHC-1,Nagpur,Maharashtra,11.6555,83.9264,Insulin,vials,136.2,19,10,9,7
2026-09-21,PHC-031,Nagpur PHC-1,Nagpur,Maharashtra,11.6555,83.9264,Insulin,vials,135.2,19,10,9,9
2026-09-22,PHC-031,Nagpur PHC-1,Nagpur,Maharashtra,11.6555,83.9264,Insulin,vials,134.0,19,11,9,8
2026-09-23,PHC-031,Nagpur PHC-1,Nagpur,Maharashtra,11.6555,83.9264,Insulin,vials,134.2,19,10,9,5
2026-09-24,PHC-031,Nagpur PHC-1,Nagpur,Maharashtra,11.6555,83.9264,Insulin,vials,134.0,19,11,9,7
2026-09-25,PHC-031,Nagpur PHC-1,Nagpur,Maharashtra,11.6555,83.9264,Insulin,vials,132.4,19,9,9,8
2026-09-26,PHC-031,Nagpur PHC-1,Nagpur,Maharashtra,11.6555,83.9264,Insulin,vials,132.4,19,8,9,7
2026-08-28,PHC-031,Nagpur PHC-1,Nagpur,Maharashtra,11.6555,83.9264,Amoxicillin,strips,419.8,19,9,9,7
2026-08-29,PHC-031,Nagpur PHC-1,Nagpur,Maharashtra,11.6555,83.9264,Amoxicillin,strips,418.6,19,13,9,7
2026-08-30,PHC-031,Nagpur PHC-1,Nagpur,Maharashtra,11.6555,83.9264,Amoxicillin,strips,415.1,19,10,9,5
2026-08-31,PHC-031,Nagpur PHC-1,Nagpur,Maharashtra,11.6555,83.9264,Amoxicillin,strips,411.2,19,15,9,8
2026-09-01,PHC-031,Nagpur PHC-1,Nagpur,Maharashtra,11.6555,83.9264,Amoxicillin,strips,409.5,19,8,9,6
2026-09-02,PHC-031,Nagpur PHC-1,Nagpur,Maharashtra,11.6555,83.9264,Amoxicillin,strips,417.0,19,12,9,7
2026-09-03,PHC-031,Nagpur PHC-1,Nagpur,Maharashtra,11.6555,83.9264,Amoxicillin,strips,416.9,19,17,9,9
2026-09-04,PHC-031,Nagpur PHC-1,Nagpur,Maharashtra,11.6555,83.9264,Amoxicillin,strips,417.4,19,12,9,8
2026-09-05,PHC-031,Nagpur PHC-1,Nagpur,Maharashtra,11.6555,83.9264,Amoxicillin,strips,414.3,19,14,9,7
2026-09-06,PHC-031,Nagpur PHC-1,Nagpur,Maharashtra,11.6555,83.9264,Amoxicillin,strips,423.0,19,12,9,8
2026-09-07,PHC-031,Nagpur PHC-1,Nagpur,Maharashtra,11.6555,83.9264,Amoxicillin,strips,423.8,19,8,9,7
2026-09-08,PHC-031,Nagpur PHC-1,Nagpur,Maharashtra,11.6555,83.9264,Amoxicillin,strips,416.2,19,9,9,8
2026-09-09,PHC-031,Nagpur PHC-1,Nagpur,Maharashtra,11.6555,83.9264,Amoxicillin,strips,415.7,19,14,9,6
2026-09-10,PHC-031,Nagpur PHC-1,Nagpur,Maharashtra,11.6555,83.9264,Amoxicillin,strips,409.7,19,13,9,7
2026-09-11,PHC-031,Nagpur PHC-1,Nagpur,Maharashtra,11.6555,83.9264,Amoxicillin,strips,404.8,19,10,9,8
2026-09-12,PHC-031,Nagpur PHC-1,Nagpur,Maharashtra,11.6555,83.9264,Amoxicillin,strips,401.7,19,8,9,7
2026-09-13,PHC-031,Nagpur PHC-1,Nagpur,Maharashtra,11.6555,83.9264,Amoxicillin,strips,409.8,19,12,9,7
2026-09-14,PHC-031,Nagpur PHC-1,Nagpur,Maharashtra,11.6555,83.9264,Amoxicillin,strips,412.1,19,9,9,9
2026-09-15,PHC-031,Nagpur PHC-1,Nagpur,Maharashtra,11.6555,83.9264,Amoxicillin,strips,412.7,19,12,9,8
2026-09-16,PHC-031,Nagpur PHC-1,Nagpur,Maharashtra,11.6555,83.9264,Amoxicillin,strips,409.1,19,13,9,7
2026-09-17,PHC-031,Nagpur PHC-1,Nagpur,Maharashtra,11.6555,83.9264,Amoxicillin,strips,408.3,19,10,9,8
2026-09-18,PHC-031,Nagpur PHC-1,Nagpur,Maharashtra,11.6555,83.9264,Amoxicillin,strips,405.0,19,15,9,8
2026-09-19,PHC-031,Nagpur PHC-1,Nagpur,Maharashtra,11.6555,83.9264,Amoxicillin,strips,404.0,19,12,9,8
2026-09-20,PHC-031,Nagpur PHC-1,Nagpur,Maharashtra,11.6555,83.9264,Amoxicillin,strips,405.3,19,13,9,4
2026-09-21,PHC-031,Nagpur PHC-1,Nagpur,Maharashtra,11.6555,83.9264,Amoxicillin,strips,408.5,19,13,9,8
2026-09-22,PHC-031,Nagpur PHC-1,Nagpur,Maharashtra,11.6555,83.9264,Amoxicillin,strips,403.5,19,6,9,8
2026-09-23,PHC-031,Nagpur PHC-1,Nagpur,Maharashtra,11.6555,83.9264,Amoxicillin,strips,407.8,19,9,9,8
2026-09-24,PHC-031,Nagpur PHC-1,Nagpur,Maharashtra,11.6555,83.9264,Amoxicillin,strips,405.4,19,11,9,8
2026-09-25,PHC-031,Nagpur PHC-1,Nagpur,Maharashtra,11.6555,83.9264,Amoxicillin,strips,408.1,19,10,9,6
2026-09-26,PHC-031,Nagpur PHC-1,Nagpur,Maharashtra,11.6555,83.9264,Amoxicillin,strips,404.1,19,17,9,8
2026-08-28,PHC-031,Nagpur PHC-1,Nagpur,Maharashtra,11.6555,83.9264,Iron Folic Acid Tablets,strips,680.2,19,13,9,7
2026-08-29,PHC-031,Nagpur PHC-1,Nagpur,Maharashtra,11.6555,83.9264,Iron Folic Acid Tablets,strips,687.1,19,9,9,7
2026-08-30,PHC-031,Nagpur PHC-1,Nagpur,Maharashtra,11.6555,83.9264,Iron Folic Acid Tablets,strips,690.2,19,9,9,7
2026-08-31,PHC-031,Nagpur PHC-1,Nagpur,Maharashtra,11.6555,83.9264,Iron Folic Acid Tablets,strips,693.2,19,10,9,6
2026-09-01,PHC-031,Nagpur PHC-1,Nagpur,Maharashtra,11.6555,83.9264,Iron Folic Acid Tablets,strips,697.9,19,9,9,7
2026-09-02,PHC-031,Nagpur PHC-1,Nagpur,Maharashtra,11.6555,83.9264,Iron Folic Acid Tablets,strips,705.8,19,7,9,9
2026-09-03,PHC-031,Nagpur PHC-1,Nagpur,Maharashtra,11.6555,83.9264,Iron Folic Acid Tablets,strips,711.9,19,12,9,6
2026-09-04,PHC-031,Nagpur PHC-1,Nagpur,Maharashtra,11.6555,83.9264,Iron Folic Acid Tablets,strips,720.1,19,11,9,7
2026-09-05,PHC-031,Nagpur PHC-1,Nagpur,Maharashtra,11.6555,83.9264,Iron Folic Acid Tablets,strips,724.9,19,10,9,8
2026-09-06,PHC-031,Nagpur PHC-1,Nagpur,Maharashtra,11.6555,83.9264,Iron Folic Acid Tablets,strips,728.9,19,11,9,6
2026-09-07,PHC-031,Nagpur PHC-1,Nagpur,Maharashtra,11.6555,83.9264,Iron Folic Acid Tablets,strips,732.9,19,10,9,8
2026-09-08,PHC-031,Nagpur PHC-1,Nagpur,Maharashtra,11.6555,83.9264,Iron Folic Acid Tablets,strips,739.1,19,13,9,7
2026-09-09,PHC-031,Nagpur PHC-1,Nagpur,Maharashtra,11.6555,83.9264,Iron Folic Acid Tablets,strips,746.9,19,10,9,5
2026-09-10,PHC-031,Nagpur PHC-1,Nagpur,Maharashtra,11.6555,83.9264,Iron Folic Acid Tablets,strips,754.5,19,10,9,6
2026-09-11,PHC-031,Nagpur PHC-1,Nagpur,Maharashtra,11.6555,83.9264,Iron Folic Acid Tablets,strips,762.3,19,11,9,6
2026-09-12,PHC-031,Nagpur PHC-1,Nagpur,Maharashtra,11.6555,83.9264,Iron Folic Acid Tablets,strips,765.9,19,15,9,5
2026-09-13,PHC-031,Nagpur PHC-1,Nagpur,Maharashtra,11.6555,83.9264,Iron Folic Acid Tablets,strips,771.3,19,8,9,6
2026-09-14,PHC-031,Nagpur PHC-1,Nagpur,Maharashtra,11.6555,83.9264,Iron Folic Acid Tablets,strips,778.2,19,8,9,8
2026-09-15,PHC-031,Nagpur PHC-1,Nagpur,Maharashtra,11.6555,83.9264,Iron Folic Acid Tablets,strips,783.9,19,13,9,8
2026-09-16,PHC-031,Nagpur PHC-1,Nagpur,Maharashtra,11.6555,83.9264,Iron Folic Acid Tablets,strips,787.3,19,10,9,8
2026-09-17,PHC-031,Nagpur PHC-1,Nagpur,Maharashtra,11.6555,83.9264,Iron Folic Acid Tablets,strips,792.1,19,16,9,8
2026-09-18,PHC-031,Nagpur PHC-1,Nagpur,Maharashtra,11.6555,83.9264,Iron Folic Acid Tablets,strips,795.4,19,18,9,7
2026-09-19,PHC-031,Nagpur PHC-1,Nagpur,Maharashtra,11.6555,83.9264,Iron Folic Acid Tablets,strips,801.6,19,11,9,6
2026-09-20,PHC-031,Nagpur PHC-1,Nagpur,Maharashtra,11.6555,83.9264,Iron Folic Acid Tablets,strips,809.9,19,6,9,7
2026-09-21,PHC-031,Nagpur PHC-1,Nagpur,Maharashtra,11.6555,83.9264,Iron Folic Acid Tablets,strips,813.9,19,14,9,8
2026-09-22,PHC-031,Nagpur PHC-1,Nagpur,Maharashtra,11.6555,83.9264,Iron Folic Acid Tablets,strips,818.1,19,17,9,7
2026-09-23,PHC-031,Nagpur PHC-1,Nagpur,Maharashtra,11.6555,83.9264,Iron Folic Acid Tablets,strips,825.9,19,6,9,6
2026-09-24,PHC-031,Nagpur PHC-1,Nagpur,Maharashtra,11.6555,83.9264,Iron Folic Acid Tablets,strips,831.5,19,11,9,7
2026-09-25,PHC-031,Nagpur PHC-1,Nagpur,Maharashtra,11.6555,83.9264,Iron Folic Acid Tablets,strips,837.7,19,7,9,7
2026-09-26,PHC-031,Nagpur PHC-1,Nagpur,Maharashtra,11.6555,83.9264,Iron Folic Acid Tablets,strips,841.9,19,14,9,7
2026-08-28,PHC-032,Nagpur PHC-2,Nagpur,Maharashtra,17.1445,76.0302,Paracetamol,units,598.1,23,15,11,9
2026-08-29,PHC-032,Nagpur PHC-2,Nagpur,Maharashtra,17.1445,76.0302,Paracetamol,units,593.0,23,14,11,9
2026-08-30,PHC-032,Nagpur PHC-2,Nagpur,Maharashtra,17.1445,76.0302,Paracetamol,units,590.1,23,14,11,8
2026-08-31,PHC-032,Nagpur PHC-2,Nagpur,Maharashtra,17.1445,76.0302,Paracetamol,units,598.4,23,21,11,11
2026-09-01,PHC-032,Nagpur PHC-2,Nagpur,Maharashtra,17.1445,76.0302,Paracetamol,units,596.5,23,13,11,9
2026-09-02,PHC-032,Nagpur PHC-2,Nagpur,Maharashtra,17.1445,76.0302,Paracetamol,units,605.7,23,6,11,8
2026-09-03,PHC-032,Nagpur PHC-2,Nagpur,Maharashtra,17.1445,76.0302,Paracetamol,units,601.0,23,12,11,10
2026-09-04,PHC-032,Nagpur PHC-2,Nagpur,Maharashtra,17.1445,76.0302,Paracetamol,units,592.2,23,9,11,8
2026-09-05,PHC-032,Nagpur PHC-2,Nagpur,Maharashtra,17.1445,76.0302,Paracetamol,units,586.9,23,10,11,10
2026-09-06,PHC-032,Nagpur PHC-2,Nagpur,Maharashtra,17.1445,76.0302,Paracetamol,units,587.2,23,10,11,10
2026-09-07,PHC-032,Nagpur PHC-2,Nagpur,Maharashtra,17.1445,76.0302,Paracetamol,units,581.1,23,19,11,9
2026-09-08,PHC-032,Nagpur PHC-2,Nagpur,Maharashtra,17.1445,76.0302,Paracetamol,units,583.3,23,15,11,11
2026-09-09,PHC-032,Nagpur PHC-2,Nagpur,Maharashtra,17.1445,76.0302,Paracetamol,units,586.8,23,12,11,10
2026-09-10,PHC-032,Nagpur PHC-2,Nagpur,Maharashtra,17.1445,76.0302,Paracetamol,units,587.2,23,23,11,6
2026-09-11,PHC-032,Nagpur PHC-2,Nagpur,Maharashtra,17.1445,76.0302,Paracetamol,units,588.4,23,13,11,9
2026-09-12,PHC-032,Nagpur PHC-2,Nagpur,Maharashtra,17.1445,76.0302,Paracetamol,units,586.8,23,14,11,8
2026-09-13,PHC-032,Nagpur PHC-2,Nagpur,Maharashtra,17.1445,76.0302,Paracetamol,units,585.0,23,15,11,8
2026-09-14,PHC-032,Nagpur PHC-2,Nagpur,Maharashtra,17.1445,76.0302,Paracetamol,units,589.8,23,15,11,8
2026-09-15,PHC-032,Nagpur PHC-2,Nagpur,Maharashtra,17.1445,76.0302,Paracetamol,units,598.9,23,11,11,10
2026-09-16,PHC-032,Nagpur PHC-2,Nagpur,Maharashtra,17.1445,76.0302,Paracetamol,units,604.3,23,11,11,8
2026-09-17,PHC-032,Nagpur PHC-2,Nagpur,Maharashtra,17.1445,76.0302,Paracetamol,units,601.1,23,15,11,9
2026-09-18,PHC-032,Nagpur PHC-2,Nagpur,Maharashtra,17.1445,76.0302,Paracetamol,units,600.9,23,9,11,10
2026-09-19,PHC-032,Nagpur PHC-2,Nagpur,Maharashtra,17.1445,76.0302,Paracetamol,units,600.8,23,14,11,11
2026-09-20,PHC-032,Nagpur PHC-2,Nagpur,Maharashtra,17.1445,76.0302,Paracetamol,units,596.0,23,15,11,7
2026-09-21,PHC-032,Nagpur PHC-2,Nagpur,Maharashtra,17.1445,76.0302,Paracetamol,units,592.6,23,11,11,9
2026-09-22,PHC-032,Nagpur PHC-2,Nagpur,Maharashtra,17.1445,76.0302,Paracetamol,units,600.7,23,16,11,9
2026-09-23,PHC-032,Nagpur PHC-2,Nagpur,Maharashtra,17.1445,76.0302,Paracetamol,units,585.8,23,15,11,6
2026-09-24,PHC-032,Nagpur PHC-2,Nagpur,Maharashtra,17.1445,76.0302,Paracetamol,units,584.9,23,14,11,8
2026-09-25,PHC-032,Nagpur PHC-2,Nagpur,Maharashtra,17.1445,76.0302,Paracetamol,units,584.5,23,15,11,9
2026-09-26,PHC-032,Nagpur PHC-2,Nagpur,Maharashtra,17.1445,76.0302,Paracetamol,units,593.0,23,15,11,8
2026-08-28,PHC-032,Nagpur PHC-2,Nagpur,Maharashtra,17.1445,76.0302,ORS Sachets,packets,260.1,23,12,11,9
2026-08-29,PHC-032,Nagpur PHC-2,Nagpur,Maharashtra,17.1445,76.0302,ORS Sachets,packets,255.4,23,12,11,9
2026-08-30,PHC-032,Nagpur PHC-2,Nagpur,Maharashtra,17.1445,76.0302,ORS Sachets,packets,255.0,23,11,11,7
2026-08-31,PHC-032,Nagpur PHC-2,Nagpur,Maharashtra,17.1445,76.0302,ORS Sachets,packets,254.1,23,12,11,9
2026-09-01,PHC-032,Nagpur PHC-2,Nagpur,Maharashtra,17.1445,76.0302,ORS Sachets,packets,255.7,23,11,11,7
2026-09-02,PHC-032,Nagpur PHC-2,Nagpur,Maharashtra,17.1445,76.0302,ORS Sachets,packets,256.5,23,10,11,9
2026-09-03,PHC-032,Nagpur PHC-2,Nagpur,Maharashtra,17.1445,76.0302,ORS Sachets,packets,261.4,23,14,11,10
2026-09-04,PHC-032,Nagpur PHC-2,Nagpur,Maharashtra,17.1445,76.0302,ORS Sachets,packets,261.3,23,12,11,9
2026-09-05,PHC-032,Nagpur PHC-2,Nagpur,Maharashtra,17.1445,76.0302,ORS Sachets,packets,261.9,23,10,11,7
2026-09-06,PHC-032,Nagpur PHC-2,Nagpur,Maharashtra,17.1445,76.0302,ORS Sachets,packets,263.1,23,15,11,8
2026-09-07,PHC-032,Nagpur PHC-2,Nagpur,Maharashtra,17.1445,76.0302,ORS Sachets,packets,260.0,23,15,11,7
2026-09-08,PHC-032,Nagpur PHC-2,Nagpur,Maharashtra,17.1445,76.0302,ORS Sachets,packets,258.6,23,2,11,8
2026-09-09,PHC-032,Nagpur PHC-2,Nagpur,Maharashtra,17.1445,76.0302,ORS Sachets,packets,257.7,23,13,11,11
2026-09-10,PHC-032,Nagpur PHC-2,Nagpur,Maharashtra,17.1445,76.0302,ORS Sachets,packets,258.5,23,15,11,10
2026-09-11,PHC-032,Nagpur PHC-2,Nagpur,Maharashtra,17.1445,76.0302,ORS Sachets,packets,259.7,23,16,11,6
2026-09-12,PHC-032,Nagpur PHC-2,Nagpur,Maharashtra,17.1445,76.0302,ORS Sachets,packets,265.6,23,14,11,7
2026-09-13,PHC-032,Nagpur PHC-2,Nagpur,Maharashtra,17.1445,76.0302,ORS Sachets,packets,262.5,23,15,11,7
2026-09-14,PHC-032,Nagpur PHC-2,Nagpur,Maharashtra,17.1445,76.0302,ORS Sachets,packets,256.1,23,14,11,6
2026-09-15,PHC-032,Nagpur PHC-2,Nagpur,Maharashtra,17.1445,76.0302,ORS Sachets,packets,255.5,23,17,11,8
2026-09-16,PHC-032,Nagpur PHC-2,Nagpur,Maharashtra,17.1445,76.0302,ORS Sachets,packets,251.7,23,12,11,9
2026-09-17,PHC-032,Nagpur PHC-2,Nagpur,Maharashtra,17.1445,76.0302,ORS Sachets,packets,253.1,23,16,11,9
2026-09-18,PHC-032,Nagpur PHC-2,Nagpur,Maharashtra,17.1445,76.0302,ORS Sachets,packets,249.7,23,15,11,11
2026-09-19,PHC-032,Nagpur PHC-2,Nagpur,Maharashtra,17.1445,76.0302,ORS Sachets,packets,251.9,23,16,11,11
2026-09-20,PHC-032,Nagpur PHC-2,Nagpur,Maharashtra,17.1445,76.0302,ORS Sachets,packets,252.2,23,15,11,8
2026-09-21,PHC-032,Nagpur PHC-2,Nagpur,Maharashtra,17.1445,76.0302,ORS Sachets,packets,249.6,23,18,11,9
2026-09-22,PHC-032,Nagpur PHC-2,Nagpur,Maharashtra,17.1445,76.0302,ORS Sachets,packets,250.7,23,17,11,10
2026-09-23,PHC-032,Nagpur PHC-2,Nagpur,Maharashtra,17.1445,76.0302,ORS Sachets,packets,244.3,23,15,11,8
2026-09-24,PHC-032,Nagpur PHC-2,Nagpur,Maharashtra,17.1445,76.0302,ORS Sachets,packets,247.7,23,17,11,11
2026-09-25,PHC-032,Nagpur PHC-2,Nagpur,Maharashtra,17.1445,76.0302,ORS Sachets,packets,251.6,23,18,11,11
2026-09-26,PHC-032,Nagpur PHC-2,Nagpur,Maharashtra,17.1445,76.0302,ORS Sachets,packets,247.2,23,22,11,9
2026-08-28,PHC-032,Nagpur PHC-2,Nagpur,Maharashtra,17.1445,76.0302,Insulin,vials,129.8,23,12,11,9
2026-08-29,PHC-032,Nagpur PHC-2,Nagpur,Maharashtra,17.1445,76.0302,Insulin,vials,130.8,23,10,11,10
2026-08-30,PHC-032,Nagpur PHC-2,Nagpur,Maharashtra,17.1445,76.0302,Insulin,vials,132.3,23,16,11,8
2026-08-31,PHC-032,Nagpur PHC-2,Nagpur,Maharashtra,17.1445,76.0302,Insulin,vials,134.5,23,16,11,9
2026-09-01,PHC-032,Nagpur PHC-2,Nagpur,Maharashtra,17.1445,76.0302,Insulin,vials,133.6,23,15,11,9
2026-09-02,PHC-032,Nagpur PHC-2,Nagpur,Maharashtra,17.1445,76.0302,Insulin,vials,134.4,23,8,11,10
2026-09-03,PHC-032,Nagpur PHC-2,Nagpur,Maharashtra,17.1445,76.0302,Insulin,vials,133.9,23,17,11,9
2026-09-04,PHC-032,Nagpur PHC-2,Nagpur,Maharashtra,17.1445,76.0302,Insulin,vials,134.0,23,14,11,9
2026-09-05,PHC-032,Nagpur PHC-2,Nagpur,Maharashtra,17.1445,76.0302,Insulin,vials,135.3,23,12,11,10
2026-09-06,PHC-032,Nagpur PHC-2,Nagpur,Maharashtra,17.1445,76.0302,Insulin,vials,133.1,23,14,11,9
2026-09-07,PHC-032,Nagpur PHC-2,Nagpur,Maharashtra,17.1445,76.0302,Insulin,vials,131.0,23,14,11,9
2026-09-08,PHC-032,Nagpur PHC-2,Nagpur,Maharashtra,17.1445,76.0302,Insulin,vials,130.0,23,12,11,10
2026-09-09,PHC-032,Nagpur PHC-2,Nagpur,Maharashtra,17.1445,76.0302,Insulin,vials,128.0,23,15,11,8
2026-09-10,PHC-032,Nagpur PHC-2,Nagpur,Maharashtra,17.1445,76.0302,Insulin,vials,128.9,23,9,11,9
2026-09-11,PHC-032,Nagpur PHC-2,Nagpur,Maharashtra,17.1445,76.0302,Insulin,vials,127.8,23,17,11,11
2026-09-12,PHC-032,Nagpur PHC-2,Nagpur,Maharashtra,17.1445,76.0302,Insulin,vials,127.4,23,17,11,9
2026-09-13,PHC-032,Nagpur PHC-2,Nagpur,Maharashtra,17.1445,76.0302,Insulin,vials,127.3,23,15,11,10
2026-09-14,PHC-032,Nagpur PHC-2,Nagpur,Maharashtra,17.1445,76.0302,Insulin,vials,126.9,23,17,11,9
2026-09-15,PHC-032,Nagpur PHC-2,Nagpur,Maharashtra,17.1445,76.0302,Insulin,vials,128.5,23,13,11,10
2026-09-16,PHC-032,Nagpur PHC-2,Nagpur,Maharashtra,17.1445,76.0302,Insulin,vials,128.4,23,15,11,9
2026-09-17,PHC-032,Nagpur PHC-2,Nagpur,Maharashtra,17.1445,76.0302,Insulin,vials,126.6,23,19,11,9
2026-09-18,PHC-032,Nagpur PHC-2,Nagpur,Maharashtra,17.1445,76.0302,Insulin,vials,127.9,23,15,11,8
2026-09-19,PHC-032,Nagpur PHC-2,Nagpur,Maharashtra,17.1445,76.0302,Insulin,vials,129.1,23,14,11,11
2026-09-20,PHC-032,Nagpur PHC-2,Nagpur,Maharashtra,17.1445,76.0302,Insulin,vials,126.7,23,17,11,8
2026-09-21,PHC-032,Nagpur PHC-2,Nagpur,Maharashtra,17.1445,76.0302,Insulin,vials,128.0,23,19,11,10
2026-09-22,PHC-032,Nagpur PHC-2,Nagpur,Maharashtra,17.1445,76.0302,Insulin,vials,126.2,23,18,11,7
2026-09-23,PHC-032,Nagpur PHC-2,Nagpur,Maharashtra,17.1445,76.0302,Insulin,vials,127.0,23,13,11,9
2026-09-24,PHC-032,Nagpur PHC-2,Nagpur,Maharashtra,17.1445,76.0302,Insulin,vials,126.7,23,18,11,11
2026-09-25,PHC-032,Nagpur PHC-2,Nagpur,Maharashtra,17.1445,76.0302,Insulin,vials,126.0,23,18,11,6
2026-09-26,PHC-032,Nagpur PHC-2,Nagpur,Maharashtra,17.1445,76.0302,Insulin,vials,126.4,23,10,11,10
2026-08-28,PHC-032,Nagpur PHC-2,Nagpur,Maharashtra,17.1445,76.0302,Amoxicillin,strips,512.0,23,10,11,10
2026-08-29,PHC-032,Nagpur PHC-2,Nagpur,Maharashtra,17.1445,76.0302,Amoxicillin,strips,491.4,23,14,11,9
2026-08-30,PHC-032,Nagpur PHC-2,Nagpur,Maharashtra,17.1445,76.0302,Amoxicillin,strips,474.8,23,15,11,9
2026-08-31,PHC-032,Nagpur PHC-2,Nagpur,Maharashtra,17.1445,76.0302,Amoxicillin,strips,440.1,23,15,11,9
2026-09-01,PHC-032,Nagpur PHC-2,Nagpur,Maharashtra,17.1445,76.0302,Amoxicillin,strips,421.5,23,12,11,8
2026-09-02,PHC-032,Nagpur PHC-2,Nagpur,Maharashtra,17.1445,76.0302,Amoxicillin,strips,400.1,23,13,11,10
2026-09-03,PHC-032,Nagpur PHC-2,Nagpur,Maharashtra,17.1445,76.0302,Amoxicillin,strips,367.0,23,15,11,7
2026-09-04,PHC-032,Nagpur PHC-2,Nagpur,Maharashtra,17.1445,76.0302,Amoxicillin,strips,331.9,23,11,11,8
2026-09-05,PHC-032,Nagpur PHC-2,Nagpur,Maharashtra,17.1445,76.0302,Amoxicillin,strips,303.0,23,16,11,10
2026-09-06,PHC-032,Nagpur PHC-2,Nagpur,Maharashtra,17.1445,76.0302,Amoxicillin,strips,269.2,23,13,11,9
2026-09-07,PHC-032,Nagpur PHC-2,Nagpur,Maharashtra,17.1445,76.0302,Amoxicillin,strips,239.9,23,17,11,9
2026-09-08,PHC-032,Nagpur PHC-2,Nagpur,Maharashtra,17.1445,76.0302,Amoxicillin,strips,204.6,23,13,11,7
2026-09-09,PHC-032,Nagpur PHC-2,Nagpur,Maharashtra,17.1445,76.0302,Amoxicillin,strips,169.2,23,7,11,8
2026-09-10,PHC-032,Nagpur PHC-2,Nagpur,Maharashtra,17.1445,76.0302,Amoxicillin,strips,144.0,23,16,11,9
2026-09-11,PHC-032,Nagpur PHC-2,Nagpur,Maharashtra,17.1445,76.0302,Amoxicillin,strips,130.6,23,13,11,9
2026-09-12,PHC-032,Nagpur PHC-2,Nagpur,Maharashtra,17.1445,76.0302,Amoxicillin,strips,110.9,23,18,11,7
2026-09-13,PHC-032,Nagpur PHC-2,Nagpur,Maharashtra,17.1445,76.0302,Amoxicillin,strips,98.2,23,13,11,10
2026-09-14,PHC-032,Nagpur PHC-2,Nagpur,Maharashtra,17.1445,76.0302,Amoxicillin,strips,71.1,23,13,11,9
2026-09-15,PHC-032,Nagpur PHC-2,Nagpur,Maharashtra,17.1445,76.0302,Amoxicillin,strips,45.4,23,13,11,11
2026-09-16,PHC-032,Nagpur PHC-2,Nagpur,Maharashtra,17.1445,76.0302,Amoxicillin,strips,19.4,23,13,11,9
2026-09-17,PHC-032,Nagpur PHC-2,Nagpur,Maharashtra,17.1445,76.0302,Amoxicillin,strips,0.0,23,11,11,9
2026-09-18,PHC-032,Nagpur PHC-2,Nagpur,Maharashtra,17.1445,76.0302,Amoxicillin,strips,0.0,23,14,11,9
2026-09-19,PHC-032,Nagpur PHC-2,Nagpur,Maharashtra,17.1445,76.0302,Amoxicillin,strips,0.0,23,14,11,11
2026-09-20,PHC-032,Nagpur PHC-2,Nagpur,Maharashtra,17.1445,76.0302,Amoxicillin,strips,0.0,23,22,11,9
2026-09-21,PHC-032,Nagpur PHC-2,Nagpur,Maharashtra,17.1445,76.0302,Amoxicillin,strips,0.0,23,11,11,11
2026-09-22,PHC-032,Nagpur PHC-2,Nagpur,Maharashtra,17.1445,76.0302,Amoxicillin,strips,0.0,23,15,11,9
2026-09-23,PHC-032,Nagpur PHC-2,Nagpur,Maharashtra,17.1445,76.0302,Amoxicillin,strips,0.0,23,12,11,8
2026-09-24,PHC-032,Nagpur PHC-2,Nagpur,Maharashtra,17.1445,76.0302,Amoxicillin,strips,0.0,23,19,11,9
2026-09-25,PHC-032,Nagpur PHC-2,Nagpur,Maharashtra,17.1445,76.0302,Amoxicillin,strips,0.0,23,17,11,8
2026-09-26,PHC-032,Nagpur PHC-2,Nagpur,Maharashtra,17.1445,76.0302,Amoxicillin,strips,0.0,23,15,11,10
2026-08-28,PHC-032,Nagpur PHC-2,Nagpur,Maharashtra,17.1445,76.0302,Iron Folic Acid Tablets,strips,604.7,23,11,11,8
2026-08-29,PHC-032,Nagpur PHC-2,Nagpur,Maharashtra,17.1445,76.0302,Iron Folic Acid Tablets,strips,606.0,23,8,11,10
2026-08-30,PHC-032,Nagpur PHC-2,Nagpur,Maharashtra,17.1445,76.0302,Iron Folic Acid Tablets,strips,614.5,23,15,11,11
2026-08-31,PHC-032,Nagpur PHC-2,Nagpur,Maharashtra,17.1445,76.0302,Iron Folic Acid Tablets,strips,612.6,23,11,11,9
2026-09-01,PHC-032,Nagpur PHC-2,Nagpur,Maharashtra,17.1445,76.0302,Iron Folic Acid Tablets,strips,616.1,23,10,11,11
2026-09-02,PHC-032,Nagpur PHC-2,Nagpur,Maharashtra,17.1445,76.0302,Iron Folic Acid Tablets,strips,614.5,23,20,11,8
2026-09-03,PHC-032,Nagpur PHC-2,Nagpur,Maharashtra,17.1445,76.0302,Iron Folic Acid Tablets,strips,608.5,23,20,11,7
2026-09-04,PHC-032,Nagpur PHC-2,Nagpur,Maharashtra,17.1445,76.0302,Iron Folic Acid Tablets,strips,603.0,23,18,11,10
2026-09-05,PHC-032,Nagpur PHC-2,Nagpur,Maharashtra,17.1445,76.0302,Iron Folic Acid Tablets,strips,606.1,23,13,11,9
2026-09-06,PHC-032,Nagpur PHC-2,Nagpur,Maharashtra,17.1445,76.0302,Iron Folic Acid Tablets,strips,605.2,23,11,11,9
2026-09-07,PHC-032,Nagpur PHC-2,Nagpur,Maharashtra,17.1445,76.0302,Iron Folic Acid Tablets,strips,605.9,23,17,11,9
2026-09-08,PHC-032,Nagpur PHC-2,Nagpur,Maharashtra,17.1445,76.0302,Iron Folic Acid Tablets,strips,609.0,23,14,11,11
2026-09-09,PHC-032,Nagpur PHC-2,Nagpur,Maharashtra,17.1445,76.0302,Iron Folic Acid Tablets,strips,607.5,23,15,11,10
2026-09-10,PHC-032,Nagpur PHC-2,Nagpur,Maharashtra,17.1445,76.0302,Iron Folic Acid Tablets,strips,611.1,23,8,11,6
2026-09-11,PHC-032,Nagpur PHC-2,Nagpur,Maharashtra,17.1445,76.0302,Iron Folic Acid Tablets,strips,613.6,23,13,11,10
2026-09-12,PHC-032,Nagpur PHC-2,Nagpur,Maharashtra,17.1445,76.0302,Iron Folic Acid Tablets,strips,619.8,23,17,11,8
2026-09-13,PHC-032,Nagpur PHC-2,Nagpur,Maharashtra,17.1445,76.0302,Iron Folic Acid Tablets,strips,606.8,23,15,11,10
2026-09-14,PHC-032,Nagpur PHC-2,Nagpur,Maharashtra,17.1445,76.0302,Iron Folic Acid Tablets,strips,610.2,23,13,11,8
2026-09-15,PHC-032,Nagpur PHC-2,Nagpur,Maharashtra,17.1445,76.0302,Iron Folic Acid Tablets,strips,609.7,23,10,11,11
2026-09-16,PHC-032,Nagpur PHC-2,Nagpur,Maharashtra,17.1445,76.0302,Iron Folic Acid Tablets,strips,608.4,23,7,11,9
2026-09-17,PHC-032,Nagpur PHC-2,Nagpur,Maharashtra,17.1445,76.0302,Iron Folic Acid Tablets,strips,606.8,23,10,11,9
2026-09-18,PHC-032,Nagpur PHC-2,Nagpur,Maharashtra,17.1445,76.0302,Iron Folic Acid Tablets,strips,606.0,23,20,11,9
2026-09-19,PHC-032,Nagpur PHC-2,Nagpur,Maharashtra,17.1445,76.0302,Iron Folic Acid Tablets,strips,604.0,23,11,11,9
2026-09-20,PHC-032,Nagpur PHC-2,Nagpur,Maharashtra,17.1445,76.0302,Iron Folic Acid Tablets,strips,602.0,23,15,11,8
2026-09-21,PHC-032,Nagpur PHC-2,Nagpur,Maharashtra,17.1445,76.0302,Iron Folic Acid Tablets,strips,596.7,23,22,11,10
2026-09-22,PHC-032,Nagpur PHC-2,Nagpur,Maharashtra,17.1445,76.0302,Iron Folic Acid Tablets,strips,595.5,23,5,11,8
2026-09-23,PHC-032,Nagpur PHC-2,Nagpur,Maharashtra,17.1445,76.0302,Iron Folic Acid Tablets,strips,596.3,23,13,11,8
2026-09-24,PHC-032,Nagpur PHC-2,Nagpur,Maharashtra,17.1445,76.0302,Iron Folic Acid Tablets,strips,580.8,23,17,11,8
2026-09-25,PHC-032,Nagpur PHC-2,Nagpur,Maharashtra,17.1445,76.0302,Iron Folic Acid Tablets,strips,581.5,23,12,11,8
2026-09-26,PHC-032,Nagpur PHC-2,Nagpur,Maharashtra,17.1445,76.0302,Iron Folic Acid Tablets,strips,595.9,23,17,11,10
2026-08-28,PHC-033,Nagpur PHC-3,Nagpur,Maharashtra,16.6835,71.753,Paracetamol,units,349.2,16,11,6,5
2026-08-29,PHC-033,Nagpur PHC-3,Nagpur,Maharashtra,16.6835,71.753,Paracetamol,units,355.0,16,6,6,6
2026-08-30,PHC-033,Nagpur PHC-3,Nagpur,Maharashtra,16.6835,71.753,Paracetamol,units,357.9,16,7,6,4
2026-08-31,PHC-033,Nagpur PHC-3,Nagpur,Maharashtra,16.6835,71.753,Paracetamol,units,363.4,16,8,6,6
2026-09-01,PHC-033,Nagpur PHC-3,Nagpur,Maharashtra,16.6835,71.753,Paracetamol,units,367.2,16,8,6,5
2026-09-02,PHC-033,Nagpur PHC-3,Nagpur,Maharashtra,16.6835,71.753,Paracetamol,units,371.6,16,10,6,4
2026-09-03,PHC-033,Nagpur PHC-3,Nagpur,Maharashtra,16.6835,71.753,Paracetamol,units,376.6,16,5,6,6
2026-09-04,PHC-033,Nagpur PHC-3,Nagpur,Maharashtra,16.6835,71.753,Paracetamol,units,383.4,16,10,6,4
2026-09-05,PHC-033,Nagpur PHC-3,Nagpur,Maharashtra,16.6835,71.753,Paracetamol,units,390.3,16,8,6,6
2026-09-06,PHC-033,Nagpur PHC-3,Nagpur,Maharashtra,16.6835,71.753,Paracetamol,units,396.2,16,9,6,3
2026-09-07,PHC-033,Nagpur PHC-3,Nagpur,Maharashtra,16.6835,71.753,Paracetamol,units,399.9,16,9,6,4
2026-09-08,PHC-033,Nagpur PHC-3,Nagpur,Maharashtra,16.6835,71.753,Paracetamol,units,405.9,16,8,6,4
2026-09-09,PHC-033,Nagpur PHC-3,Nagpur,Maharashtra,16.6835,71.753,Paracetamol,units,412.3,16,6,6,5
2026-09-10,PHC-033,Nagpur PHC-3,Nagpur,Maharashtra,16.6835,71.753,Paracetamol,units,416.3,16,8,6,4
2026-09-11,PHC-033,Nagpur PHC-3,Nagpur,Maharashtra,16.6835,71.753,Paracetamol,units,422.7,16,7,6,5
2026-09-12,PHC-033,Nagpur PHC-3,Nagpur,Maharashtra,16.6835,71.753,Paracetamol,units,427.1,16,9,6,6
2026-09-13,PHC-033,Nagpur PHC-3,Nagpur,Maharashtra,16.6835,71.753,Paracetamol,units,431.6,16,11,6,5
2026-09-14,PHC-033,Nagpur PHC-3,Nagpur,Maharashtra,16.6835,71.753,Paracetamol,units,438.5,16,10,6,5
2026-09-15,PHC-033,Nagpur PHC-3,Nagpur,Maharashtra,16.6835,71.753,Paracetamol,units,444.2,16,8,6,4
2026-09-16,PHC-033,Nagpur PHC-3,Nagpur,Maharashtra,16.6835,71.753,Paracetamol,units,451.1,16,4,6,6
2026-09-17,PHC-033,Nagpur PHC-3,Nagpur,Maharashtra,16.6835,71.753,Paracetamol,units,455.5,16,10,6,5
2026-09-18,PHC-033,Nagpur PHC-3,Nagpur,Maharashtra,16.6835,71.753,Paracetamol,units,460.4,16,6,6,6
2026-09-19,PHC-033,Nagpur PHC-3,Nagpur,Maharashtra,16.6835,71.753,Paracetamol,units,466.8,16,15,6,4
2026-09-20,PHC-033,Nagpur PHC-3,Nagpur,Maharashtra,16.6835,71.753,Paracetamol,units,473.6,16,9,6,6
2026-09-21,PHC-033,Nagpur PHC-3,Nagpur,Maharashtra,16.6835,71.753,Paracetamol,units,478.1,16,12,6,5
2026-09-22,PHC-033,Nagpur PHC-3,Nagpur,Maharashtra,16.6835,71.753,Paracetamol,units,482.6,16,10,6,4
2026-09-23,PHC-033,Nagpur PHC-3,Nagpur,Maharashtra,16.6835,71.753,Paracetamol,units,490.1,16,12,6,4
2026-09-24,PHC-033,Nagpur PHC-3,Nagpur,Maharashtra,16.6835,71.753,Paracetamol,units,495.5,16,10,6,6
2026-09-25,PHC-033,Nagpur PHC-3,Nagpur,Maharashtra,16.6835,71.753,Paracetamol,units,500.4,16,3,6,5
2026-09-26,PHC-033,Nagpur PHC-3,Nagpur,Maharashtra,16.6835,71.753,Paracetamol,units,507.4,16,12,6,5
2026-08-28,PHC-033,Nagpur PHC-3,Nagpur,Maharashtra,16.6835,71.753,ORS Sachets,packets,217.0,16,8,6,2
2026-08-29,PHC-033,Nagpur PHC-3,Nagpur,Maharashtra,16.6835,71.753,ORS Sachets,packets,219.0,16,6,6,3
2026-08-30,PHC-033,Nagpur PHC-3,Nagpur,Maharashtra,16.6835,71.753,ORS Sachets,packets,222.0,16,10,6,5
2026-08-31,PHC-033,Nagpur PHC-3,Nagpur,Maharashtra,16.6835,71.753,ORS Sachets,packets,225.6,16,7,6,4
2026-09-01,PHC-033,Nagpur PHC-3,Nagpur,Maharashtra,16.6835,71.753,ORS Sachets,packets,228.7,16,9,6,3
2026-09-02,PHC-033,Nagpur PHC-3,Nagpur,Maharashtra,16.6835,71.753,ORS Sachets,packets,231.3,16,8,6,5
2026-09-03,PHC-033,Nagpur PHC-3,Nagpur,Maharashtra,16.6835,71.753,ORS Sachets,packets,233.5,16,10,6,6
2026-09-04,PHC-033,Nagpur PHC-3,Nagpur,Maharashtra,16.6835,71.753,ORS Sachets,packets,235.2,16,8,6,6
2026-09-05,PHC-033,Nagpur PHC-3,Nagpur,Maharashtra,16.6835,71.753,ORS Sachets,packets,238.7,16,14,6,6
2026-09-06,PHC-033,Nagpur PHC-3,Nagpur,Maharashtra,16.6835,71.753,ORS Sachets,packets,241.5,16,8,6,3
2026-09-07,PHC-033,Nagpur PHC-3,Nagpur,Maharashtra,16.6835,71.753,ORS Sachets,packets,245.4,16,8,6,4
2026-09-08,PHC-033,Nagpur PHC-3,Nagpur,Maharashtra,16.6835,71.753,ORS Sachets,packets,247.4,16,10,6,6
2026-09-09,PHC-033,Nagpur PHC-3,Nagpur,Maharashtra,16.6835,71.753,ORS Sachets,packets,249.5,16,8,6,6
2026-09-10,PHC-033,Nagpur PHC-3,Nagpur,Maharashtra,16.6835,71.753,ORS Sachets,packets,253.6,16,14,6,5
2026-09-11,PHC-033,Nagpur PHC-3,Nagpur,Maharashtra,16.6835,71.753,ORS Sachets,packets,256.6,16,9,6,4
2026-09-12,PHC-033,Nagpur PHC-3,Nagpur,Maharashtra,16.6835,71.753,ORS Sachets,packets,258.7,16,9,6,4
2026-09-13,PHC-033,Nagpur PHC-3,Nagpur,Maharashtra,16.6835,71.753,ORS Sachets,packets,261.5,16,10,6,5
2026-09-14,PHC-033,Nagpur PHC-3,Nagpur,Maharashtra,16.6835,71.753,ORS Sachets,packets,265.1,16,6,6,6
2026-09-15,PHC-033,Nagpur PHC-3,Nagpur,Maharashtra,16.6835,71.753,ORS Sachets,packets,267.2,16,4,6,6
2026-09-16,PHC-033,Nagpur PHC-3,Nagpur,Maharashtra,16.6835,71.753,ORS Sachets,packets,269.9,16,10,6,6
2026-09-17,PHC-033,Nagpur PHC-3,Nagpur,Maharashtra,16.6835,71.753,ORS Sachets,packets,272.4,16,12,6,5
2026-09-18,PHC-033,Nagpur PHC-3,Nagpur,Maharashtra,16.6835,71.753,ORS Sachets,packets,276.2,16,4,6,6
2026-09-19,PHC-033,Nagpur PHC-3,Nagpur,Maharashtra,16.6835,71.753,ORS Sachets,packets,278.7,16,7,6,4
2026-09-20,PHC-033,Nagpur PHC-3,Nagpur,Maharashtra,16.6835,71.753,ORS Sachets,packets,282.2,16,8,6,6
2026-09-21,PHC-033,Nagpur PHC-3,Nagpur,Maharashtra,16.6835,71.753,ORS Sachets,packets,284.9,16,9,6,6
2026-09-22,PHC-033,Nagpur PHC-3,Nagpur,Maharashtra,16.6835,71.753,ORS Sachets,packets,287.3,16,10,6,3
2026-09-23,PHC-033,Nagpur PHC-3,Nagpur,Maharashtra,16.6835,71.753,ORS Sachets,packets,290.7,16,9,6,6
2026-09-24,PHC-033,Nagpur PHC-3,Nagpur,Maharashtra,16.6835,71.753,ORS Sachets,packets,293.5,16,8,6,4
2026-09-25,PHC-033,Nagpur PHC-3,Nagpur,Maharashtra,16.6835,71.753,ORS Sachets,packets,296.8,16,11,6,5
2026-09-26,PHC-033,Nagpur PHC-3,Nagpur,Maharashtra,16.6835,71.753,ORS Sachets,packets,299.0,16,7,6,5
2026-08-28,PHC-033,Nagpur PHC-3,Nagpur,Maharashtra,16.6835,71.753,Insulin,vials,52.7,16,12,6,6
2026-08-29,PHC-033,Nagpur PHC-3,Nagpur,Maharashtra,16.6835,71.753,Insulin,vials,44.9,16,12,6,4
2026-08-30,PHC-033,Nagpur PHC-3,Nagpur,Maharashtra,16.6835,71.753,Insulin,vials,37.3,16,12,6,6
2026-08-31,PHC-033,Nagpur PHC-3,Nagpur,Maharashtra,16.6835,71.753,Insulin,vials,34.2,16,7,6,4
2026-09-01,PHC-033,Nagpur PHC-3,Nagpur,Maharashtra,16.6835,71.753,Insulin,vials,27.9,16,13,6,6
2026-09-02,PHC-033,Nagpur PHC-3,Nagpur,Maharashtra,16.6835,71.753,Insulin,vials,20.6,16,7,6,4
2026-09-03,PHC-033,Nagpur PHC-3,Nagpur,Maharashtra,16.6835,71.753,Insulin,vials,11.7,16,9,6,6
2026-09-04,PHC-033,Nagpur PHC-3,Nagpur,Maharashtra,16.6835,71.753,Insulin,vials,4.7,16,15,6,3
2026-09-05,PHC-033,Nagpur PHC-3,Nagpur,Maharashtra,16.6835,71.753,Insulin,vials,0.3,16,13,6,6
2026-09-06,PHC-033,Nagpur PHC-3,Nagpur,Maharashtra,16.6835,71.753,Insulin,vials,0.0,16,10,6,5
2026-09-07,PHC-033,Nagpur PHC-3,Nagpur,Maharashtra,16.6835,71.753,Insulin,vials,0.0,16,6,6,2
2026-09-08,PHC-033,Nagpur PHC-3,Nagpur,Maharashtra,16.6835,71.753,Insulin,vials,0.0,16,13,6,6
2026-09-09,PHC-033,Nagpur PHC-3,Nagpur,Maharashtra,16.6835,71.753,Insulin,vials,0.0,16,7,6,5
2026-09-10,PHC-033,Nagpur PHC-3,Nagpur,Maharashtra,16.6835,71.753,Insulin,vials,0.0,16,11,6,2
2026-09-11,PHC-033,Nagpur PHC-3,Nagpur,Maharashtra,16.6835,71.753,Insulin,vials,0.0,16,6,6,6
2026-09-12,PHC-033,Nagpur PHC-3,Nagpur,Maharashtra,16.6835,71.753,Insulin,vials,0.0,16,7,6,6
2026-09-13,PHC-033,Nagpur PHC-3,Nagpur,Maharashtra,16.6835,71.753,Insulin,vials,0.0,16,9,6,5
2026-09-14,PHC-033,Nagpur PHC-3,Nagpur,Maharashtra,16.6835,71.753,Insulin,vials,0.0,16,10,6,5
2026-09-15,PHC-033,Nagpur PHC-3,Nagpur,Maharashtra,16.6835,71.753,Insulin,vials,0.0,16,10,6,6
2026-09-16,PHC-033,Nagpur PHC-3,Nagpur,Maharashtra,16.6835,71.753,Insulin,vials,0.0,16,7,6,5
2026-09-17,PHC-033,Nagpur PHC-3,Nagpur,Maharashtra,16.6835,71.753,Insulin,vials,0.0,16,8,6,6
2026-09-18,PHC-033,Nagpur PHC-3,Nagpur,Maharashtra,16.6835,71.753,Insulin,vials,0.0,16,5,6,4
2026-09-19,PHC-033,Nagpur PHC-3,Nagpur,Maharashtra,16.6835,71.753,Insulin,vials,0.0,16,9,6,5
2026-09-20,PHC-033,Nagpur PHC-3,Nagpur,Maharashtra,16.6835,71.753,Insulin,vials,0.0,16,9,6,3
2026-09-21,PHC-033,Nagpur PHC-3,Nagpur,Maharashtra,16.6835,71.753,Insulin,vials,0.0,16,8,6,4
2026-09-22,PHC-033,Nagpur PHC-3,Nagpur,Maharashtra,16.6835,71.753,Insulin,vials,0.0,16,10,6,6
2026-09-23,PHC-033,Nagpur PHC-3,Nagpur,Maharashtra,16.6835,71.753,Insulin,vials,0.0,16,13,6,5
2026-09-24,PHC-033,Nagpur PHC-3,Nagpur,Maharashtra,16.6835,71.753,Insulin,vials,0.0,16,11,6,4
2026-09-25,PHC-033,Nagpur PHC-3,Nagpur,Maharashtra,16.6835,71.753,Insulin,vials,0.0,16,8,6,5
2026-09-26,PHC-033,Nagpur PHC-3,Nagpur,Maharashtra,16.6835,71.753,Insulin,vials,0.0,16,9,6,4
2026-08-28,PHC-033,Nagpur PHC-3,Nagpur,Maharashtra,16.6835,71.753,Amoxicillin,strips,309.2,16,7,6,6
2026-08-29,PHC-033,Nagpur PHC-3,Nagpur,Maharashtra,16.6835,71.753,Amoxicillin,strips,303.9,16,12,6,4
2026-08-30,PHC-033,Nagpur PHC-3,Nagpur,Maharashtra,16.6835,71.753,Amoxicillin,strips,302.5,16,7,6,3
2026-08-31,PHC-033,Nagpur PHC-3,Nagpur,Maharashtra,16.6835,71.753,Amoxicillin,strips,302.0,16,11,6,5
2026-09-01,PHC-033,Nagpur PHC-3,Nagpur,Maharashtra,16.6835,71.753,Amoxicillin,strips,294.4,16,7,6,5
2026-09-02,PHC-033,Nagpur PHC-3,Nagpur,Maharashtra,16.6835,71.753,Amoxicillin,strips,295.5,16,6,6,5
2026-09-03,PHC-033,Nagpur PHC-3,Nagpur,Maharashtra,16.6835,71.753,Amoxicillin,strips,298.5,16,5,6,6
2026-09-04,PHC-033,Nagpur PHC-3,Nagpur,Maharashtra,16.6835,71.753,Amoxicillin,strips,311.1,16,10,6,3
2026-09-05,PHC-033,Nagpur PHC-3,Nagpur,Maharashtra,16.6835,71.753,Amoxicillin,strips,318.5,16,9,6,6
2026-09-06,PHC-033,Nagpur PHC-3,Nagpur,Maharashtra,16.6835,71.753,Amoxicillin,strips,320.1,16,3,6,3
2026-09-07,PHC-033,Nagpur PHC-3,Nagpur,Maharashtra,16.6835,71.753,Amoxicillin,strips,318.6,16,6,6,4
2026-09-08,PHC-033,Nagpur PHC-3,Nagpur,Maharashtra,16.6835,71.753,Amoxicillin,strips,318.3,16,9,6,5
2026-09-09,PHC-033,Nagpur PHC-3,Nagpur,Maharashtra,16.6835,71.753,Amoxicillin,strips,321.1,16,7,6,6
2026-09-10,PHC-033,Nagpur PHC-3,Nagpur,Maharashtra,16.6835,71.753,Amoxicillin,strips,320.3,16,8,6,5
2026-09-11,PHC-033,Nagpur PHC-3,Nagpur,Maharashtra,16.6835,71.753,Amoxicillin,strips,316.3,16,11,6,6
2026-09-12,PHC-033,Nagpur PHC-3,Nagpur,Maharashtra,16.6835,71.753,Amoxicillin,strips,317.4,16,4,6,4
2026-09-13,PHC-033,Nagpur PHC-3,Nagpur,Maharashtra,16.6835,71.753,Amoxicillin,strips,313.2,16,5,6,5
2026-09-14,PHC-033,Nagpur PHC-3,Nagpur,Maharashtra,16.6835,71.753,Amoxicillin,strips,314.8,16,5,6,3
2026-09-15,PHC-033,Nagpur PHC-3,Nagpur,Maharashtra,16.6835,71.753,Amoxicillin,strips,308.3,16,9,6,5
2026-09-16,PHC-033,Nagpur PHC-3,Nagpur,Maharashtra,16.6835,71.753,Amoxicillin,strips,318.6,16,11,6,6
2026-09-17,PHC-033,Nagpur PHC-3,Nagpur,Maharashtra,16.6835,71.753,Amoxicillin,strips,317.9,16,9,6,4
2026-09-18,PHC-033,Nagpur PHC-3,Nagpur,Maharashtra,16.6835,71.753,Amoxicillin,strips,315.7,16,13,6,4
2026-09-19,PHC-033,Nagpur PHC-3,Nagpur,Maharashtra,16.6835,71.753,Amoxicillin,strips,315.2,16,8,6,6
2026-09-20,PHC-033,Nagpur PHC-3,Nagpur,Maharashtra,16.6835,71.753,Amoxicillin,strips,314.0,16,8,6,5
2026-09-21,PHC-033,Nagpur PHC-3,Nagpur,Maharashtra,16.6835,71.753,Amoxicillin,strips,310.1,16,8,6,5
2026-09-22,PHC-033,Nagpur PHC-3,Nagpur,Maharashtra,16.6835,71.753,Amoxicillin,strips,310.2,16,9,6,4
2026-09-23,PHC-033,Nagpur PHC-3,Nagpur,Maharashtra,16.6835,71.753,Amoxicillin,strips,304.8,16,5,6,4
2026-09-24,PHC-033,Nagpur PHC-3,Nagpur,Maharashtra,16.6835,71.753,Amoxicillin,strips,302.4,16,8,6,4
2026-09-25,PHC-033,Nagpur PHC-3,Nagpur,Maharashtra,16.6835,71.753,Amoxicillin,strips,298.7,16,10,6,5
2026-09-26,PHC-033,Nagpur PHC-3,Nagpur,Maharashtra,16.6835,71.753,Amoxicillin,strips,299.8,16,9,6,6
2026-08-28,PHC-033,Nagpur PHC-3,Nagpur,Maharashtra,16.6835,71.753,Iron Folic Acid Tablets,strips,703.7,16,11,6,5
2026-08-29,PHC-033,Nagpur PHC-3,Nagpur,Maharashtra,16.6835,71.753,Iron Folic Acid Tablets,strips,702.2,16,4,6,2
2026-08-30,PHC-033,Nagpur PHC-3,Nagpur,Maharashtra,16.6835,71.753,Iron Folic Acid Tablets,strips,699.6,16,11,6,3
2026-08-31,PHC-033,Nagpur PHC-3,Nagpur,Maharashtra,16.6835,71.753,Iron Folic Acid Tablets,strips,705.5,16,9,6,5
2026-09-01,PHC-033,Nagpur PHC-3,Nagpur,Maharashtra,16.6835,71.753,Iron Folic Acid Tablets,strips,706.5,16,9,6,4
2026-09-02,PHC-033,Nagpur PHC-3,Nagpur,Maharashtra,16.6835,71.753,Iron Folic Acid Tablets,strips,711.4,16,13,6,3
2026-09-03,PHC-033,Nagpur PHC-3,Nagpur,Maharashtra,16.6835,71.753,Iron Folic Acid Tablets,strips,710.2,16,10,6,4
2026-09-04,PHC-033,Nagpur PHC-3,Nagpur,Maharashtra,16.6835,71.753,Iron Folic Acid Tablets,strips,709.8,16,9,6,6
2026-09-05,PHC-033,Nagpur PHC-3,Nagpur,Maharashtra,16.6835,71.753,Iron Folic Acid Tablets,strips,721.9,16,13,6,5
2026-09-06,PHC-033,Nagpur PHC-3,Nagpur,Maharashtra,16.6835,71.753,Iron Folic Acid Tablets,strips,722.0,16,8,6,5
2026-09-07,PHC-033,Nagpur PHC-3,Nagpur,Maharashtra,16.6835,71.753,Iron Folic Acid Tablets,strips,724.7,16,11,6,6
2026-09-08,PHC-033,Nagpur PHC-3,Nagpur,Maharashtra,16.6835,71.753,Iron Folic Acid Tablets,strips,717.3,16,10,6,6
2026-09-09,PHC-033,Nagpur PHC-3,Nagpur,Maharashtra,16.6835,71.753,Iron Folic Acid Tablets,strips,720.0,16,9,6,4
2026-09-10,PHC-033,Nagpur PHC-3,Nagpur,Maharashtra,16.6835,71.753,Iron Folic Acid Tablets,strips,719.4,16,10,6,5
2026-09-11,PHC-033,Nagpur PHC-3,Nagpur,Maharashtra,16.6835,71.753,Iron Folic Acid Tablets,strips,722.1,16,7,6,4
2026-09-12,PHC-033,Nagpur PHC-3,Nagpur,Maharashtra,16.6835,71.753,Iron Folic Acid Tablets,strips,722.0,16,8,6,5
2026-09-13,PHC-033,Nagpur PHC-3,Nagpur,Maharashtra,16.6835,71.753,Iron Folic Acid Tablets,strips,729.9,16,12,6,3
2026-09-14,PHC-033,Nagpur PHC-3,Nagpur,Maharashtra,16.6835,71.753,Iron Folic Acid Tablets,strips,728.1,16,9,6,4
2026-09-15,PHC-033,Nagpur PHC-3,Nagpur,Maharashtra,16.6835,71.753,Iron Folic Acid Tablets,strips,726.5,16,10,6,3
2026-09-16,PHC-033,Nagpur PHC-3,Nagpur,Maharashtra,16.6835,71.753,Iron Folic Acid Tablets,strips,726.7,16,12,6,4
2026-09-17,PHC-033,Nagpur PHC-3,Nagpur,Maharashtra,16.6835,71.753,Iron Folic Acid Tablets,strips,727.2,16,11,6,4
2026-09-18,PHC-033,Nagpur PHC-3,Nagpur,Maharashtra,16.6835,71.753,Iron Folic Acid Tablets,strips,717.4,16,11,6,5
2026-09-19,PHC-033,Nagpur PHC-3,Nagpur,Maharashtra,16.6835,71.753,Iron Folic Acid Tablets,strips,732.6,16,14,6,2
2026-09-20,PHC-033,Nagpur PHC-3,Nagpur,Maharashtra,16.6835,71.753,Iron Folic Acid Tablets,strips,738.0,16,10,6,6
2026-09-21,PHC-033,Nagpur PHC-3,Nagpur,Maharashtra,16.6835,71.753,Iron Folic Acid Tablets,strips,738.9,16,15,6,6
2026-09-22,PHC-033,Nagpur PHC-3,Nagpur,Maharashtra,16.6835,71.753,Iron Folic Acid Tablets,strips,737.1,16,12,6,4
2026-09-23,PHC-033,Nagpur PHC-3,Nagpur,Maharashtra,16.6835,71.753,Iron Folic Acid Tablets,strips,735.8,16,10,6,4
2026-09-24,PHC-033,Nagpur PHC-3,Nagpur,Maharashtra,16.6835,71.753,Iron Folic Acid Tablets,strips,745.1,16,8,6,6
2026-09-25,PHC-033,Nagpur PHC-3,Nagpur,Maharashtra,16.6835,71.753,Iron Folic Acid Tablets,strips,756.0,16,11,6,6
2026-09-26,PHC-033,Nagpur PHC-3,Nagpur,Maharashtra,16.6835,71.753,Iron Folic Acid Tablets,strips,757.6,16,12,6,6
2026-08-28,PHC-034,Nashik PHC-1,Nashik,Maharashtra,31.0855,88.1716,Paracetamol,units,472.6,19,12,11,9
2026-08-29,PHC-034,Nashik PHC-1,Nashik,Maharashtra,31.0855,88.1716,Paracetamol,units,479.4,19,10,11,10
2026-08-30,PHC-034,Nashik PHC-1,Nashik,Maharashtra,31.0855,88.1716,Paracetamol,units,486.6,19,14,11,9
2026-08-31,PHC-034,Nashik PHC-1,Nashik,Maharashtra,31.0855,88.1716,Paracetamol,units,493.6,19,13,11,10
2026-09-01,PHC-034,Nashik PHC-1,Nashik,Maharashtra,31.0855,88.1716,Paracetamol,units,498.7,19,14,11,9
2026-09-02,PHC-034,Nashik PHC-1,Nashik,Maharashtra,31.0855,88.1716,Paracetamol,units,506.2,19,10,11,7
2026-09-03,PHC-034,Nashik PHC-1,Nashik,Maharashtra,31.0855,88.1716,Paracetamol,units,509.6,19,13,11,10
2026-09-04,PHC-034,Nashik PHC-1,Nashik,Maharashtra,31.0855,88.1716,Paracetamol,units,516.4,19,14,11,7
2026-09-05,PHC-034,Nashik PHC-1,Nashik,Maharashtra,31.0855,88.1716,Paracetamol,units,519.0,19,7,11,8
2026-09-06,PHC-034,Nashik PHC-1,Nashik,Maharashtra,31.0855,88.1716,Paracetamol,units,525.1,19,14,11,10
2026-09-07,PHC-034,Nashik PHC-1,Nashik,Maharashtra,31.0855,88.1716,Paracetamol,units,530.2,19,8,11,9
2026-09-08,PHC-034,Nashik PHC-1,Nashik,Maharashtra,31.0855,88.1716,Paracetamol,units,536.3,19,12,11,7
2026-09-09,PHC-034,Nashik PHC-1,Nashik,Maharashtra,31.0855,88.1716,Paracetamol,units,540.7,19,5,11,10
2026-09-10,PHC-034,Nashik PHC-1,Nashik,Maharashtra,31.0855,88.1716,Paracetamol,units,545.4,19,7,11,10
2026-09-11,PHC-034,Nashik PHC-1,Nashik,Maharashtra,31.0855,88.1716,Paracetamol,units,552.9,19,12,11,11
2026-09-12,PHC-034,Nashik PHC-1,Nashik,Maharashtra,31.0855,88.1716,Paracetamol,units,560.2,19,9,11,9
2026-09-13,PHC-034,Nashik PHC-1,Nashik,Maharashtra,31.0855,88.1716,Paracetamol,units,563.5,19,15,11,9
2026-09-14,PHC-034,Nashik PHC-1,Nashik,Maharashtra,31.0855,88.1716,Paracetamol,units,568.1,19,7,11,9
2026-09-15,PHC-034,Nashik PHC-1,Nashik,Maharashtra,31.0855,88.1716,Paracetamol,units,573.7,19,8,11,9
2026-09-16,PHC-034,Nashik PHC-1,Nashik,Maharashtra,31.0855,88.1716,Paracetamol,units,578.3,19,11,11,7
2026-09-17,PHC-034,Nashik PHC-1,Nashik,Maharashtra,31.0855,88.1716,Paracetamol,units,583.4,19,10,11,9
2026-09-18,PHC-034,Nashik PHC-1,Nashik,Maharashtra,31.0855,88.1716,Paracetamol,units,587.9,19,10,11,8
2026-09-19,PHC-034,Nashik PHC-1,Nashik,Maharashtra,31.0855,88.1716,Paracetamol,units,592.3,19,14,11,9
2026-09-20,PHC-034,Nashik PHC-1,Nashik,Maharashtra,31.0855,88.1716,Paracetamol,units,595.3,19,14,11,11
2026-09-21,PHC-034,Nashik PHC-1,Nashik,Maharashtra,31.0855,88.1716,Paracetamol,units,602.0,19,15,11,7
2026-09-22,PHC-034,Nashik PHC-1,Nashik,Maharashtra,31.0855,88.1716,Paracetamol,units,607.9,19,14,11,11
2026-09-23,PHC-034,Nashik PHC-1,Nashik,Maharashtra,31.0855,88.1716,Paracetamol,units,610.7,19,13,11,9
2026-09-24,PHC-034,Nashik PHC-1,Nashik,Maharashtra,31.0855,88.1716,Paracetamol,units,615.0,19,7,11,8
2026-09-25,PHC-034,Nashik PHC-1,Nashik,Maharashtra,31.0855,88.1716,Paracetamol,units,619.1,19,11,11,11
2026-09-26,PHC-034,Nashik PHC-1,Nashik,Maharashtra,31.0855,88.1716,Paracetamol,units,624.1,19,11,11,10
2026-08-28,PHC-034,Nashik PHC-1,Nashik,Maharashtra,31.0855,88.1716,ORS Sachets,packets,407.0,19,8,11,9
2026-08-29,PHC-034,Nashik PHC-1,Nashik,Maharashtra,31.0855,88.1716,ORS Sachets,packets,401.7,19,14,11,10
2026-08-30,PHC-034,Nashik PHC-1,Nashik,Maharashtra,31.0855,88.1716,ORS Sachets,packets,396.4,19,12,11,10
2026-08-31,PHC-034,Nashik PHC-1,Nashik,Maharashtra,31.0855,88.1716,ORS Sachets,packets,388.8,19,9,11,9
2026-09-01,PHC-034,Nashik PHC-1,Nashik,Maharashtra,31.0855,88.1716,ORS Sachets,packets,381.0,19,12,11,10
2026-09-02,PHC-034,Nashik PHC-1,Nashik,Maharashtra,31.0855,88.1716,ORS Sachets,packets,370.9,19,12,11,8
2026-09-03,PHC-034,Nashik PHC-1,Nashik,Maharashtra,31.0855,88.1716,ORS Sachets,packets,360.4,19,17,11,8
2026-09-04,PHC-034,Nashik PHC-1,Nashik,Maharashtra,31.0855,88.1716,ORS Sachets,packets,350.9,19,12,11,9
2026-09-05,PHC-034,Nashik PHC-1,Nashik,Maharashtra,31.0855,88.1716,ORS Sachets,packets,344.4,19,17,11,8
2026-09-06,PHC-034,Nashik PHC-1,Nashik,Maharashtra,31.0855,88.1716,ORS Sachets,packets,334.7,19,15,11,10
2026-09-07,PHC-034,Nashik PHC-1,Nashik,Maharashtra,31.0855,88.1716,ORS Sachets,packets,327.6,19,9,11,10
2026-09-08,PHC-034,Nashik PHC-1,Nashik,Maharashtra,31.0855,88.1716,ORS Sachets,packets,316.0,19,11,11,8
2026-09-09,PHC-034,Nashik PHC-1,Nashik,Maharashtra,31.0855,88.1716,ORS Sachets,packets,312.0,19,16,11,8
2026-09-10,PHC-034,Nashik PHC-1,Nashik,Maharashtra,31.0855,88.1716,ORS Sachets,packets,301.8,19,9,11,8
2026-09-11,PHC-034,Nashik PHC-1,Nashik,Maharashtra,31.0855,88.1716,ORS Sachets,packets,292.0,19,14,11,9
2026-09-12,PHC-034,Nashik PHC-1,Nashik,Maharashtra,31.0855,88.1716,ORS Sachets,packets,285.2,19,12,11,10
2026-09-13,PHC-034,Nashik PHC-1,Nashik,Maharashtra,31.0855,88.1716,ORS Sachets,packets,277.8,19,14,11,8
2026-09-14,PHC-034,Nashik PHC-1,Nashik,Maharashtra,31.0855,88.1716,ORS Sachets,packets,270.7,19,12,11,9
2026-09-15,PHC-034,Nashik PHC-1,Nashik,Maharashtra,31.0855,88.1716,ORS Sachets,packets,260.3,19,11,11,9
2026-09-16,PHC-034,Nashik PHC-1,Nashik,Maharashtra,31.0855,88.1716,ORS Sachets,packets,253.6,19,13,11,9
2026-09-17,PHC-034,Nashik PHC-1,Nashik,Maharashtra,31.0855,88.1716,ORS Sachets,packets,243.2,19,9,11,11
2026-09-18,PHC-034,Nashik PHC-1,Nashik,Maharashtra,31.0855,88.1716,ORS Sachets,packets,237.6,19,11,11,9
2026-09-19,PHC-034,Nashik PHC-1,Nashik,Maharashtra,31.0855,88.1716,ORS Sachets,packets,230.5,19,10,11,8
2026-09-20,PHC-034,Nashik PHC-1,Nashik,Maharashtra,31.0855,88.1716,ORS Sachets,packets,220.0,19,7,11,10
2026-09-21,PHC-034,Nashik PHC-1,Nashik,Maharashtra,31.0855,88.1716,ORS Sachets,packets,213.8,19,10,11,9
2026-09-22,PHC-034,Nashik PHC-1,Nashik,Maharashtra,31.0855,88.1716,ORS Sachets,packets,209.8,19,8,11,8
2026-09-23,PHC-034,Nashik PHC-1,Nashik,Maharashtra,31.0855,88.1716,ORS Sachets,packets,198.7,19,13,11,9
2026-09-24,PHC-034,Nashik PHC-1,Nashik,Maharashtra,31.0855,88.1716,ORS Sachets,packets,193.5,19,10,11,8
2026-09-25,PHC-034,Nashik PHC-1,Nashik,Maharashtra,31.0855,88.1716,ORS Sachets,packets,187.8,19,11,11,9
2026-09-26,PHC-034,Nashik PHC-1,Nashik,Maharashtra,31.0855,88.1716,ORS Sachets,packets,181.0,19,16,11,8
2026-08-28,PHC-034,Nashik PHC-1,Nashik,Maharashtra,31.0855,88.1716,Insulin,vials,68.7,19,13,11,9
2026-08-29,PHC-034,Nashik PHC-1,Nashik,Maharashtra,31.0855,88.1716,Insulin,vials,68.6,19,9,11,8
2026-08-30,PHC-034,Nashik PHC-1,Nashik,Maharashtra,31.0855,88.1716,Insulin,vials,69.0,19,16,11,9
2026-08-31,PHC-034,Nashik PHC-1,Nashik,Maharashtra,31.0855,88.1716,Insulin,vials,69.3,19,10,11,8
2026-09-01,PHC-034,Nashik PHC-1,Nashik,Maharashtra,31.0855,88.1716,Insulin,vials,69.8,19,9,11,7
2026-09-02,PHC-034,Nashik PHC-1,Nashik,Maharashtra,31.0855,88.1716,Insulin,vials,69.1,19,10,11,8
2026-09-03,PHC-034,Nashik PHC-1,Nashik,Maharashtra,31.0855,88.1716,Insulin,vials,69.7,19,12,11,9
2026-09-04,PHC-034,Nashik PHC-1,Nashik,Maharashtra,31.0855,88.1716,Insulin,vials,69.3,19,8,11,8
2026-09-05,PHC-034,Nashik PHC-1,Nashik,Maharashtra,31.0855,88.1716,Insulin,vials,67.6,19,9,11,10
2026-09-06,PHC-034,Nashik PHC-1,Nashik,Maharashtra,31.0855,88.1716,Insulin,vials,68.3,19,11,11,11
2026-09-07,PHC-034,Nashik PHC-1,Nashik,Maharashtra,31.0855,88.1716,Insulin,vials,67.4,19,14,11,9
2026-09-08,PHC-034,Nashik PHC-1,Nashik,Maharashtra,31.0855,88.1716,Insulin,vials,67.9,19,10,11,8
2026-09-09,PHC-034,Nashik PHC-1,Nashik,Maharashtra,31.0855,88.1716,Insulin,vials,68.3,19,11,11,11
2026-09-10,PHC-034,Nashik PHC-1,Nashik,Maharashtra,31.0855,88.1716,Insulin,vials,68.1,19,15,11,10
2026-09-11,PHC-034,Nashik PHC-1,Nashik,Maharashtra,31.0855,88.1716,Insulin,vials,66.9,19,9,11,8
2026-09-12,PHC-034,Nashik PHC-1,Nashik,Maharashtra,31.0855,88.1716,Insulin,vials,66.5,19,15,11,7
2026-09-13,PHC-034,Nashik PHC-1,Nashik,Maharashtra,31.0855,88.1716,Insulin,vials,66.8,19,12,11,6
2026-09-14,PHC-034,Nashik PHC-1,Nashik,Maharashtra,31.0855,88.1716,Insulin,vials,66.6,19,15,11,11
2026-09-15,PHC-034,Nashik PHC-1,Nashik,Maharashtra,31.0855,88.1716,Insulin,vials,66.3,19,9,11,10
2026-09-16,PHC-034,Nashik PHC-1,Nashik,Maharashtra,31.0855,88.1716,Insulin,vials,67.2,19,11,11,8
2026-09-17,PHC-034,Nashik PHC-1,Nashik,Maharashtra,31.0855,88.1716,Insulin,vials,68.6,19,10,11,7
2026-09-18,PHC-034,Nashik PHC-1,Nashik,Maharashtra,31.0855,88.1716,Insulin,vials,68.4,19,6,11,9
2026-09-19,PHC-034,Nashik PHC-1,Nashik,Maharashtra,31.0855,88.1716,Insulin,vials,69.9,19,7,11,10
2026-09-20,PHC-034,Nashik PHC-1,Nashik,Maharashtra,31.0855,88.1716,Insulin,vials,70.5,19,8,11,8
2026-09-21,PHC-034,Nashik PHC-1,Nashik,Maharashtra,31.0855,88.1716,Insulin,vials,70.6,19,9,11,10
2026-09-22,PHC-034,Nashik PHC-1,Nashik,Maharashtra,31.0855,88.1716,Insulin,vials,68.8,19,10,11,9
2026-09-23,PHC-034,Nashik PHC-1,Nashik,Maharashtra,31.0855,88.1716,Insulin,vials,69.1,19,15,11,8
2026-09-24,PHC-034,Nashik PHC-1,Nashik,Maharashtra,31.0855,88.1716,Insulin,vials,71.1,19,5,11,9
2026-09-25,PHC-034,Nashik PHC-1,Nashik,Maharashtra,31.0855,88.1716,Insulin,vials,72.3,19,13,11,10
2026-09-26,PHC-034,Nashik PHC-1,Nashik,Maharashtra,31.0855,88.1716,Insulin,vials,73.7,19,7,11,7
2026-08-28,PHC-034,Nashik PHC-1,Nashik,Maharashtra,31.0855,88.1716,Amoxicillin,strips,476.1,19,16,11,9
2026-08-29,PHC-034,Nashik PHC-1,Nashik,Maharashtra,31.0855,88.1716,Amoxicillin,strips,479.5,19,9,11,10
2026-08-30,PHC-034,Nashik PHC-1,Nashik,Maharashtra,31.0855,88.1716,Amoxicillin,strips,480.3,19,6,11,6
2026-08-31,PHC-034,Nashik PHC-1,Nashik,Maharashtra,31.0855,88.1716,Amoxicillin,strips,484.7,19,8,11,10
2026-09-01,PHC-034,Nashik PHC-1,Nashik,Maharashtra,31.0855,88.1716,Amoxicillin,strips,483.6,19,11,11,11
2026-09-02,PHC-034,Nashik PHC-1,Nashik,Maharashtra,31.0855,88.1716,Amoxicillin,strips,485.2,19,15,11,8
2026-09-03,PHC-034,Nashik PHC-1,Nashik,Maharashtra,31.0855,88.1716,Amoxicillin,strips,487.8,19,13,11,9
2026-09-04,PHC-034,Nashik PHC-1,Nashik,Maharashtra,31.0855,88.1716,Amoxicillin,strips,484.2,19,9,11,8
2026-09-05,PHC-034,Nashik PHC-1,Nashik,Maharashtra,31.0855,88.1716,Amoxicillin,strips,482.9,19,12,11,9
2026-09-06,PHC-034,Nashik PHC-1,Nashik,Maharashtra,31.0855,88.1716,Amoxicillin,strips,478.1,19,10,11,8
2026-09-07,PHC-034,Nashik PHC-1,Nashik,Maharashtra,31.0855,88.1716,Amoxicillin,strips,483.6,19,7,11,11
2026-09-08,PHC-034,Nashik PHC-1,Nashik,Maharashtra,31.0855,88.1716,Amoxicillin,strips,485.6,19,14,11,10
2026-09-09,PHC-034,Nashik PHC-1,Nashik,Maharashtra,31.0855,88.1716,Amoxicillin,strips,494.5,19,8,11,9
2026-09-10,PHC-034,Nashik PHC-1,Nashik,Maharashtra,31.0855,88.1716,Amoxicillin,strips,488.1,19,9,11,11
2026-09-11,PHC-034,Nashik PHC-1,Nashik,Maharashtra,31.0855,88.1716,Amoxicillin,strips,492.5,19,17,11,11
2026-09-12,PHC-034,Nashik PHC-1,Nashik,Maharashtra,31.0855,88.1716,Amoxicillin,strips,498.2,19,12,11,9
2026-09-13,PHC-034,Nashik PHC-1,Nashik,Maharashtra,31.0855,88.1716,Amoxicillin,strips,498.2,19,11,11,10
2026-09-14,PHC-034,Nashik PHC-1,Nashik,Maharashtra,31.0855,88.1716,Amoxicillin,strips,491.0,19,12,11,8
2026-09-15,PHC-034,Nashik PHC-1,Nashik,Maharashtra,31.0855,88.1716,Amoxicillin,strips,490.4,19,10,11,10
2026-09-16,PHC-034,Nashik PHC-1,Nashik,Maharashtra,31.0855,88.1716,Amoxicillin,strips,497.0,19,11,11,9
2026-09-17,PHC-034,Nashik PHC-1,Nashik,Maharashtra,31.0855,88.1716,Amoxicillin,strips,491.2,19,12,11,10
2026-09-18,PHC-034,Nashik PHC-1,Nashik,Maharashtra,31.0855,88.1716,Amoxicillin,strips,483.8,19,7,11,8
2026-09-19,PHC-034,Nashik PHC-1,Nashik,Maharashtra,31.0855,88.1716,Amoxicillin,strips,484.5,19,9,11,7
2026-09-20,PHC-034,Nashik PHC-1,Nashik,Maharashtra,31.0855,88.1716,Amoxicillin,strips,482.7,19,14,11,10
2026-09-21,PHC-034,Nashik PHC-1,Nashik,Maharashtra,31.0855,88.1716,Amoxicillin,strips,485.6,19,13,11,7
2026-09-22,PHC-034,Nashik PHC-1,Nashik,Maharashtra,31.0855,88.1716,Amoxicillin,strips,486.5,19,11,11,7
2026-09-23,PHC-034,Nashik PHC-1,Nashik,Maharashtra,31.0855,88.1716,Amoxicillin,strips,490.1,19,15,11,8
2026-09-24,PHC-034,Nashik PHC-1,Nashik,Maharashtra,31.0855,88.1716,Amoxicillin,strips,489.0,19,12,11,9
2026-09-25,PHC-034,Nashik PHC-1,Nashik,Maharashtra,31.0855,88.1716,Amoxicillin,strips,485.4,19,12,11,8
2026-09-26,PHC-034,Nashik PHC-1,Nashik,Maharashtra,31.0855,88.1716,Amoxicillin,strips,490.6,19,7,11,9
2026-08-28,PHC-034,Nashik PHC-1,Nashik,Maharashtra,31.0855,88.1716,Iron Folic Acid Tablets,strips,728.0,19,11,11,10
2026-08-29,PHC-034,Nashik PHC-1,Nashik,Maharashtra,31.0855,88.1716,Iron Folic Acid Tablets,strips,735.0,19,13,11,5
2026-08-30,PHC-034,Nashik PHC-1,Nashik,Maharashtra,31.0855,88.1716,Iron Folic Acid Tablets,strips,727.7,19,9,11,11
2026-08-31,PHC-034,Nashik PHC-1,Nashik,Maharashtra,31.0855,88.1716,Iron Folic Acid Tablets,strips,742.4,19,7,11,8
2026-09-01,PHC-034,Nashik PHC-1,Nashik,Maharashtra,31.0855,88.1716,Iron Folic Acid Tablets,strips,740.2,19,12,11,9
2026-09-02,PHC-034,Nashik PHC-1,Nashik,Maharashtra,31.0855,88.1716,Iron Folic Acid Tablets,strips,739.3,19,11,11,10
2026-09-03,PHC-034,Nashik PHC-1,Nashik,Maharashtra,31.0855,88.1716,Iron Folic Acid Tablets,strips,738.6,19,10,11,8
2026-09-04,PHC-034,Nashik PHC-1,Nashik,Maharashtra,31.0855,88.1716,Iron Folic Acid Tablets,strips,742.1,19,5,11,7
2026-09-05,PHC-034,Nashik PHC-1,Nashik,Maharashtra,31.0855,88.1716,Iron Folic Acid Tablets,strips,743.7,19,11,11,9
2026-09-06,PHC-034,Nashik PHC-1,Nashik,Maharashtra,31.0855,88.1716,Iron Folic Acid Tablets,strips,751.3,19,13,11,9
2026-09-07,PHC-034,Nashik PHC-1,Nashik,Maharashtra,31.0855,88.1716,Iron Folic Acid Tablets,strips,736.6,19,11,11,9
2026-09-08,PHC-034,Nashik PHC-1,Nashik,Maharashtra,31.0855,88.1716,Iron Folic Acid Tablets,strips,724.1,19,10,11,9
2026-09-09,PHC-034,Nashik PHC-1,Nashik,Maharashtra,31.0855,88.1716,Iron Folic Acid Tablets,strips,730.5,19,13,11,9
2026-09-10,PHC-034,Nashik PHC-1,Nashik,Maharashtra,31.0855,88.1716,Iron Folic Acid Tablets,strips,729.2,19,11,11,10
2026-09-11,PHC-034,Nashik PHC-1,Nashik,Maharashtra,31.0855,88.1716,Iron Folic Acid Tablets,strips,731.7,19,14,11,10
2026-09-12,PHC-034,Nashik PHC-1,Nashik,Maharashtra,31.0855,88.1716,Iron Folic Acid Tablets,strips,739.9,19,13,11,8
2026-09-13,PHC-034,Nashik PHC-1,Nashik,Maharashtra,31.0855,88.1716,Iron Folic Acid Tablets,strips,742.1,19,13,11,11
2026-09-14,PHC-034,Nashik PHC-1,Nashik,Maharashtra,31.0855,88.1716,Iron Folic Acid Tablets,strips,753.2,19,16,11,10
2026-09-15,PHC-034,Nashik PHC-1,Nashik,Maharashtra,31.0855,88.1716,Iron Folic Acid Tablets,strips,751.3,19,11,11,10
2026-09-16,PHC-034,Nashik PHC-1,Nashik,Maharashtra,31.0855,88.1716,Iron Folic Acid Tablets,strips,754.8,19,13,11,10
2026-09-17,PHC-034,Nashik PHC-1,Nashik,Maharashtra,31.0855,88.1716,Iron Folic Acid Tablets,strips,750.8,19,13,11,11
2026-09-18,PHC-034,Nashik PHC-1,Nashik,Maharashtra,31.0855,88.1716,Iron Folic Acid Tablets,strips,760.9,19,8,11,9
2026-09-19,PHC-034,Nashik PHC-1,Nashik,Maharashtra,31.0855,88.1716,Iron Folic Acid Tablets,strips,768.4,19,16,11,9
2026-09-20,PHC-034,Nashik PHC-1,Nashik,Maharashtra,31.0855,88.1716,Iron Folic Acid Tablets,strips,779.4,19,11,11,9
2026-09-21,PHC-034,Nashik PHC-1,Nashik,Maharashtra,31.0855,88.1716,Iron Folic Acid Tablets,strips,772.7,19,11,11,11
2026-09-22,PHC-034,Nashik PHC-1,Nashik,Maharashtra,31.0855,88.1716,Iron Folic Acid Tablets,strips,777.4,19,12,11,9
2026-09-23,PHC-034,Nashik PHC-1,Nashik,Maharashtra,31.0855,88.1716,Iron Folic Acid Tablets,strips,789.5,19,12,11,10
2026-09-24,PHC-034,Nashik PHC-1,Nashik,Maharashtra,31.0855,88.1716,Iron Folic Acid Tablets,strips,788.3,19,8,11,11
2026-09-25,PHC-034,Nashik PHC-1,Nashik,Maharashtra,31.0855,88.1716,Iron Folic Acid Tablets,strips,793.2,19,9,11,9
2026-09-26,PHC-034,Nashik PHC-1,Nashik,Maharashtra,31.0855,88.1716,Iron Folic Acid Tablets,strips,793.4,19,9,11,8
2026-08-28,PHC-035,Nashik PHC-2,Nashik,Maharashtra,14.3809,89.3835,Paracetamol,units,395.4,15,9,12,8
2026-08-29,PHC-035,Nashik PHC-2,Nashik,Maharashtra,14.3809,89.3835,Paracetamol,units,392.5,15,10,12,10
2026-08-30,PHC-035,Nashik PHC-2,Nashik,Maharashtra,14.3809,89.3835,Paracetamol,units,392.2,15,14,12,9
2026-08-31,PHC-035,Nashik PHC-2,Nashik,Maharashtra,14.3809,89.3835,Paracetamol,units,397.3,15,6,12,8
2026-09-01,PHC-035,Nashik PHC-2,Nashik,Maharashtra,14.3809,89.3835,Paracetamol,units,401.4,15,8,12,9
2026-09-02,PHC-035,Nashik PHC-2,Nashik,Maharashtra,14.3809,89.3835,Paracetamol,units,397.1,15,8,12,8
2026-09-03,PHC-035,Nashik PHC-2,Nashik,Maharashtra,14.3809,89.3835,Paracetamol,units,398.3,15,10,12,8
2026-09-04,PHC-035,Nashik PHC-2,Nashik,Maharashtra,14.3809,89.3835,Paracetamol,units,395.0,15,8,12,11
2026-09-05,PHC-035,Nashik PHC-2,Nashik,Maharashtra,14.3809,89.3835,Paracetamol,units,388.6,15,7,12,8
2026-09-06,PHC-035,Nashik PHC-2,Nashik,Maharashtra,14.3809,89.3835,Paracetamol,units,391.1,15,5,12,10
2026-09-07,PHC-035,Nashik PHC-2,Nashik,Maharashtra,14.3809,89.3835,Paracetamol,units,387.4,15,9,12,9
2026-09-08,PHC-035,Nashik PHC-2,Nashik,Maharashtra,14.3809,89.3835,Paracetamol,units,383.6,15,8,12,9
2026-09-09,PHC-035,Nashik PHC-2,Nashik,Maharashtra,14.3809,89.3835,Paracetamol,units,386.9,15,3,12,10
2026-09-10,PHC-035,Nashik PHC-2,Nashik,Maharashtra,14.3809,89.3835,Paracetamol,units,385.5,15,8,12,9
2026-09-11,PHC-035,Nashik PHC-2,Nashik,Maharashtra,14.3809,89.3835,Paracetamol,units,389.7,15,7,12,9
2026-09-12,PHC-035,Nashik PHC-2,Nashik,Maharashtra,14.3809,89.3835,Paracetamol,units,379.0,15,7,12,11
2026-09-13,PHC-035,Nashik PHC-2,Nashik,Maharashtra,14.3809,89.3835,Paracetamol,units,377.6,15,7,12,12
2026-09-14,PHC-035,Nashik PHC-2,Nashik,Maharashtra,14.3809,89.3835,Paracetamol,units,375.1,15,6,12,10
2026-09-15,PHC-035,Nashik PHC-2,Nashik,Maharashtra,14.3809,89.3835,Paracetamol,units,371.6,15,11,12,10
2026-09-16,PHC-035,Nashik PHC-2,Nashik,Maharashtra,14.3809,89.3835,Paracetamol,units,369.2,15,9,12,9
2026-09-17,PHC-035,Nashik PHC-2,Nashik,Maharashtra,14.3809,89.3835,Paracetamol,units,370.0,15,9,12,9
2026-09-18,PHC-035,Nashik PHC-2,Nashik,Maharashtra,14.3809,89.3835,Paracetamol,units,371.6,15,10,12,9
2026-09-19,PHC-035,Nashik PHC-2,Nashik,Maharashtra,14.3809,89.3835,Paracetamol,units,372.1,15,9,12,8
2026-09-20,PHC-035,Nashik PHC-2,Nashik,Maharashtra,14.3809,89.3835,Paracetamol,units,368.1,15,9,12,9
2026-09-21,PHC-035,Nashik PHC-2,Nashik,Maharashtra,14.3809,89.3835,Paracetamol,units,363.4,15,8,12,8
2026-09-22,PHC-035,Nashik PHC-2,Nashik,Maharashtra,14.3809,89.3835,Paracetamol,units,365.8,15,9,12,9
2026-09-23,PHC-035,Nashik PHC-2,Nashik,Maharashtra,14.3809,89.3835,Paracetamol,units,363.8,15,7,12,10
2026-09-24,PHC-035,Nashik PHC-2,Nashik,Maharashtra,14.3809,89.3835,Paracetamol,units,366.2,15,11,12,9
2026-09-25,PHC-035,Nashik PHC-2,Nashik,Maharashtra,14.3809,89.3835,Paracetamol,units,371.6,15,9,12,9
2026-09-26,PHC-035,Nashik PHC-2,Nashik,Maharashtra,14.3809,89.3835,Paracetamol,units,374.5,15,8,12,9
2026-08-28,PHC-035,Nashik PHC-2,Nashik,Maharashtra,14.3809,89.3835,ORS Sachets,packets,396.0,15,10,12,10
2026-08-29,PHC-035,Nashik PHC-2,Nashik,Maharashtra,14.3809,89.3835,ORS Sachets,packets,398.0,15,10,12,9
2026-08-30,PHC-035,Nashik PHC-2,Nashik,Maharashtra,14.3809,89.3835,ORS Sachets,packets,395.8,15,9,12,8
2026-08-31,PHC-035,Nashik PHC-2,Nashik,Maharashtra,14.3809,89.3835,ORS Sachets,packets,394.3,15,8,12,9
2026-09-01,PHC-035,Nashik PHC-2,Nashik,Maharashtra,14.3809,89.3835,ORS Sachets,packets,395.7,15,6,12,10
2026-09-02,PHC-035,Nashik PHC-2,Nashik,Maharashtra,14.3809,89.3835,ORS Sachets,packets,392.9,15,7,12,11
2026-09-03,PHC-035,Nashik PHC-2,Nashik,Maharashtra,14.3809,89.3835,ORS Sachets,packets,393.4,15,11,12,9
2026-09-04,PHC-035,Nashik PHC-2,Nashik,Maharashtra,14.3809,89.3835,ORS Sachets,packets,391.6,15,8,12,11
2026-09-05,PHC-035,Nashik PHC-2,Nashik,Maharashtra,14.3809,89.3835,ORS Sachets,packets,389.4,15,5,12,11
2026-09-06,PHC-035,Nashik PHC-2,Nashik,Maharashtra,14.3809,89.3835,ORS Sachets,packets,388.1,15,5,12,9
2026-09-07,PHC-035,Nashik PHC-2,Nashik,Maharashtra,14.3809,89.3835,ORS Sachets,packets,388.8,15,8,12,8
2026-09-08,PHC-035,Nashik PHC-2,Nashik,Maharashtra,14.3809,89.3835,ORS Sachets,packets,389.3,15,6,12,10
2026-09-09,PHC-035,Nashik PHC-2,Nashik,Maharashtra,14.3809,89.3835,ORS Sachets,packets,387.8,15,10,12,10
2026-09-10,PHC-035,Nashik PHC-2,Nashik,Maharashtra,14.3809,89.3835,ORS Sachets,packets,395.0,15,6,12,11
2026-09-11,PHC-035,Nashik PHC-2,Nashik,Maharashtra,14.3809,89.3835,ORS Sachets,packets,392.8,15,7,12,9
2026-09-12,PHC-035,Nashik PHC-2,Nashik,Maharashtra,14.3809,89.3835,ORS Sachets,packets,392.2,15,8,12,11
2026-09-13,PHC-035,Nashik PHC-2,Nashik,Maharashtra,14.3809,89.3835,ORS Sachets,packets,389.0,15,10,12,10
2026-09-14,PHC-035,Nashik PHC-2,Nashik,Maharashtra,14.3809,89.3835,ORS Sachets,packets,390.3,15,11,12,10
2026-09-15,PHC-035,Nashik PHC-2,Nashik,Maharashtra,14.3809,89.3835,ORS Sachets,packets,394.2,15,12,12,9
2026-09-16,PHC-035,Nashik PHC-2,Nashik,Maharashtra,14.3809,89.3835,ORS Sachets,packets,397.9,15,9,12,8
2026-09-17,PHC-035,Nashik PHC-2,Nashik,Maharashtra,14.3809,89.3835,ORS Sachets,packets,395.9,15,6,12,8
2026-09-18,PHC-035,Nashik PHC-2,Nashik,Maharashtra,14.3809,89.3835,ORS Sachets,packets,394.1,15,9,12,10
2026-09-19,PHC-035,Nashik PHC-2,Nashik,Maharashtra,14.3809,89.3835,ORS Sachets,packets,395.0,15,9,12,10
2026-09-20,PHC-035,Nashik PHC-2,Nashik,Maharashtra,14.3809,89.3835,ORS Sachets,packets,391.5,15,8,12,10
2026-09-21,PHC-035,Nashik PHC-2,Nashik,Maharashtra,14.3809,89.3835,ORS Sachets,packets,396.2,15,9,12,9
2026-09-22,PHC-035,Nashik PHC-2,Nashik,Maharashtra,14.3809,89.3835,ORS Sachets,packets,393.4,15,5,12,9
2026-09-23,PHC-035,Nashik PHC-2,Nashik,Maharashtra,14.3809,89.3835,ORS Sachets,packets,393.6,15,13,12,10
2026-09-24,PHC-035,Nashik PHC-2,Nashik,Maharashtra,14.3809,89.3835,ORS Sachets,packets,395.1,15,11,12,9
2026-09-25,PHC-035,Nashik PHC-2,Nashik,Maharashtra,14.3809,89.3835,ORS Sachets,packets,393.5,15,8,12,9
2026-09-26,PHC-035,Nashik PHC-2,Nashik,Maharashtra,14.3809,89.3835,ORS Sachets,packets,395.1,15,6,12,8
2026-08-28,PHC-035,Nashik PHC-2,Nashik,Maharashtra,14.3809,89.3835,Insulin,vials,98.1,15,8,12,10
2026-08-29,PHC-035,Nashik PHC-2,Nashik,Maharashtra,14.3809,89.3835,Insulin,vials,92.6,15,7,12,8
2026-08-30,PHC-035,Nashik PHC-2,Nashik,Maharashtra,14.3809,89.3835,Insulin,vials,87.8,15,10,12,11
2026-08-31,PHC-035,Nashik PHC-2,Nashik,Maharashtra,14.3809,89.3835,Insulin,vials,79.4,15,11,12,12
2026-09-01,PHC-035,Nashik PHC-2,Nashik,Maharashtra,14.3809,89.3835,Insulin,vials,74.6,15,12,12,9
2026-09-02,PHC-035,Nashik PHC-2,Nashik,Maharashtra,14.3809,89.3835,Insulin,vials,67.4,15,10,12,7
2026-09-03,PHC-035,Nashik PHC-2,Nashik,Maharashtra,14.3809,89.3835,Insulin,vials,61.0,15,6,12,8
2026-09-04,PHC-035,Nashik PHC-2,Nashik,Maharashtra,14.3809,89.3835,Insulin,vials,53.2,15,13,12,9
2026-09-05,PHC-035,Nashik PHC-2,Nashik,Maharashtra,14.3809,89.3835,Insulin,vials,44.7,15,12,12,10
2026-09-06,PHC-035,Nashik PHC-2,Nashik,Maharashtra,14.3809,89.3835,Insulin,vials,40.9,15,8,12,10
2026-09-07,PHC-035,Nashik PHC-2,Nashik,Maharashtra,14.3809,89.3835,Insulin,vials,37.3,15,10,12,10
2026-09-08,PHC-035,Nashik PHC-2,Nashik,Maharashtra,14.3809,89.3835,Insulin,vials,34.2,15,5,12,11
2026-09-09,PHC-035,Nashik PHC-2,Nashik,Maharashtra,14.3809,89.3835,Insulin,vials,30.8,15,10,12,11
2026-09-10,PHC-035,Nashik PHC-2,Nashik,Maharashtra,14.3809,89.3835,Insulin,vials,27.3,15,7,12,12
2026-09-11,PHC-035,Nashik PHC-2,Nashik,Maharashtra,14.3809,89.3835,Insulin,vials,22.0,15,6,12,11
2026-09-12,PHC-035,Nashik PHC-2,Nashik,Maharashtra,14.3809,89.3835,Insulin,vials,14.7,15,4,12,10
2026-09-13,PHC-035,Nashik PHC-2,Nashik,Maharashtra,14.3809,89.3835,Insulin,vials,7.6,15,9,12,9
2026-09-14,PHC-035,Nashik PHC-2,Nashik,Maharashtra,14.3809,89.3835,Insulin,vials,0.9,15,9,12,7
2026-09-15,PHC-035,Nashik PHC-2,Nashik,Maharashtra,14.3809,89.3835,Insulin,vials,0.0,15,8,12,11
2026-09-16,PHC-035,Nashik PHC-2,Nashik,Maharashtra,14.3809,89.3835,Insulin,vials,0.0,15,10,12,9
2026-09-17,PHC-035,Nashik PHC-2,Nashik,Maharashtra,14.3809,89.3835,Insulin,vials,0.0,15,8,12,9
2026-09-18,PHC-035,Nashik PHC-2,Nashik,Maharashtra,14.3809,89.3835,Insulin,vials,0.0,15,8,12,8
2026-09-19,PHC-035,Nashik PHC-2,Nashik,Maharashtra,14.3809,89.3835,Insulin,vials,0.0,15,11,12,9
2026-09-20,PHC-035,Nashik PHC-2,Nashik,Maharashtra,14.3809,89.3835,Insulin,vials,0.0,15,11,12,9
2026-09-21,PHC-035,Nashik PHC-2,Nashik,Maharashtra,14.3809,89.3835,Insulin,vials,0.0,15,7,12,10
2026-09-22,PHC-035,Nashik PHC-2,Nashik,Maharashtra,14.3809,89.3835,Insulin,vials,0.0,15,5,12,11
2026-09-23,PHC-035,Nashik PHC-2,Nashik,Maharashtra,14.3809,89.3835,Insulin,vials,0.0,15,9,12,10
2026-09-24,PHC-035,Nashik PHC-2,Nashik,Maharashtra,14.3809,89.3835,Insulin,vials,0.0,15,9,12,11
2026-09-25,PHC-035,Nashik PHC-2,Nashik,Maharashtra,14.3809,89.3835,Insulin,vials,0.0,15,10,12,10
2026-09-26,PHC-035,Nashik PHC-2,Nashik,Maharashtra,14.3809,89.3835,Insulin,vials,0.0,15,8,12,9
2026-08-28,PHC-035,Nashik PHC-2,Nashik,Maharashtra,14.3809,89.3835,Amoxicillin,strips,430.6,15,8,12,10
2026-08-29,PHC-035,Nashik PHC-2,Nashik,Maharashtra,14.3809,89.3835,Amoxicillin,strips,435.3,15,5,12,7
2026-08-30,PHC-035,Nashik PHC-2,Nashik,Maharashtra,14.3809,89.3835,Amoxicillin,strips,438.4,15,3,12,10
2026-08-31,PHC-035,Nashik PHC-2,Nashik,Maharashtra,14.3809,89.3835,Amoxicillin,strips,440.9,15,11,12,9
2026-09-01,PHC-035,Nashik PHC-2,Nashik,Maharashtra,14.3809,89.3835,Amoxicillin,strips,444.4,15,10,12,8
2026-09-02,PHC-035,Nashik PHC-2,Nashik,Maharashtra,14.3809,89.3835,Amoxicillin,strips,447.3,15,9,12,9
2026-09-03,PHC-035,Nashik PHC-2,Nashik,Maharashtra,14.3809,89.3835,Amoxicillin,strips,452.9,15,8,12,11
2026-09-04,PHC-035,Nashik PHC-2,Nashik,Maharashtra,14.3809,89.3835,Amoxicillin,strips,455.0,15,9,12,9
2026-09-05,PHC-035,Nashik PHC-2,Nashik,Maharashtra,14.3809,89.3835,Amoxicillin,strips,458.7,15,9,12,9
2026-09-06,PHC-035,Nashik PHC-2,Nashik,Maharashtra,14.3809,89.3835,Amoxicillin,strips,462.1,15,10,12,9
2026-09-07,PHC-035,Nashik PHC-2,Nashik,Maharashtra,14.3809,89.3835,Amoxicillin,strips,467.1,15,7,12,8
2026-09-08,PHC-035,Nashik PHC-2,Nashik,Maharashtra,14.3809,89.3835,Amoxicillin,strips,473.0,15,8,12,10
2026-09-09,PHC-035,Nashik PHC-2,Nashik,Maharashtra,14.3809,89.3835,Amoxicillin,strips,477.1,15,11,12,9
2026-09-10,PHC-035,Nashik PHC-2,Nashik,Maharashtra,14.3809,89.3835,Amoxicillin,strips,479.7,15,12,12,7
2026-09-11,PHC-035,Nashik PHC-2,Nashik,Maharashtra,14.3809,89.3835,Amoxicillin,strips,484.1,15,6,12,9
2026-09-12,PHC-035,Nashik PHC-2,Nashik,Maharashtra,14.3809,89.3835,Amoxicillin,strips,489.6,15,10,12,10
2026-09-13,PHC-035,Nashik PHC-2,Nashik,Maharashtra,14.3809,89.3835,Amoxicillin,strips,493.9,15,7,12,10
2026-09-14,PHC-035,Nashik PHC-2,Nashik,Maharashtra,14.3809,89.3835,Amoxicillin,strips,499.2,15,14,12,11
2026-09-15,PHC-035,Nashik PHC-2,Nashik,Maharashtra,14.3809,89.3835,Amoxicillin,strips,502.6,15,8,12,10
2026-09-16,PHC-035,Nashik PHC-2,Nashik,Maharashtra,14.3809,89.3835,Amoxicillin,strips,506.8,15,10,12,7
2026-09-17,PHC-035,Nashik PHC-2,Nashik,Maharashtra,14.3809,89.3835,Amoxicillin,strips,512.0,15,7,12,10
2026-09-18,PHC-035,Nashik PHC-2,Nashik,Maharashtra,14.3809,89.3835,Amoxicillin,strips,515.9,15,6,12,10
2026-09-19,PHC-035,Nashik PHC-2,Nashik,Maharashtra,14.3809,89.3835,Amoxicillin,strips,520.4,15,9,12,8
2026-09-20,PHC-035,Nashik PHC-2,Nashik,Maharashtra,14.3809,89.3835,Amoxicillin,strips,526.1,15,8,12,9
2026-09-21,PHC-035,Nashik PHC-2,Nashik,Maharashtra,14.3809,89.3835,Amoxicillin,strips,531.2,15,8,12,8
2026-09-22,PHC-035,Nashik PHC-2,Nashik,Maharashtra,14.3809,89.3835,Amoxicillin,strips,533.3,15,7,12,11
2026-09-23,PHC-035,Nashik PHC-2,Nashik,Maharashtra,14.3809,89.3835,Amoxicillin,strips,538.0,15,12,12,9
2026-09-24,PHC-035,Nashik PHC-2,Nashik,Maharashtra,14.3809,89.3835,Amoxicillin,strips,540.7,15,5,12,12
2026-09-25,PHC-035,Nashik PHC-2,Nashik,Maharashtra,14.3809,89.3835,Amoxicillin,strips,543.9,15,7,12,12
2026-09-26,PHC-035,Nashik PHC-2,Nashik,Maharashtra,14.3809,89.3835,Amoxicillin,strips,549.4,15,5,12,9
2026-08-28,PHC-035,Nashik PHC-2,Nashik,Maharashtra,14.3809,89.3835,Iron Folic Acid Tablets,strips,764.7,15,5,12,10
2026-08-29,PHC-035,Nashik PHC-2,Nashik,Maharashtra,14.3809,89.3835,Iron Folic Acid Tablets,strips,767.9,15,8,12,9
2026-08-30,PHC-035,Nashik PHC-2,Nashik,Maharashtra,14.3809,89.3835,Iron Folic Acid Tablets,strips,758.5,15,9,12,10
2026-08-31,PHC-035,Nashik PHC-2,Nashik,Maharashtra,14.3809,89.3835,Iron Folic Acid Tablets,strips,756.4,15,7,12,8
2026-09-01,PHC-035,Nashik PHC-2,Nashik,Maharashtra,14.3809,89.3835,Iron Folic Acid Tablets,strips,754.0,15,7,12,9
2026-09-02,PHC-035,Nashik PHC-2,Nashik,Maharashtra,14.3809,89.3835,Iron Folic Acid Tablets,strips,748.8,15,6,12,11
2026-09-03,PHC-035,Nashik PHC-2,Nashik,Maharashtra,14.3809,89.3835,Iron Folic Acid Tablets,strips,752.6,15,8,12,10
2026-09-04,PHC-035,Nashik PHC-2,Nashik,Maharashtra,14.3809,89.3835,Iron Folic Acid Tablets,strips,761.3,15,11,12,11
2026-09-05,PHC-035,Nashik PHC-2,Nashik,Maharashtra,14.3809,89.3835,Iron Folic Acid Tablets,strips,756.4,15,10,12,11
2026-09-06,PHC-035,Nashik PHC-2,Nashik,Maharashtra,14.3809,89.3835,Iron Folic Acid Tablets,strips,756.5,15,10,12,11
2026-09-07,PHC-035,Nashik PHC-2,Nashik,Maharashtra,14.3809,89.3835,Iron Folic Acid Tablets,strips,758.0,15,9,12,9
2026-09-08,PHC-035,Nashik PHC-2,Nashik,Maharashtra,14.3809,89.3835,Iron Folic Acid Tablets,strips,751.9,15,5,12,10
2026-09-09,PHC-035,Nashik PHC-2,Nashik,Maharashtra,14.3809,89.3835,Iron Folic Acid Tablets,strips,754.2,15,11,12,11
2026-09-10,PHC-035,Nashik PHC-2,Nashik,Maharashtra,14.3809,89.3835,Iron Folic Acid Tablets,strips,750.2,15,5,12,11
2026-09-11,PHC-035,Nashik PHC-2,Nashik,Maharashtra,14.3809,89.3835,Iron Folic Acid Tablets,strips,757.1,15,10,12,7
2026-09-12,PHC-035,Nashik PHC-2,Nashik,Maharashtra,14.3809,89.3835,Iron Folic Acid Tablets,strips,760.5,15,11,12,11
2026-09-13,PHC-035,Nashik PHC-2,Nashik,Maharashtra,14.3809,89.3835,Iron Folic Acid Tablets,strips,756.8,15,6,12,10
2026-09-14,PHC-035,Nashik PHC-2,Nashik,Maharashtra,14.3809,89.3835,Iron Folic Acid Tablets,strips,765.6,15,5,12,10
2026-09-15,PHC-035,Nashik PHC-2,Nashik,Maharashtra,14.3809,89.3835,Iron Folic Acid Tablets,strips,764.6,15,6,12,7
2026-09-16,PHC-035,Nashik PHC-2,Nashik,Maharashtra,14.3809,89.3835,Iron Folic Acid Tablets,strips,761.1,15,11,12,9
2026-09-17,PHC-035,Nashik PHC-2,Nashik,Maharashtra,14.3809,89.3835,Iron Folic Acid Tablets,strips,753.1,15,10,12,7
2026-09-18,PHC-035,Nashik PHC-2,Nashik,Maharashtra,14.3809,89.3835,Iron Folic Acid Tablets,strips,752.3,15,2,12,9
2026-09-19,PHC-035,Nashik PHC-2,Nashik,Maharashtra,14.3809,89.3835,Iron Folic Acid Tablets,strips,750.1,15,8,12,9
2026-09-20,PHC-035,Nashik PHC-2,Nashik,Maharashtra,14.3809,89.3835,Iron Folic Acid Tablets,strips,744.6,15,10,12,11
2026-09-21,PHC-035,Nashik PHC-2,Nashik,Maharashtra,14.3809,89.3835,Iron Folic Acid Tablets,strips,744.5,15,6,12,10
2026-09-22,PHC-035,Nashik PHC-2,Nashik,Maharashtra,14.3809,89.3835,Iron Folic Acid Tablets,strips,743.5,15,9,12,10
2026-09-23,PHC-035,Nashik PHC-2,Nashik,Maharashtra,14.3809,89.3835,Iron Folic Acid Tablets,strips,753.1,15,8,12,12
2026-09-24,PHC-035,Nashik PHC-2,Nashik,Maharashtra,14.3809,89.3835,Iron Folic Acid Tablets,strips,768.4,15,11,12,10
2026-09-25,PHC-035,Nashik PHC-2,Nashik,Maharashtra,14.3809,89.3835,Iron Folic Acid Tablets,strips,763.3,15,10,12,10
2026-09-26,PHC-035,Nashik PHC-2,Nashik,Maharashtra,14.3809,89.3835,Iron Folic Acid Tablets,strips,769.7,15,9,12,11
2026-08-28,PHC-036,Nashik PHC-3,Nashik,Maharashtra,25.2054,78.9872,Paracetamol,units,447.1,24,18,7,7
2026-08-29,PHC-036,Nashik PHC-3,Nashik,Maharashtra,25.2054,78.9872,Paracetamol,units,450.3,24,13,7,7
2026-08-30,PHC-036,Nashik PHC-3,Nashik,Maharashtra,25.2054,78.9872,Paracetamol,units,457.3,24,17,7,5
2026-08-31,PHC-036,Nashik PHC-3,Nashik,Maharashtra,25.2054,78.9872,Paracetamol,units,460.3,24,9,7,6
2026-09-01,PHC-036,Nashik PHC-3,Nashik,Maharashtra,25.2054,78.9872,Paracetamol,units,466.7,24,15,7,7
2026-09-02,PHC-036,Nashik PHC-3,Nashik,Maharashtra,25.2054,78.9872,Paracetamol,units,473.5,24,11,7,6
2026-09-03,PHC-036,Nashik PHC-3,Nashik,Maharashtra,25.2054,78.9872,Paracetamol,units,478.5,24,12,7,6
2026-09-04,PHC-036,Nashik PHC-3,Nashik,Maharashtra,25.2054,78.9872,Paracetamol,units,482.3,24,12,7,5
2026-09-05,PHC-036,Nashik PHC-3,Nashik,Maharashtra,25.2054,78.9872,Paracetamol,units,486.0,24,19,7,6
2026-09-06,PHC-036,Nashik PHC-3,Nashik,Maharashtra,25.2054,78.9872,Paracetamol,units,492.3,24,9,7,7
2026-09-07,PHC-036,Nashik PHC-3,Nashik,Maharashtra,25.2054,78.9872,Paracetamol,units,497.6,24,17,7,3
2026-09-08,PHC-036,Nashik PHC-3,Nashik,Maharashtra,25.2054,78.9872,Paracetamol,units,504.5,24,13,7,6
2026-09-09,PHC-036,Nashik PHC-3,Nashik,Maharashtra,25.2054,78.9872,Paracetamol,units,510.9,24,13,7,6
2026-09-10,PHC-036,Nashik PHC-3,Nashik,Maharashtra,25.2054,78.9872,Paracetamol,units,518.1,24,12,7,6
2026-09-11,PHC-036,Nashik PHC-3,Nashik,Maharashtra,25.2054,78.9872,Paracetamol,units,524.8,24,17,7,7
2026-09-12,PHC-036,Nashik PHC-3,Nashik,Maharashtra,25.2054,78.9872,Paracetamol,units,527.9,24,19,7,3
2026-09-13,PHC-036,Nashik PHC-3,Nashik,Maharashtra,25.2054,78.9872,Paracetamol,units,532.3,24,22,7,6
2026-09-14,PHC-036,Nashik PHC-3,Nashik,Maharashtra,25.2054,78.9872,Paracetamol,units,536.3,24,14,7,5
2026-09-15,PHC-036,Nashik PHC-3,Nashik,Maharashtra,25.2054,78.9872,Paracetamol,units,542.8,24,14,7,6
2026-09-16,PHC-036,Nashik PHC-3,Nashik,Maharashtra,25.2054,78.9872,Paracetamol,units,546.8,24,21,7,6
2026-09-17,PHC-036,Nashik PHC-3,Nashik,Maharashtra,25.2054,78.9872,Paracetamol,units,550.5,24,20,7,4
2026-09-18,PHC-036,Nashik PHC-3,Nashik,Maharashtra,25.2054,78.9872,Paracetamol,units,557.5,24,15,7,6
2026-09-19,PHC-036,Nashik PHC-3,Nashik,Maharashtra,25.2054,78.9872,Paracetamol,units,564.9,24,11,7,4
2026-09-20,PHC-036,Nashik PHC-3,Nashik,Maharashtra,25.2054,78.9872,Paracetamol,units,567.6,24,18,7,4
2026-09-21,PHC-036,Nashik PHC-3,Nashik,Maharashtra,25.2054,78.9872,Paracetamol,units,571.6,24,17,7,5
2026-09-22,PHC-036,Nashik PHC-3,Nashik,Maharashtra,25.2054,78.9872,Paracetamol,units,575.9,24,10,7,5
2026-09-23,PHC-036,Nashik PHC-3,Nashik,Maharashtra,25.2054,78.9872,Paracetamol,units,582.0,24,13,7,4
2026-09-24,PHC-036,Nashik PHC-3,Nashik,Maharashtra,25.2054,78.9872,Paracetamol,units,588.9,24,9,7,6
2026-09-25,PHC-036,Nashik PHC-3,Nashik,Maharashtra,25.2054,78.9872,Paracetamol,units,594.8,24,11,7,6
2026-09-26,PHC-036,Nashik PHC-3,Nashik,Maharashtra,25.2054,78.9872,Paracetamol,units,600.4,24,22,7,4
2026-08-28,PHC-036,Nashik PHC-3,Nashik,Maharashtra,25.2054,78.9872,ORS Sachets,packets,359.4,24,14,7,5
2026-08-29,PHC-036,Nashik PHC-3,Nashik,Maharashtra,25.2054,78.9872,ORS Sachets,packets,354.6,24,12,7,6
2026-08-30,PHC-036,Nashik PHC-3,Nashik,Maharashtra,25.2054,78.9872,ORS Sachets,packets,355.7,24,17,7,5
2026-08-31,PHC-036,Nashik PHC-3,Nashik,Maharashtra,25.2054,78.9872,ORS Sachets,packets,355.2,24,16,7,7
2026-09-01,PHC-036,Nashik PHC-3,Nashik,Maharashtra,25.2054,78.9872,ORS Sachets,packets,352.4,24,15,7,6
2026-09-02,PHC-036,Nashik PHC-3,Nashik,Maharashtra,25.2054,78.9872,ORS Sachets,packets,351.2,24,11,7,6
2026-09-03,PHC-036,Nashik PHC-3,Nashik,Maharashtra,25.2054,78.9872,ORS Sachets,packets,349.7,24,18,7,4
2026-09-04,PHC-036,Nashik PHC-3,Nashik,Maharashtra,25.2054,78.9872,ORS Sachets,packets,347.5,24,17,7,5
2026-09-05,PHC-036,Nashik PHC-3,Nashik,Maharashtra,25.2054,78.9872,ORS Sachets,packets,347.1,24,17,7,5
2026-09-06,PHC-036,Nashik PHC-3,Nashik,Maharashtra,25.2054,78.9872,ORS Sachets,packets,352.3,24,14,7,5
2026-09-07,PHC-036,Nashik PHC-3,Nashik,Maharashtra,25.2054,78.9872,ORS Sachets,packets,356.4,24,12,7,7
2026-09-08,PHC-036,Nashik PHC-3,Nashik,Maharashtra,25.2054,78.9872,ORS Sachets,packets,356.7,24,15,7,7
2026-09-09,PHC-036,Nashik PHC-3,Nashik,Maharashtra,25.2054,78.9872,ORS Sachets,packets,357.4,24,13,7,5
2026-09-10,PHC-036,Nashik PHC-3,Nashik,Maharashtra,25.2054,78.9872,ORS Sachets,packets,356.8,24,15,7,5
2026-09-11,PHC-036,Nashik PHC-3,Nashik,Maharashtra,25.2054,78.9872,ORS Sachets,packets,358.2,24,16,7,5
2026-09-12,PHC-036,Nashik PHC-3,Nashik,Maharashtra,25.2054,78.9872,ORS Sachets,packets,364.1,24,17,7,6
2026-09-13,PHC-036,Nashik PHC-3,Nashik,Maharashtra,25.2054,78.9872,ORS Sachets,packets,368.0,24,20,7,6
2026-09-14,PHC-036,Nashik PHC-3,Nashik,Maharashtra,25.2054,78.9872,ORS Sachets,packets,367.9,24,16,7,6
2026-09-15,PHC-036,Nashik PHC-3,Nashik,Maharashtra,25.2054,78.9872,ORS Sachets,packets,366.1,24,20,7,4
2026-09-16,PHC-036,Nashik PHC-3,Nashik,Maharashtra,25.2054,78.9872,ORS Sachets,packets,363.2,24,11,7,7
2026-09-17,PHC-036,Nashik PHC-3,Nashik,Maharashtra,25.2054,78.9872,ORS Sachets,packets,362.8,24,16,7,5
2026-09-18,PHC-036,Nashik PHC-3,Nashik,Maharashtra,25.2054,78.9872,ORS Sachets,packets,367.6,24,19,7,6
2026-09-19,PHC-036,Nashik PHC-3,Nashik,Maharashtra,25.2054,78.9872,ORS Sachets,packets,366.8,24,11,7,6
2026-09-20,PHC-036,Nashik PHC-3,Nashik,Maharashtra,25.2054,78.9872,ORS Sachets,packets,365.5,24,9,7,7
2026-09-21,PHC-036,Nashik PHC-3,Nashik,Maharashtra,25.2054,78.9872,ORS Sachets,packets,367.0,24,12,7,4
2026-09-22,PHC-036,Nashik PHC-3,Nashik,Maharashtra,25.2054,78.9872,ORS Sachets,packets,365.9,24,16,7,7
2026-09-23,PHC-036,Nashik PHC-3,Nashik,Maharashtra,25.2054,78.9872,ORS Sachets,packets,369.8,24,20,7,6
2026-09-24,PHC-036,Nashik PHC-3,Nashik,Maharashtra,25.2054,78.9872,ORS Sachets,packets,371.6,24,7,7,5
2026-09-25,PHC-036,Nashik PHC-3,Nashik,Maharashtra,25.2054,78.9872,ORS Sachets,packets,372.1,24,11,7,6
2026-09-26,PHC-036,Nashik PHC-3,Nashik,Maharashtra,25.2054,78.9872,ORS Sachets,packets,377.0,24,20,7,3
2026-08-28,PHC-036,Nashik PHC-3,Nashik,Maharashtra,25.2054,78.9872,Insulin,vials,124.8,24,15,7,5
2026-08-29,PHC-036,Nashik PHC-3,Nashik,Maharashtra,25.2054,78.9872,Insulin,vials,118.1,24,7,7,5
2026-08-30,PHC-036,Nashik PHC-3,Nashik,Maharashtra,25.2054,78.9872,Insulin,vials,110.5,24,11,7,5
2026-08-31,PHC-036,Nashik PHC-3,Nashik,Maharashtra,25.2054,78.9872,Insulin,vials,104.6,24,13,7,6
2026-09-01,PHC-036,Nashik PHC-3,Nashik,Maharashtra,25.2054,78.9872,Insulin,vials,97.8,24,16,7,5
2026-09-02,PHC-036,Nashik PHC-3,Nashik,Maharashtra,25.2054,78.9872,Insulin,vials,89.7,24,15,7,4
2026-09-03,PHC-036,Nashik PHC-3,Nashik,Maharashtra,25.2054,78.9872,Insulin,vials,86.4,24,13,7,5
2026-09-04,PHC-036,Nashik PHC-3,Nashik,Maharashtra,25.2054,78.9872,Insulin,vials,80.7,24,16,7,6
2026-09-05,PHC-036,Nashik PHC-3,Nashik,Maharashtra,25.2054,78.9872,Insulin,vials,75.9,24,14,7,3
2026-09-06,PHC-036,Nashik PHC-3,Nashik,Maharashtra,25.2054,78.9872,Insulin,vials,70.2,24,16,7,4
2026-09-07,PHC-036,Nashik PHC-3,Nashik,Maharashtra,25.2054,78.9872,Insulin,vials,64.6,24,16,7,7
2026-09-08,PHC-036,Nashik PHC-3,Nashik,Maharashtra,25.2054,78.9872,Insulin,vials,59.1,24,15,7,7
2026-09-09,PHC-036,Nashik PHC-3,Nashik,Maharashtra,25.2054,78.9872,Insulin,vials,51.5,24,15,7,5
2026-09-10,PHC-036,Nashik PHC-3,Nashik,Maharashtra,25.2054,78.9872,Insulin,vials,43.4,24,8,7,6
2026-09-11,PHC-036,Nashik PHC-3,Nashik,Maharashtra,25.2054,78.9872,Insulin,vials,36.6,24,17,7,5
2026-09-12,PHC-036,Nashik PHC-3,Nashik,Maharashtra,25.2054,78.9872,Insulin,vials,32.9,24,19,7,6
2026-09-13,PHC-036,Nashik PHC-3,Nashik,Maharashtra,25.2054,78.9872,Insulin,vials,28.3,24,15,7,4
2026-09-14,PHC-036,Nashik PHC-3,Nashik,Maharashtra,25.2054,78.9872,Insulin,vials,23.5,24,7,7,5
2026-09-15,PHC-036,Nashik PHC-3,Nashik,Maharashtra,25.2054,78.9872,Insulin,vials,15.3,24,17,7,6
2026-09-16,PHC-036,Nashik PHC-3,Nashik,Maharashtra,25.2054,78.9872,Insulin,vials,6.6,24,19,7,5
2026-09-17,PHC-036,Nashik PHC-3,Nashik,Maharashtra,25.2054,78.9872,Insulin,vials,0.0,24,14,7,5
2026-09-18,PHC-036,Nashik PHC-3,Nashik,Maharashtra,25.2054,78.9872,Insulin,vials,0.0,24,21,7,5
2026-09-19,PHC-036,Nashik PHC-3,Nashik,Maharashtra,25.2054,78.9872,Insulin,vials,0.0,24,15,7,6
2026-09-20,PHC-036,Nashik PHC-3,Nashik,Maharashtra,25.2054,78.9872,Insulin,vials,0.0,24,13,7,1
2026-09-21,PHC-036,Nashik PHC-3,Nashik,Maharashtra,25.2054,78.9872,Insulin,vials,0.0,24,11,7,5
2026-09-22,PHC-036,Nashik PHC-3,Nashik,Maharashtra,25.2054,78.9872,Insulin,vials,0.0,24,11,7,6
2026-09-23,PHC-036,Nashik PHC-3,Nashik,Maharashtra,25.2054,78.9872,Insulin,vials,0.0,24,11,7,6
2026-09-24,PHC-036,Nashik PHC-3,Nashik,Maharashtra,25.2054,78.9872,Insulin,vials,0.0,24,17,7,4
2026-09-25,PHC-036,Nashik PHC-3,Nashik,Maharashtra,25.2054,78.9872,Insulin,vials,0.0,24,17,7,5
2026-09-26,PHC-036,Nashik PHC-3,Nashik,Maharashtra,25.2054,78.9872,Insulin,vials,0.0,24,12,7,5
2026-08-28,PHC-036,Nashik PHC-3,Nashik,Maharashtra,25.2054,78.9872,Amoxicillin,strips,524.7,24,17,7,7
2026-08-29,PHC-036,Nashik PHC-3,Nashik,Maharashtra,25.2054,78.9872,Amoxicillin,strips,511.0,24,8,7,7
2026-08-30,PHC-036,Nashik PHC-3,Nashik,Maharashtra,25.2054,78.9872,Amoxicillin,strips,504.7,24,6,7,6
2026-08-31,PHC-036,Nashik PHC-3,Nashik,Maharashtra,25.2054,78.9872,Amoxicillin,strips,489.5,24,11,7,7
2026-09-01,PHC-036,Nashik PHC-3,Nashik,Maharashtra,25.2054,78.9872,Amoxicillin,strips,480.3,24,15,7,5
2026-09-02,PHC-036,Nashik PHC-3,Nashik,Maharashtra,25.2054,78.9872,Amoxicillin,strips,474.3,24,17,7,7
2026-09-03,PHC-036,Nashik PHC-3,Nashik,Maharashtra,25.2054,78.9872,Amoxicillin,strips,461.8,24,14,7,7
2026-09-04,PHC-036,Nashik PHC-3,Nashik,Maharashtra,25.2054,78.9872,Amoxicillin,strips,451.7,24,16,7,4
2026-09-05,PHC-036,Nashik PHC-3,Nashik,Maharashtra,25.2054,78.9872,Amoxicillin,strips,436.2,24,9,7,4
2026-09-06,PHC-036,Nashik PHC-3,Nashik,Maharashtra,25.2054,78.9872,Amoxicillin,strips,421.9,24,16,7,5
2026-09-07,PHC-036,Nashik PHC-3,Nashik,Maharashtra,25.2054,78.9872,Amoxicillin,strips,415.3,24,13,7,6
2026-09-08,PHC-036,Nashik PHC-3,Nashik,Maharashtra,25.2054,78.9872,Amoxicillin,strips,401.7,24,15,7,6
2026-09-09,PHC-036,Nashik PHC-3,Nashik,Maharashtra,25.2054,78.9872,Amoxicillin,strips,386.5,24,20,7,5
2026-09-10,PHC-036,Nashik PHC-3,Nashik,Maharashtra,25.2054,78.9872,Amoxicillin,strips,372.6,24,17,7,6
2026-09-11,PHC-036,Nashik PHC-3,Nashik,Maharashtra,25.2054,78.9872,Amoxicillin,strips,357.9,24,10,7,6
2026-09-12,PHC-036,Nashik PHC-3,Nashik,Maharashtra,25.2054,78.9872,Amoxicillin,strips,342.4,24,9,7,6
2026-09-13,PHC-036,Nashik PHC-3,Nashik,Maharashtra,25.2054,78.9872,Amoxicillin,strips,330.2,24,24,7,7
2026-09-14,PHC-036,Nashik PHC-3,Nashik,Maharashtra,25.2054,78.9872,Amoxicillin,strips,318.2,24,9,7,4
2026-09-15,PHC-036,Nashik PHC-3,Nashik,Maharashtra,25.2054,78.9872,Amoxicillin,strips,308.6,24,9,7,4
2026-09-16,PHC-036,Nashik PHC-3,Nashik,Maharashtra,25.2054,78.9872,Amoxicillin,strips,300.8,24,14,7,6
2026-09-17,PHC-036,Nashik PHC-3,Nashik,Maharashtra,25.2054,78.9872,Amoxicillin,strips,285.4,24,17,7,4
2026-09-18,PHC-036,Nashik PHC-3,Nashik,Maharashtra,25.2054,78.9872,Amoxicillin,strips,270.2,24,15,7,6
2026-09-19,PHC-036,Nashik PHC-3,Nashik,Maharashtra,25.2054,78.9872,Amoxicillin,strips,256.6,24,12,7,5
2026-09-20,PHC-036,Nashik PHC-3,Nashik,Maharashtra,25.2054,78.9872,Amoxicillin,strips,244.0,24,7,7,5
2026-09-21,PHC-036,Nashik PHC-3,Nashik,Maharashtra,25.2054,78.9872,Amoxicillin,strips,236.1,24,10,7,4
2026-09-22,PHC-036,Nashik PHC-3,Nashik,Maharashtra,25.2054,78.9872,Amoxicillin,strips,223.3,24,17,7,4
2026-09-23,PHC-036,Nashik PHC-3,Nashik,Maharashtra,25.2054,78.9872,Amoxicillin,strips,210.0,24,15,7,5
2026-09-24,PHC-036,Nashik PHC-3,Nashik,Maharashtra,25.2054,78.9872,Amoxicillin,strips,198.8,24,13,7,7
2026-09-25,PHC-036,Nashik PHC-3,Nashik,Maharashtra,25.2054,78.9872,Amoxicillin,strips,186.0,24,11,7,6
2026-09-26,PHC-036,Nashik PHC-3,Nashik,Maharashtra,25.2054,78.9872,Amoxicillin,strips,171.7,24,10,7,5
2026-08-28,PHC-036,Nashik PHC-3,Nashik,Maharashtra,25.2054,78.9872,Iron Folic Acid Tablets,strips,396.7,24,12,7,7
2026-08-29,PHC-036,Nashik PHC-3,Nashik,Maharashtra,25.2054,78.9872,Iron Folic Acid Tablets,strips,392.0,24,13,7,5
2026-08-30,PHC-036,Nashik PHC-3,Nashik,Maharashtra,25.2054,78.9872,Iron Folic Acid Tablets,strips,395.0,24,11,7,5
2026-08-31,PHC-036,Nashik PHC-3,Nashik,Maharashtra,25.2054,78.9872,Iron Folic Acid Tablets,strips,390.5,24,6,7,7
2026-09-01,PHC-036,Nashik PHC-3,Nashik,Maharashtra,25.2054,78.9872,Iron Folic Acid Tablets,strips,393.2,24,11,7,7
2026-09-02,PHC-036,Nashik PHC-3,Nashik,Maharashtra,25.2054,78.9872,Iron Folic Acid Tablets,strips,388.7,24,22,7,7
2026-09-03,PHC-036,Nashik PHC-3,Nashik,Maharashtra,25.2054,78.9872,Iron Folic Acid Tablets,strips,367.5,24,16,7,5
2026-09-04,PHC-036,Nashik PHC-3,Nashik,Maharashtra,25.2054,78.9872,Iron Folic Acid Tablets,strips,366.7,24,10,7,5
2026-09-05,PHC-036,Nashik PHC-3,Nashik,Maharashtra,25.2054,78.9872,Iron Folic Acid Tablets,strips,365.3,24,13,7,4
2026-09-06,PHC-036,Nashik PHC-3,Nashik,Maharashtra,25.2054,78.9872,Iron Folic Acid Tablets,strips,361.0,24,17,7,5
2026-09-07,PHC-036,Nashik PHC-3,Nashik,Maharashtra,25.2054,78.9872,Iron Folic Acid Tablets,strips,368.0,24,13,7,5
2026-09-08,PHC-036,Nashik PHC-3,Nashik,Maharashtra,25.2054,78.9872,Iron Folic Acid Tablets,strips,356.7,24,18,7,7
2026-09-09,PHC-036,Nashik PHC-3,Nashik,Maharashtra,25.2054,78.9872,Iron Folic Acid Tablets,strips,335.1,24,13,7,4
2026-09-10,PHC-036,Nashik PHC-3,Nashik,Maharashtra,25.2054,78.9872,Iron Folic Acid Tablets,strips,344.6,24,15,7,4
2026-09-11,PHC-036,Nashik PHC-3,Nashik,Maharashtra,25.2054,78.9872,Iron Folic Acid Tablets,strips,342.3,24,20,7,6
2026-09-12,PHC-036,Nashik PHC-3,Nashik,Maharashtra,25.2054,78.9872,Iron Folic Acid Tablets,strips,340.5,24,19,7,6
2026-09-13,PHC-036,Nashik PHC-3,Nashik,Maharashtra,25.2054,78.9872,Iron Folic Acid Tablets,strips,341.4,24,14,7,6
2026-09-14,PHC-036,Nashik PHC-3,Nashik,Maharashtra,25.2054,78.9872,Iron Folic Acid Tablets,strips,345.9,24,14,7,3
2026-09-15,PHC-036,Nashik PHC-3,Nashik,Maharashtra,25.2054,78.9872,Iron Folic Acid Tablets,strips,334.5,24,14,7,5
2026-09-16,PHC-036,Nashik PHC-3,Nashik,Maharashtra,25.2054,78.9872,Iron Folic Acid Tablets,strips,337.2,24,22,7,5
2026-09-17,PHC-036,Nashik PHC-3,Nashik,Maharashtra,25.2054,78.9872,Iron Folic Acid Tablets,strips,354.6,24,17,7,5
2026-09-18,PHC-036,Nashik PHC-3,Nashik,Maharashtra,25.2054,78.9872,Iron Folic Acid Tablets,strips,358.2,24,19,7,7
2026-09-19,PHC-036,Nashik PHC-3,Nashik,Maharashtra,25.2054,78.9872,Iron Folic Acid Tablets,strips,353.7,24,14,7,4
2026-09-20,PHC-036,Nashik PHC-3,Nashik,Maharashtra,25.2054,78.9872,Iron Folic Acid Tablets,strips,352.5,24,12,7,5
2026-09-21,PHC-036,Nashik PHC-3,Nashik,Maharashtra,25.2054,78.9872,Iron Folic Acid Tablets,strips,348.2,24,10,7,5
2026-09-22,PHC-036,Nashik PHC-3,Nashik,Maharashtra,25.2054,78.9872,Iron Folic Acid Tablets,strips,345.6,24,19,7,6
2026-09-23,PHC-036,Nashik PHC-3,Nashik,Maharashtra,25.2054,78.9872,Iron Folic Acid Tablets,strips,337.7,24,13,7,7
2026-09-24,PHC-036,Nashik PHC-3,Nashik,Maharashtra,25.2054,78.9872,Iron Folic Acid Tablets,strips,339.9,24,14,7,7
2026-09-25,PHC-036,Nashik PHC-3,Nashik,Maharashtra,25.2054,78.9872,Iron Folic Acid Tablets,strips,335.9,24,17,7,6
2026-09-26,PHC-036,Nashik PHC-3,Nashik,Maharashtra,25.2054,78.9872,Iron Folic Acid Tablets,strips,330.3,24,16,7,6
2026-08-28,PHC-037,Jaipur PHC-1,Jaipur,Rajasthan,10.3134,88.052,Paracetamol,units,651.2,12,4,9,7
2026-08-29,PHC-037,Jaipur PHC-1,Jaipur,Rajasthan,10.3134,88.052,Paracetamol,units,636.8,12,9,9,8
2026-08-30,PHC-037,Jaipur PHC-1,Jaipur,Rajasthan,10.3134,88.052,Paracetamol,units,626.5,12,8,9,7
2026-08-31,PHC-037,Jaipur PHC-1,Jaipur,Rajasthan,10.3134,88.052,Paracetamol,units,612.6,12,5,9,6
2026-09-01,PHC-037,Jaipur PHC-1,Jaipur,Rajasthan,10.3134,88.052,Paracetamol,units,605.3,12,9,9,6
2026-09-02,PHC-037,Jaipur PHC-1,Jaipur,Rajasthan,10.3134,88.052,Paracetamol,units,597.0,12,6,9,7
2026-09-03,PHC-037,Jaipur PHC-1,Jaipur,Rajasthan,10.3134,88.052,Paracetamol,units,578.5,12,9,9,7
2026-09-04,PHC-037,Jaipur PHC-1,Jaipur,Rajasthan,10.3134,88.052,Paracetamol,units,561.9,12,7,9,6
2026-09-05,PHC-037,Jaipur PHC-1,Jaipur,Rajasthan,10.3134,88.052,Paracetamol,units,555.4,12,9,9,9
2026-09-06,PHC-037,Jaipur PHC-1,Jaipur,Rajasthan,10.3134,88.052,Paracetamol,units,546.4,12,4,9,7
2026-09-07,PHC-037,Jaipur PHC-1,Jaipur,Rajasthan,10.3134,88.052,Paracetamol,units,539.1,12,7,9,8
2026-09-08,PHC-037,Jaipur PHC-1,Jaipur,Rajasthan,10.3134,88.052,Paracetamol,units,528.3,12,6,9,5
2026-09-09,PHC-037,Jaipur PHC-1,Jaipur,Rajasthan,10.3134,88.052,Paracetamol,units,521.7,12,3,9,9
2026-09-10,PHC-037,Jaipur PHC-1,Jaipur,Rajasthan,10.3134,88.052,Paracetamol,units,513.5,12,7,9,5
2026-09-11,PHC-037,Jaipur PHC-1,Jaipur,Rajasthan,10.3134,88.052,Paracetamol,units,495.2,12,10,9,8
2026-09-12,PHC-037,Jaipur PHC-1,Jaipur,Rajasthan,10.3134,88.052,Paracetamol,units,482.7,12,6,9,6
2026-09-13,PHC-037,Jaipur PHC-1,Jaipur,Rajasthan,10.3134,88.052,Paracetamol,units,471.2,12,3,9,9
2026-09-14,PHC-037,Jaipur PHC-1,Jaipur,Rajasthan,10.3134,88.052,Paracetamol,units,456.2,12,8,9,7
2026-09-15,PHC-037,Jaipur PHC-1,Jaipur,Rajasthan,10.3134,88.052,Paracetamol,units,440.1,12,9,9,6
2026-09-16,PHC-037,Jaipur PHC-1,Jaipur,Rajasthan,10.3134,88.052,Paracetamol,units,429.5,12,7,9,7
2026-09-17,PHC-037,Jaipur PHC-1,Jaipur,Rajasthan,10.3134,88.052,Paracetamol,units,415.3,12,6,9,6
2026-09-18,PHC-037,Jaipur PHC-1,Jaipur,Rajasthan,10.3134,88.052,Paracetamol,units,404.3,12,8,9,7
2026-09-19,PHC-037,Jaipur PHC-1,Jaipur,Rajasthan,10.3134,88.052,Paracetamol,units,387.4,12,10,9,6
2026-09-20,PHC-037,Jaipur PHC-1,Jaipur,Rajasthan,10.3134,88.052,Paracetamol,units,378.0,12,7,9,7
2026-09-21,PHC-037,Jaipur PHC-1,Jaipur,Rajasthan,10.3134,88.052,Paracetamol,units,366.6,12,8,9,7
2026-09-22,PHC-037,Jaipur PHC-1,Jaipur,Rajasthan,10.3134,88.052,Paracetamol,units,359.7,12,8,9,9
2026-09-23,PHC-037,Jaipur PHC-1,Jaipur,Rajasthan,10.3134,88.052,Paracetamol,units,341.5,12,5,9,7
2026-09-24,PHC-037,Jaipur PHC-1,Jaipur,Rajasthan,10.3134,88.052,Paracetamol,units,333.4,12,7,9,8
2026-09-25,PHC-037,Jaipur PHC-1,Jaipur,Rajasthan,10.3134,88.052,Paracetamol,units,319.8,12,7,9,8
2026-09-26,PHC-037,Jaipur PHC-1,Jaipur,Rajasthan,10.3134,88.052,Paracetamol,units,305.9,12,9,9,8
2026-08-28,PHC-037,Jaipur PHC-1,Jaipur,Rajasthan,10.3134,88.052,ORS Sachets,packets,271.8,12,8,9,7
2026-08-29,PHC-037,Jaipur PHC-1,Jaipur,Rajasthan,10.3134,88.052,ORS Sachets,packets,273.8,12,8,9,7
2026-08-30,PHC-037,Jaipur PHC-1,Jaipur,Rajasthan,10.3134,88.052,ORS Sachets,packets,277.2,12,7,9,8
2026-08-31,PHC-037,Jaipur PHC-1,Jaipur,Rajasthan,10.3134,88.052,ORS Sachets,packets,279.6,12,8,9,6
2026-09-01,PHC-037,Jaipur PHC-1,Jaipur,Rajasthan,10.3134,88.052,ORS Sachets,packets,281.6,12,8,9,6
2026-09-02,PHC-037,Jaipur PHC-1,Jaipur,Rajasthan,10.3134,88.052,ORS Sachets,packets,284.0,12,7,9,5
2026-09-03,PHC-037,Jaipur PHC-1,Jaipur,Rajasthan,10.3134,88.052,ORS Sachets,packets,286.6,12,7,9,8
2026-09-04,PHC-037,Jaipur PHC-1,Jaipur,Rajasthan,10.3134,88.052,ORS Sachets,packets,290.3,12,9,9,7
2026-09-05,PHC-037,Jaipur PHC-1,Jaipur,Rajasthan,10.3134,88.052,ORS Sachets,packets,293.8,12,7,9,7
2026-09-06,PHC-037,Jaipur PHC-1,Jaipur,Rajasthan,10.3134,88.052,ORS Sachets,packets,297.8,12,7,9,9
2026-09-07,PHC-037,Jaipur PHC-1,Jaipur,Rajasthan,10.3134,88.052,ORS Sachets,packets,299.9,12,5,9,8
2026-09-08,PHC-037,Jaipur PHC-1,Jaipur,Rajasthan,10.3134,88.052,ORS Sachets,packets,303.0,12,3,9,8
2026-09-09,PHC-037,Jaipur PHC-1,Jaipur,Rajasthan,10.3134,88.052,ORS Sachets,packets,306.5,12,10,9,9
2026-09-10,PHC-037,Jaipur PHC-1,Jaipur,Rajasthan,10.3134,88.052,ORS Sachets,packets,308.5,12,8,9,9
2026-09-11,PHC-037,Jaipur PHC-1,Jaipur,Rajasthan,10.3134,88.052,ORS Sachets,packets,311.5,12,7,9,9
2026-09-12,PHC-037,Jaipur PHC-1,Jaipur,Rajasthan,10.3134,88.052,ORS Sachets,packets,314.8,12,8,9,6
2026-09-13,PHC-037,Jaipur PHC-1,Jaipur,Rajasthan,10.3134,88.052,ORS Sachets,packets,316.9,12,6,9,7
2026-09-14,PHC-037,Jaipur PHC-1,Jaipur,Rajasthan,10.3134,88.052,ORS Sachets,packets,320.8,12,4,9,8
2026-09-15,PHC-037,Jaipur PHC-1,Jaipur,Rajasthan,10.3134,88.052,ORS Sachets,packets,322.8,12,8,9,8
2026-09-16,PHC-037,Jaipur PHC-1,Jaipur,Rajasthan,10.3134,88.052,ORS Sachets,packets,325.1,12,5,9,9
2026-09-17,PHC-037,Jaipur PHC-1,Jaipur,Rajasthan,10.3134,88.052,ORS Sachets,packets,327.2,12,7,9,9
2026-09-18,PHC-037,Jaipur PHC-1,Jaipur,Rajasthan,10.3134,88.052,ORS Sachets,packets,330.6,12,6,9,6
2026-09-19,PHC-037,Jaipur PHC-1,Jaipur,Rajasthan,10.3134,88.052,ORS Sachets,packets,334.4,12,8,9,9
2026-09-20,PHC-037,Jaipur PHC-1,Jaipur,Rajasthan,10.3134,88.052,ORS Sachets,packets,337.4,12,9,9,7
2026-09-21,PHC-037,Jaipur PHC-1,Jaipur,Rajasthan,10.3134,88.052,ORS Sachets,packets,341.9,12,4,9,7
2026-09-22,PHC-037,Jaipur PHC-1,Jaipur,Rajasthan,10.3134,88.052,ORS Sachets,packets,346.2,12,10,9,8
2026-09-23,PHC-037,Jaipur PHC-1,Jaipur,Rajasthan,10.3134,88.052,ORS Sachets,packets,349.6,12,10,9,6
2026-09-24,PHC-037,Jaipur PHC-1,Jaipur,Rajasthan,10.3134,88.052,ORS Sachets,packets,353.0,12,10,9,7
2026-09-25,PHC-037,Jaipur PHC-1,Jaipur,Rajasthan,10.3134,88.052,ORS Sachets,packets,357.1,12,8,9,9
2026-09-26,PHC-037,Jaipur PHC-1,Jaipur,Rajasthan,10.3134,88.052,ORS Sachets,packets,360.7,12,7,9,7
2026-08-28,PHC-037,Jaipur PHC-1,Jaipur,Rajasthan,10.3134,88.052,Insulin,vials,61.9,12,7,9,9
2026-08-29,PHC-037,Jaipur PHC-1,Jaipur,Rajasthan,10.3134,88.052,Insulin,vials,58.3,12,11,9,5
2026-08-30,PHC-037,Jaipur PHC-1,Jaipur,Rajasthan,10.3134,88.052,Insulin,vials,56.5,12,6,9,9
2026-08-31,PHC-037,Jaipur PHC-1,Jaipur,Rajasthan,10.3134,88.052,Insulin,vials,54.2,12,4,9,7
2026-09-01,PHC-037,Jaipur PHC-1,Jaipur,Rajasthan,10.3134,88.052,Insulin,vials,52.2,12,4,9,9
2026-09-02,PHC-037,Jaipur PHC-1,Jaipur,Rajasthan,10.3134,88.052,Insulin,vials,48.5,12,7,9,7
2026-09-03,PHC-037,Jaipur PHC-1,Jaipur,Rajasthan,10.3134,88.052,Insulin,vials,45.5,12,5,9,7
2026-09-04,PHC-037,Jaipur PHC-1,Jaipur,Rajasthan,10.3134,88.052,Insulin,vials,44.1,12,9,9,8
2026-09-05,PHC-037,Jaipur PHC-1,Jaipur,Rajasthan,10.3134,88.052,Insulin,vials,42.6,12,8,9,8
2026-09-06,PHC-037,Jaipur PHC-1,Jaipur,Rajasthan,10.3134,88.052,Insulin,vials,40.5,12,7,9,8
2026-09-07,PHC-037,Jaipur PHC-1,Jaipur,Rajasthan,10.3134,88.052,Insulin,vials,37.2,12,8,9,6
2026-09-08,PHC-037,Jaipur PHC-1,Jaipur,Rajasthan,10.3134,88.052,Insulin,vials,34.1,12,3,9,8
2026-09-09,PHC-037,Jaipur PHC-1,Jaipur,Rajasthan,10.3134,88.052,Insulin,vials,31.4,12,8,9,6
2026-09-10,PHC-037,Jaipur PHC-1,Jaipur,Rajasthan,10.3134,88.052,Insulin,vials,29.3,12,7,9,6
2026-09-11,PHC-037,Jaipur PHC-1,Jaipur,Rajasthan,10.3134,88.052,Insulin,vials,27.5,12,7,9,5
2026-09-12,PHC-037,Jaipur PHC-1,Jaipur,Rajasthan,10.3134,88.052,Insulin,vials,24.5,12,9,9,9
2026-09-13,PHC-037,Jaipur PHC-1,Jaipur,Rajasthan,10.3134,88.052,Insulin,vials,22.4,12,6,9,6
2026-09-14,PHC-037,Jaipur PHC-1,Jaipur,Rajasthan,10.3134,88.052,Insulin,vials,20.4,12,6,9,9
2026-09-15,PHC-037,Jaipur PHC-1,Jaipur,Rajasthan,10.3134,88.052,Insulin,vials,17.0,12,6,9,6
2026-09-16,PHC-037,Jaipur PHC-1,Jaipur,Rajasthan,10.3134,88.052,Insulin,vials,15.6,12,9,9,5
2026-09-17,PHC-037,Jaipur PHC-1,Jaipur,Rajasthan,10.3134,88.052,Insulin,vials,12.0,12,9,9,8
2026-09-18,PHC-037,Jaipur PHC-1,Jaipur,Rajasthan,10.3134,88.052,Insulin,vials,10.6,12,10,9,6
2026-09-19,PHC-037,Jaipur PHC-1,Jaipur,Rajasthan,10.3134,88.052,Insulin,vials,7.9,12,7,9,8
2026-09-20,PHC-037,Jaipur PHC-1,Jaipur,Rajasthan,10.3134,88.052,Insulin,vials,4.0,12,6,9,8
2026-09-21,PHC-037,Jaipur PHC-1,Jaipur,Rajasthan,10.3134,88.052,Insulin,vials,2.4,12,9,9,9
2026-09-22,PHC-037,Jaipur PHC-1,Jaipur,Rajasthan,10.3134,88.052,Insulin,vials,0.0,12,8,9,6
2026-09-23,PHC-037,Jaipur PHC-1,Jaipur,Rajasthan,10.3134,88.052,Insulin,vials,0.0,12,8,9,6
2026-09-24,PHC-037,Jaipur PHC-1,Jaipur,Rajasthan,10.3134,88.052,Insulin,vials,0.0,12,6,9,6
2026-09-25,PHC-037,Jaipur PHC-1,Jaipur,Rajasthan,10.3134,88.052,Insulin,vials,0.0,12,5,9,6
2026-09-26,PHC-037,Jaipur PHC-1,Jaipur,Rajasthan,10.3134,88.052,Insulin,vials,0.0,12,7,9,5
2026-08-28,PHC-037,Jaipur PHC-1,Jaipur,Rajasthan,10.3134,88.052,Amoxicillin,strips,380.1,12,8,9,6
2026-08-29,PHC-037,Jaipur PHC-1,Jaipur,Rajasthan,10.3134,88.052,Amoxicillin,strips,381.9,12,8,9,6
2026-08-30,PHC-037,Jaipur PHC-1,Jaipur,Rajasthan,10.3134,88.052,Amoxicillin,strips,387.5,12,9,9,9
2026-08-31,PHC-037,Jaipur PHC-1,Jaipur,Rajasthan,10.3134,88.052,Amoxicillin,strips,385.5,12,7,9,8
2026-09-01,PHC-037,Jaipur PHC-1,Jaipur,Rajasthan,10.3134,88.052,Amoxicillin,strips,383.2,12,4,9,7
2026-09-02,PHC-037,Jaipur PHC-1,Jaipur,Rajasthan,10.3134,88.052,Amoxicillin,strips,380.0,12,8,9,6
2026-09-03,PHC-037,Jaipur PHC-1,Jaipur,Rajasthan,10.3134,88.052,Amoxicillin,strips,382.5,12,8,9,6
2026-09-04,PHC-037,Jaipur PHC-1,Jaipur,Rajasthan,10.3134,88.052,Amoxicillin,strips,379.4,12,6,9,7
2026-09-05,PHC-037,Jaipur PHC-1,Jaipur,Rajasthan,10.3134,88.052,Amoxicillin,strips,380.5,12,7,9,6
2026-09-06,PHC-037,Jaipur PHC-1,Jaipur,Rajasthan,10.3134,88.052,Amoxicillin,strips,382.6,12,8,9,6
2026-09-07,PHC-037,Jaipur PHC-1,Jaipur,Rajasthan,10.3134,88.052,Amoxicillin,strips,378.9,12,6,9,7
2026-09-08,PHC-037,Jaipur PHC-1,Jaipur,Rajasthan,10.3134,88.052,Amoxicillin,strips,377.3,12,7,9,5
2026-09-09,PHC-037,Jaipur PHC-1,Jaipur,Rajasthan,10.3134,88.052,Amoxicillin,strips,380.1,12,4,9,9
2026-09-10,PHC-037,Jaipur PHC-1,Jaipur,Rajasthan,10.3134,88.052,Amoxicillin,strips,380.6,12,7,9,8
2026-09-11,PHC-037,Jaipur PHC-1,Jaipur,Rajasthan,10.3134,88.052,Amoxicillin,strips,377.0,12,9,9,9
2026-09-12,PHC-037,Jaipur PHC-1,Jaipur,Rajasthan,10.3134,88.052,Amoxicillin,strips,376.5,12,1,9,6
2026-09-13,PHC-037,Jaipur PHC-1,Jaipur,Rajasthan,10.3134,88.052,Amoxicillin,strips,380.8,12,8,9,7
2026-09-14,PHC-037,Jaipur PHC-1,Jaipur,Rajasthan,10.3134,88.052,Amoxicillin,strips,386.3,12,6,9,9
2026-09-15,PHC-037,Jaipur PHC-1,Jaipur,Rajasthan,10.3134,88.052,Amoxicillin,strips,381.4,12,6,9,6
2026-09-16,PHC-037,Jaipur PHC-1,Jaipur,Rajasthan,10.3134,88.052,Amoxicillin,strips,383.9,12,7,9,7
2026-09-17,PHC-037,Jaipur PHC-1,Jaipur,Rajasthan,10.3134,88.052,Amoxicillin,strips,376.8,12,4,9,7
2026-09-18,PHC-037,Jaipur PHC-1,Jaipur,Rajasthan,10.3134,88.052,Amoxicillin,strips,376.0,12,9,9,7
2026-09-19,PHC-037,Jaipur PHC-1,Jaipur,Rajasthan,10.3134,88.052,Amoxicillin,strips,374.1,12,10,9,9
2026-09-20,PHC-037,Jaipur PHC-1,Jaipur,Rajasthan,10.3134,88.052,Amoxicillin,strips,367.1,12,7,9,8
2026-09-21,PHC-037,Jaipur PHC-1,Jaipur,Rajasthan,10.3134,88.052,Amoxicillin,strips,364.6,12,6,9,6
2026-09-22,PHC-037,Jaipur PHC-1,Jaipur,Rajasthan,10.3134,88.052,Amoxicillin,strips,367.7,12,8,9,7
2026-09-23,PHC-037,Jaipur PHC-1,Jaipur,Rajasthan,10.3134,88.052,Amoxicillin,strips,370.0,12,11,9,8
2026-09-24,PHC-037,Jaipur PHC-1,Jaipur,Rajasthan,10.3134,88.052,Amoxicillin,strips,370.1,12,6,9,9
2026-09-25,PHC-037,Jaipur PHC-1,Jaipur,Rajasthan,10.3134,88.052,Amoxicillin,strips,364.1,12,5,9,8
2026-09-26,PHC-037,Jaipur PHC-1,Jaipur,Rajasthan,10.3134,88.052,Amoxicillin,strips,359.5,12,5,9,8
2026-08-28,PHC-037,Jaipur PHC-1,Jaipur,Rajasthan,10.3134,88.052,Iron Folic Acid Tablets,strips,477.5,12,8,9,8
2026-08-29,PHC-037,Jaipur PHC-1,Jaipur,Rajasthan,10.3134,88.052,Iron Folic Acid Tablets,strips,484.8,12,7,9,7
2026-08-30,PHC-037,Jaipur PHC-1,Jaipur,Rajasthan,10.3134,88.052,Iron Folic Acid Tablets,strips,489.2,12,6,9,8
2026-08-31,PHC-037,Jaipur PHC-1,Jaipur,Rajasthan,10.3134,88.052,Iron Folic Acid Tablets,strips,498.0,12,7,9,8
2026-09-01,PHC-037,Jaipur PHC-1,Jaipur,Rajasthan,10.3134,88.052,Iron Folic Acid Tablets,strips,503.0,12,7,9,9
2026-09-02,PHC-037,Jaipur PHC-1,Jaipur,Rajasthan,10.3134,88.052,Iron Folic Acid Tablets,strips,508.9,12,7,9,7
2026-09-03,PHC-037,Jaipur PHC-1,Jaipur,Rajasthan,10.3134,88.052,Iron Folic Acid Tablets,strips,512.2,12,5,9,7
2026-09-04,PHC-037,Jaipur PHC-1,Jaipur,Rajasthan,10.3134,88.052,Iron Folic Acid Tablets,strips,515.9,12,8,9,9
2026-09-05,PHC-037,Jaipur PHC-1,Jaipur,Rajasthan,10.3134,88.052,Iron Folic Acid Tablets,strips,524.8,12,8,9,8
2026-09-06,PHC-037,Jaipur PHC-1,Jaipur,Rajasthan,10.3134,88.052,Iron Folic Acid Tablets,strips,531.9,12,8,9,8
2026-09-07,PHC-037,Jaipur PHC-1,Jaipur,Rajasthan,10.3134,88.052,Iron Folic Acid Tablets,strips,539.0,12,6,9,7
2026-09-08,PHC-037,Jaipur PHC-1,Jaipur,Rajasthan,10.3134,88.052,Iron Folic Acid Tablets,strips,547.5,12,4,9,6
2026-09-09,PHC-037,Jaipur PHC-1,Jaipur,Rajasthan,10.3134,88.052,Iron Folic Acid Tablets,strips,552.9,12,8,9,7
2026-09-10,PHC-037,Jaipur PHC-1,Jaipur,Rajasthan,10.3134,88.052,Iron Folic Acid Tablets,strips,558.2,12,5,9,6
2026-09-11,PHC-037,Jaipur PHC-1,Jaipur,Rajasthan,10.3134,88.052,Iron Folic Acid Tablets,strips,562.1,12,9,9,8
2026-09-12,PHC-037,Jaipur PHC-1,Jaipur,Rajasthan,10.3134,88.052,Iron Folic Acid Tablets,strips,570.8,12,9,9,7
2026-09-13,PHC-037,Jaipur PHC-1,Jaipur,Rajasthan,10.3134,88.052,Iron Folic Acid Tablets,strips,579.5,12,9,9,6
2026-09-14,PHC-037,Jaipur PHC-1,Jaipur,Rajasthan,10.3134,88.052,Iron Folic Acid Tablets,strips,582.8,12,4,9,9
2026-09-15,PHC-037,Jaipur PHC-1,Jaipur,Rajasthan,10.3134,88.052,Iron Folic Acid Tablets,strips,589.9,12,9,9,7
2026-09-16,PHC-037,Jaipur PHC-1,Jaipur,Rajasthan,10.3134,88.052,Iron Folic Acid Tablets,strips,597.4,12,11,9,7
2026-09-17,PHC-037,Jaipur PHC-1,Jaipur,Rajasthan,10.3134,88.052,Iron Folic Acid Tablets,strips,600.7,12,9,9,9
2026-09-18,PHC-037,Jaipur PHC-1,Jaipur,Rajasthan,10.3134,88.052,Iron Folic Acid Tablets,strips,605.3,12,7,9,7
2026-09-19,PHC-037,Jaipur PHC-1,Jaipur,Rajasthan,10.3134,88.052,Iron Folic Acid Tablets,strips,613.2,12,5,9,9
2026-09-20,PHC-037,Jaipur PHC-1,Jaipur,Rajasthan,10.3134,88.052,Iron Folic Acid Tablets,strips,620.0,12,5,9,7
2026-09-21,PHC-037,Jaipur PHC-1,Jaipur,Rajasthan,10.3134,88.052,Iron Folic Acid Tablets,strips,628.6,12,3,9,7
2026-09-22,PHC-037,Jaipur PHC-1,Jaipur,Rajasthan,10.3134,88.052,Iron Folic Acid Tablets,strips,636.7,12,10,9,8
2026-09-23,PHC-037,Jaipur PHC-1,Jaipur,Rajasthan,10.3134,88.052,Iron Folic Acid Tablets,strips,644.7,12,9,9,7
2026-09-24,PHC-037,Jaipur PHC-1,Jaipur,Rajasthan,10.3134,88.052,Iron Folic Acid Tablets,strips,649.7,12,10,9,6
2026-09-25,PHC-037,Jaipur PHC-1,Jaipur,Rajasthan,10.3134,88.052,Iron Folic Acid Tablets,strips,653.0,12,7,9,7
2026-09-26,PHC-037,Jaipur PHC-1,Jaipur,Rajasthan,10.3134,88.052,Iron Folic Acid Tablets,strips,659.0,12,7,9,8
2026-08-28,PHC-038,Jaipur PHC-2,Jaipur,Rajasthan,12.8567,76.1191,Paracetamol,units,513.9,26,12,10,7
2026-08-29,PHC-038,Jaipur PHC-2,Jaipur,Rajasthan,12.8567,76.1191,Paracetamol,units,498.9,26,12,10,9
2026-08-30,PHC-038,Jaipur PHC-2,Jaipur,Rajasthan,12.8567,76.1191,Paracetamol,units,480.5,26,20,10,7
2026-08-31,PHC-038,Jaipur PHC-2,Jaipur,Rajasthan,12.8567,76.1191,Paracetamol,units,470.1,26,20,10,8
2026-09-01,PHC-038,Jaipur PHC-2,Jaipur,Rajasthan,12.8567,76.1191,Paracetamol,units,453.8,26,15,10,8
2026-09-02,PHC-038,Jaipur PHC-2,Jaipur,Rajasthan,12.8567,76.1191,Paracetamol,units,445.8,26,18,10,6
2026-09-03,PHC-038,Jaipur PHC-2,Jaipur,Rajasthan,12.8567,76.1191,Paracetamol,units,433.1,26,13,10,10
2026-09-04,PHC-038,Jaipur PHC-2,Jaipur,Rajasthan,12.8567,76.1191,Paracetamol,units,422.2,26,16,10,8
2026-09-05,PHC-038,Jaipur PHC-2,Jaipur,Rajasthan,12.8567,76.1191,Paracetamol,units,408.1,26,18,10,6
2026-09-06,PHC-038,Jaipur PHC-2,Jaipur,Rajasthan,12.8567,76.1191,Paracetamol,units,396.4,26,19,10,7
2026-09-07,PHC-038,Jaipur PHC-2,Jaipur,Rajasthan,12.8567,76.1191,Paracetamol,units,380.4,26,18,10,8
2026-09-08,PHC-038,Jaipur PHC-2,Jaipur,Rajasthan,12.8567,76.1191,Paracetamol,units,362.1,26,20,10,7
2026-09-09,PHC-038,Jaipur PHC-2,Jaipur,Rajasthan,12.8567,76.1191,Paracetamol,units,345.4,26,18,10,7
2026-09-10,PHC-038,Jaipur PHC-2,Jaipur,Rajasthan,12.8567,76.1191,Paracetamol,units,335.7,26,14,10,9
2026-09-11,PHC-038,Jaipur PHC-2,Jaipur,Rajasthan,12.8567,76.1191,Paracetamol,units,320.2,26,15,10,7
2026-09-12,PHC-038,Jaipur PHC-2,Jaipur,Rajasthan,12.8567,76.1191,Paracetamol,units,303.9,26,18,10,7
2026-09-13,PHC-038,Jaipur PHC-2,Jaipur,Rajasthan,12.8567,76.1191,Paracetamol,units,288.0,26,21,10,7
2026-09-14,PHC-038,Jaipur PHC-2,Jaipur,Rajasthan,12.8567,76.1191,Paracetamol,units,281.0,26,14,10,8
2026-09-15,PHC-038,Jaipur PHC-2,Jaipur,Rajasthan,12.8567,76.1191,Paracetamol,units,263.2,26,15,10,8
2026-09-16,PHC-038,Jaipur PHC-2,Jaipur,Rajasthan,12.8567,76.1191,Paracetamol,units,246.6,26,13,10,7
2026-09-17,PHC-038,Jaipur PHC-2,Jaipur,Rajasthan,12.8567,76.1191,Paracetamol,units,234.8,26,22,10,9
2026-09-18,PHC-038,Jaipur PHC-2,Jaipur,Rajasthan,12.8567,76.1191,Paracetamol,units,219.9,26,19,10,6
2026-09-19,PHC-038,Jaipur PHC-2,Jaipur,Rajasthan,12.8567,76.1191,Paracetamol,units,205.4,26,20,10,10
2026-09-20,PHC-038,Jaipur PHC-2,Jaipur,Rajasthan,12.8567,76.1191,Paracetamol,units,187.7,26,17,10,10
2026-09-21,PHC-038,Jaipur PHC-2,Jaipur,Rajasthan,12.8567,76.1191,Paracetamol,units,179.1,26,14,10,8
2026-09-22,PHC-038,Jaipur PHC-2,Jaipur,Rajasthan,12.8567,76.1191,Paracetamol,units,163.1,26,12,10,7
2026-09-23,PHC-038,Jaipur PHC-2,Jaipur,Rajasthan,12.8567,76.1191,Paracetamol,units,149.6,26,18,10,7
2026-09-24,PHC-038,Jaipur PHC-2,Jaipur,Rajasthan,12.8567,76.1191,Paracetamol,units,136.9,26,20,10,9
2026-09-25,PHC-038,Jaipur PHC-2,Jaipur,Rajasthan,12.8567,76.1191,Paracetamol,units,128.2,26,15,10,10
2026-09-26,PHC-038,Jaipur PHC-2,Jaipur,Rajasthan,12.8567,76.1191,Paracetamol,units,111.9,26,19,10,10
2026-08-28,PHC-038,Jaipur PHC-2,Jaipur,Rajasthan,12.8567,76.1191,ORS Sachets,packets,370.9,26,14,10,9
2026-08-29,PHC-038,Jaipur PHC-2,Jaipur,Rajasthan,12.8567,76.1191,ORS Sachets,packets,374.4,26,24,10,9
2026-08-30,PHC-038,Jaipur PHC-2,Jaipur,Rajasthan,12.8567,76.1191,ORS Sachets,packets,378.3,26,11,10,9
2026-08-31,PHC-038,Jaipur PHC-2,Jaipur,Rajasthan,12.8567,76.1191,ORS Sachets,packets,382.0,26,9,10,8
2026-09-01,PHC-038,Jaipur PHC-2,Jaipur,Rajasthan,12.8567,76.1191,ORS Sachets,packets,384.1,26,13,10,8
2026-09-02,PHC-038,Jaipur PHC-2,Jaipur,Rajasthan,12.8567,76.1191,ORS Sachets,packets,386.6,26,13,10,7
2026-09-03,PHC-038,Jaipur PHC-2,Jaipur,Rajasthan,12.8567,76.1191,ORS Sachets,packets,390.6,26,11,10,7
2026-09-04,PHC-038,Jaipur PHC-2,Jaipur,Rajasthan,12.8567,76.1191,ORS Sachets,packets,394.2,26,17,10,8
2026-09-05,PHC-038,Jaipur PHC-2,Jaipur,Rajasthan,12.8567,76.1191,ORS Sachets,packets,396.7,26,22,10,9
2026-09-06,PHC-038,Jaipur PHC-2,Jaipur,Rajasthan,12.8567,76.1191,ORS Sachets,packets,400.6,26,18,10,9
2026-09-07,PHC-038,Jaipur PHC-2,Jaipur,Rajasthan,12.8567,76.1191,ORS Sachets,packets,404.0,26,15,10,7
2026-09-08,PHC-038,Jaipur PHC-2,Jaipur,Rajasthan,12.8567,76.1191,ORS Sachets,packets,405.7,26,15,10,10
2026-09-09,PHC-038,Jaipur PHC-2,Jaipur,Rajasthan,12.8567,76.1191,ORS Sachets,packets,409.9,26,13,10,9
2026-09-10,PHC-038,Jaipur PHC-2,Jaipur,Rajasthan,12.8567,76.1191,ORS Sachets,packets,412.9,26,23,10,6
2026-09-11,PHC-038,Jaipur PHC-2,Jaipur,Rajasthan,12.8567,76.1191,ORS Sachets,packets,416.2,26,17,10,9
2026-09-12,PHC-038,Jaipur PHC-2,Jaipur,Rajasthan,12.8567,76.1191,ORS Sachets,packets,420.4,26,7,10,8
2026-09-13,PHC-038,Jaipur PHC-2,Jaipur,Rajasthan,12.8567,76.1191,ORS Sachets,packets,422.7,26,7,10,8
2026-09-14,PHC-038,Jaipur PHC-2,Jaipur,Rajasthan,12.8567,76.1191,ORS Sachets,packets,427.1,26,18,10,8
2026-09-15,PHC-038,Jaipur PHC-2,Jaipur,Rajasthan,12.8567,76.1191,ORS Sachets,packets,430.3,26,14,10,9
2026-09-16,PHC-038,Jaipur PHC-2,Jaipur,Rajasthan,12.8567,76.1191,ORS Sachets,packets,432.7,26,9,10,8
2026-09-17,PHC-038,Jaipur PHC-2,Jaipur,Rajasthan,12.8567,76.1191,ORS Sachets,packets,435.5,26,17,10,8
2026-09-18,PHC-038,Jaipur PHC-2,Jaipur,Rajasthan,12.8567,76.1191,ORS Sachets,packets,437.3,26,18,10,9
2026-09-19,PHC-038,Jaipur PHC-2,Jaipur,Rajasthan,12.8567,76.1191,ORS Sachets,packets,441.3,26,14,10,6
2026-09-20,PHC-038,Jaipur PHC-2,Jaipur,Rajasthan,12.8567,76.1191,ORS Sachets,packets,444.0,26,15,10,10
2026-09-21,PHC-038,Jaipur PHC-2,Jaipur,Rajasthan,12.8567,76.1191,ORS Sachets,packets,447.4,26,15,10,9
2026-09-22,PHC-038,Jaipur PHC-2,Jaipur,Rajasthan,12.8567,76.1191,ORS Sachets,packets,450.6,26,13,10,8
2026-09-23,PHC-038,Jaipur PHC-2,Jaipur,Rajasthan,12.8567,76.1191,ORS Sachets,packets,454.5,26,14,10,10
2026-09-24,PHC-038,Jaipur PHC-2,Jaipur,Rajasthan,12.8567,76.1191,ORS Sachets,packets,458.6,26,16,10,10
2026-09-25,PHC-038,Jaipur PHC-2,Jaipur,Rajasthan,12.8567,76.1191,ORS Sachets,packets,463.0,26,25,10,7
2026-09-26,PHC-038,Jaipur PHC-2,Jaipur,Rajasthan,12.8567,76.1191,ORS Sachets,packets,467.1,26,23,10,6
2026-08-28,PHC-038,Jaipur PHC-2,Jaipur,Rajasthan,12.8567,76.1191,Insulin,vials,61.6,26,17,10,7
2026-08-29,PHC-038,Jaipur PHC-2,Jaipur,Rajasthan,12.8567,76.1191,Insulin,vials,56.9,26,11,10,8
2026-08-30,PHC-038,Jaipur PHC-2,Jaipur,Rajasthan,12.8567,76.1191,Insulin,vials,52.0,26,17,10,8
2026-08-31,PHC-038,Jaipur PHC-2,Jaipur,Rajasthan,12.8567,76.1191,Insulin,vials,47.3,26,10,10,7
2026-09-01,PHC-038,Jaipur PHC-2,Jaipur,Rajasthan,12.8567,76.1191,Insulin,vials,44.0,26,18,10,8
2026-09-02,PHC-038,Jaipur PHC-2,Jaipur,Rajasthan,12.8567,76.1191,Insulin,vials,37.0,26,15,10,7
2026-09-03,PHC-038,Jaipur PHC-2,Jaipur,Rajasthan,12.8567,76.1191,Insulin,vials,31.3,26,12,10,9
2026-09-04,PHC-038,Jaipur PHC-2,Jaipur,Rajasthan,12.8567,76.1191,Insulin,vials,23.0,26,17,10,7
2026-09-05,PHC-038,Jaipur PHC-2,Jaipur,Rajasthan,12.8567,76.1191,Insulin,vials,17.2,26,20,10,9
2026-09-06,PHC-038,Jaipur PHC-2,Jaipur,Rajasthan,12.8567,76.1191,Insulin,vials,13.4,26,13,10,10
2026-09-07,PHC-038,Jaipur PHC-2,Jaipur,Rajasthan,12.8567,76.1191,Insulin,vials,4.8,26,19,10,8
2026-09-08,PHC-038,Jaipur PHC-2,Jaipur,Rajasthan,12.8567,76.1191,Insulin,vials,0.0,26,16,10,7
2026-09-09,PHC-038,Jaipur PHC-2,Jaipur,Rajasthan,12.8567,76.1191,Insulin,vials,0.0,26,16,10,10
2026-09-10,PHC-038,Jaipur PHC-2,Jaipur,Rajasthan,12.8567,76.1191,Insulin,vials,0.0,26,17,10,9
2026-09-11,PHC-038,Jaipur PHC-2,Jaipur,Rajasthan,12.8567,76.1191,Insulin,vials,0.0,26,17,10,10
2026-09-12,PHC-038,Jaipur PHC-2,Jaipur,Rajasthan,12.8567,76.1191,Insulin,vials,0.0,26,14,10,6
2026-09-13,PHC-038,Jaipur PHC-2,Jaipur,Rajasthan,12.8567,76.1191,Insulin,vials,0.0,26,18,10,7
2026-09-14,PHC-038,Jaipur PHC-2,Jaipur,Rajasthan,12.8567,76.1191,Insulin,vials,0.0,26,12,10,8
2026-09-15,PHC-038,Jaipur PHC-2,Jaipur,Rajasthan,12.8567,76.1191,Insulin,vials,0.0,26,21,10,7
2026-09-16,PHC-038,Jaipur PHC-2,Jaipur,Rajasthan,12.8567,76.1191,Insulin,vials,0.0,26,18,10,9
2026-09-17,PHC-038,Jaipur PHC-2,Jaipur,Rajasthan,12.8567,76.1191,Insulin,vials,0.0,26,18,10,7
2026-09-18,PHC-038,Jaipur PHC-2,Jaipur,Rajasthan,12.8567,76.1191,Insulin,vials,0.0,26,15,10,8
2026-09-19,PHC-038,Jaipur PHC-2,Jaipur,Rajasthan,12.8567,76.1191,Insulin,vials,0.0,26,13,10,8
2026-09-20,PHC-038,Jaipur PHC-2,Jaipur,Rajasthan,12.8567,76.1191,Insulin,vials,0.0,26,25,10,10
2026-09-21,PHC-038,Jaipur PHC-2,Jaipur,Rajasthan,12.8567,76.1191,Insulin,vials,0.0,26,17,10,8
2026-09-22,PHC-038,Jaipur PHC-2,Jaipur,Rajasthan,12.8567,76.1191,Insulin,vials,0.0,26,16,10,8
2026-09-23,PHC-038,Jaipur PHC-2,Jaipur,Rajasthan,12.8567,76.1191,Insulin,vials,0.0,26,16,10,8
2026-09-24,PHC-038,Jaipur PHC-2,Jaipur,Rajasthan,12.8567,76.1191,Insulin,vials,0.0,26,15,10,8
2026-09-25,PHC-038,Jaipur PHC-2,Jaipur,Rajasthan,12.8567,76.1191,Insulin,vials,0.0,26,17,10,10
2026-09-26,PHC-038,Jaipur PHC-2,Jaipur,Rajasthan,12.8567,76.1191,Insulin,vials,0.0,26,14,10,9
2026-08-28,PHC-038,Jaipur PHC-2,Jaipur,Rajasthan,12.8567,76.1191,Amoxicillin,strips,361.3,26,24,10,7
2026-08-29,PHC-038,Jaipur PHC-2,Jaipur,Rajasthan,12.8567,76.1191,Amoxicillin,strips,364.7,26,17,10,8
2026-08-30,PHC-038,Jaipur PHC-2,Jaipur,Rajasthan,12.8567,76.1191,Amoxicillin,strips,370.3,26,16,10,7
2026-08-31,PHC-038,Jaipur PHC-2,Jaipur,Rajasthan,12.8567,76.1191,Amoxicillin,strips,375.8,26,16,10,6
2026-09-01,PHC-038,Jaipur PHC-2,Jaipur,Rajasthan,12.8567,76.1191,Amoxicillin,strips,380.6,26,14,10,9
2026-09-02,PHC-038,Jaipur PHC-2,Jaipur,Rajasthan,12.8567,76.1191,Amoxicillin,strips,385.5,26,19,10,10
2026-09-03,PHC-038,Jaipur PHC-2,Jaipur,Rajasthan,12.8567,76.1191,Amoxicillin,strips,391.3,26,17,10,10
2026-09-04,PHC-038,Jaipur PHC-2,Jaipur,Rajasthan,12.8567,76.1191,Amoxicillin,strips,397.2,26,13,10,8
2026-09-05,PHC-038,Jaipur PHC-2,Jaipur,Rajasthan,12.8567,76.1191,Amoxicillin,strips,402.5,26,11,10,9
2026-09-06,PHC-038,Jaipur PHC-2,Jaipur,Rajasthan,12.8567,76.1191,Amoxicillin,strips,407.1,26,18,10,9
2026-09-07,PHC-038,Jaipur PHC-2,Jaipur,Rajasthan,12.8567,76.1191,Amoxicillin,strips,409.4,26,15,10,9
2026-09-08,PHC-038,Jaipur PHC-2,Jaipur,Rajasthan,12.8567,76.1191,Amoxicillin,strips,415.2,26,11,10,10
2026-09-09,PHC-038,Jaipur PHC-2,Jaipur,Rajasthan,12.8567,76.1191,Amoxicillin,strips,419.5,26,18,10,9
2026-09-10,PHC-038,Jaipur PHC-2,Jaipur,Rajasthan,12.8567,76.1191,Amoxicillin,strips,423.8,26,9,10,9
2026-09-11,PHC-038,Jaipur PHC-2,Jaipur,Rajasthan,12.8567,76.1191,Amoxicillin,strips,426.8,26,13,10,8
2026-09-12,PHC-038,Jaipur PHC-2,Jaipur,Rajasthan,12.8567,76.1191,Amoxicillin,strips,431.8,26,18,10,8
2026-09-13,PHC-038,Jaipur PHC-2,Jaipur,Rajasthan,12.8567,76.1191,Amoxicillin,strips,437.7,26,11,10,9
2026-09-14,PHC-038,Jaipur PHC-2,Jaipur,Rajasthan,12.8567,76.1191,Amoxicillin,strips,443.6,26,15,10,10
2026-09-15,PHC-038,Jaipur PHC-2,Jaipur,Rajasthan,12.8567,76.1191,Amoxicillin,strips,446.2,26,18,10,7
2026-09-16,PHC-038,Jaipur PHC-2,Jaipur,Rajasthan,12.8567,76.1191,Amoxicillin,strips,449.5,26,18,10,8
2026-09-17,PHC-038,Jaipur PHC-2,Jaipur,Rajasthan,12.8567,76.1191,Amoxicillin,strips,454.0,26,16,10,10
2026-09-18,PHC-038,Jaipur PHC-2,Jaipur,Rajasthan,12.8567,76.1191,Amoxicillin,strips,457.1,26,17,10,7
2026-09-19,PHC-038,Jaipur PHC-2,Jaipur,Rajasthan,12.8567,76.1191,Amoxicillin,strips,463.0,26,17,10,7
2026-09-20,PHC-038,Jaipur PHC-2,Jaipur,Rajasthan,12.8567,76.1191,Amoxicillin,strips,465.7,26,21,10,10
2026-09-21,PHC-038,Jaipur PHC-2,Jaipur,Rajasthan,12.8567,76.1191,Amoxicillin,strips,469.6,26,14,10,10
2026-09-22,PHC-038,Jaipur PHC-2,Jaipur,Rajasthan,12.8567,76.1191,Amoxicillin,strips,471.6,26,16,10,9
2026-09-23,PHC-038,Jaipur PHC-2,Jaipur,Rajasthan,12.8567,76.1191,Amoxicillin,strips,475.9,26,12,10,8
2026-09-24,PHC-038,Jaipur PHC-2,Jaipur,Rajasthan,12.8567,76.1191,Amoxicillin,strips,479.2,26,19,10,9
2026-09-25,PHC-038,Jaipur PHC-2,Jaipur,Rajasthan,12.8567,76.1191,Amoxicillin,strips,483.3,26,20,10,8
2026-09-26,PHC-038,Jaipur PHC-2,Jaipur,Rajasthan,12.8567,76.1191,Amoxicillin,strips,485.4,26,19,10,10
2026-08-28,PHC-038,Jaipur PHC-2,Jaipur,Rajasthan,12.8567,76.1191,Iron Folic Acid Tablets,strips,743.3,26,21,10,7
2026-08-29,PHC-038,Jaipur PHC-2,Jaipur,Rajasthan,12.8567,76.1191,Iron Folic Acid Tablets,strips,749.1,26,20,10,6
2026-08-30,PHC-038,Jaipur PHC-2,Jaipur,Rajasthan,12.8567,76.1191,Iron Folic Acid Tablets,strips,752.7,26,14,10,8
2026-08-31,PHC-038,Jaipur PHC-2,Jaipur,Rajasthan,12.8567,76.1191,Iron Folic Acid Tablets,strips,759.1,26,16,10,8
2026-09-01,PHC-038,Jaipur PHC-2,Jaipur,Rajasthan,12.8567,76.1191,Iron Folic Acid Tablets,strips,762.4,26,23,10,9
2026-09-02,PHC-038,Jaipur PHC-2,Jaipur,Rajasthan,12.8567,76.1191,Iron Folic Acid Tablets,strips,767.3,26,9,10,6
2026-09-03,PHC-038,Jaipur PHC-2,Jaipur,Rajasthan,12.8567,76.1191,Iron Folic Acid Tablets,strips,773.6,26,22,10,7
2026-09-04,PHC-038,Jaipur PHC-2,Jaipur,Rajasthan,12.8567,76.1191,Iron Folic Acid Tablets,strips,777.4,26,10,10,7
2026-09-05,PHC-038,Jaipur PHC-2,Jaipur,Rajasthan,12.8567,76.1191,Iron Folic Acid Tablets,strips,784.3,26,13,10,6
2026-09-06,PHC-038,Jaipur PHC-2,Jaipur,Rajasthan,12.8567,76.1191,Iron Folic Acid Tablets,strips,787.8,26,8,10,9
2026-09-07,PHC-038,Jaipur PHC-2,Jaipur,Rajasthan,12.8567,76.1191,Iron Folic Acid Tablets,strips,792.9,26,17,10,7
2026-09-08,PHC-038,Jaipur PHC-2,Jaipur,Rajasthan,12.8567,76.1191,Iron Folic Acid Tablets,strips,800.0,26,18,10,8
2026-09-09,PHC-038,Jaipur PHC-2,Jaipur,Rajasthan,12.8567,76.1191,Iron Folic Acid Tablets,strips,803.8,26,13,10,8
2026-09-10,PHC-038,Jaipur PHC-2,Jaipur,Rajasthan,12.8567,76.1191,Iron Folic Acid Tablets,strips,807.5,26,20,10,8
2026-09-11,PHC-038,Jaipur PHC-2,Jaipur,Rajasthan,12.8567,76.1191,Iron Folic Acid Tablets,strips,811.4,26,11,10,9
2026-09-12,PHC-038,Jaipur PHC-2,Jaipur,Rajasthan,12.8567,76.1191,Iron Folic Acid Tablets,strips,814.6,26,18,10,10
2026-09-13,PHC-038,Jaipur PHC-2,Jaipur,Rajasthan,12.8567,76.1191,Iron Folic Acid Tablets,strips,820.9,26,26,10,9
2026-09-14,PHC-038,Jaipur PHC-2,Jaipur,Rajasthan,12.8567,76.1191,Iron Folic Acid Tablets,strips,827.3,26,12,10,10
2026-09-15,PHC-038,Jaipur PHC-2,Jaipur,Rajasthan,12.8567,76.1191,Iron Folic Acid Tablets,strips,835.0,26,13,10,8
2026-09-16,PHC-038,Jaipur PHC-2,Jaipur,Rajasthan,12.8567,76.1191,Iron Folic Acid Tablets,strips,843.6,26,15,10,8
2026-09-17,PHC-038,Jaipur PHC-2,Jaipur,Rajasthan,12.8567,76.1191,Iron Folic Acid Tablets,strips,849.6,26,11,10,9
2026-09-18,PHC-038,Jaipur PHC-2,Jaipur,Rajasthan,12.8567,76.1191,Iron Folic Acid Tablets,strips,854.2,26,13,10,9
2026-09-19,PHC-038,Jaipur PHC-2,Jaipur,Rajasthan,12.8567,76.1191,Iron Folic Acid Tablets,strips,860.9,26,6,10,8
2026-09-20,PHC-038,Jaipur PHC-2,Jaipur,Rajasthan,12.8567,76.1191,Iron Folic Acid Tablets,strips,865.6,26,10,10,6
2026-09-21,PHC-038,Jaipur PHC-2,Jaipur,Rajasthan,12.8567,76.1191,Iron Folic Acid Tablets,strips,871.6,26,17,10,8
2026-09-22,PHC-038,Jaipur PHC-2,Jaipur,Rajasthan,12.8567,76.1191,Iron Folic Acid Tablets,strips,877.5,26,19,10,10
2026-09-23,PHC-038,Jaipur PHC-2,Jaipur,Rajasthan,12.8567,76.1191,Iron Folic Acid Tablets,strips,884.2,26,10,10,9
2026-09-24,PHC-038,Jaipur PHC-2,Jaipur,Rajasthan,12.8567,76.1191,Iron Folic Acid Tablets,strips,887.4,26,20,10,6
2026-09-25,PHC-038,Jaipur PHC-2,Jaipur,Rajasthan,12.8567,76.1191,Iron Folic Acid Tablets,strips,894.9,26,19,10,9
2026-09-26,PHC-038,Jaipur PHC-2,Jaipur,Rajasthan,12.8567,76.1191,Iron Folic Acid Tablets,strips,901.1,26,17,10,7
2026-08-28,PHC-039,Jaipur PHC-3,Jaipur,Rajasthan,12.2425,87.1323,Paracetamol,units,568.7,10,5,12,9
2026-08-29,PHC-039,Jaipur PHC-3,Jaipur,Rajasthan,12.2425,87.1323,Paracetamol,units,551.3,10,4,12,12
2026-08-30,PHC-039,Jaipur PHC-3,Jaipur,Rajasthan,12.2425,87.1323,Paracetamol,units,537.8,10,6,12,8
2026-08-31,PHC-039,Jaipur PHC-3,Jaipur,Rajasthan,12.2425,87.1323,Paracetamol,units,520.8,10,6,12,9
2026-09-01,PHC-039,Jaipur PHC-3,Jaipur,Rajasthan,12.2425,87.1323,Paracetamol,units,514.0,10,7,12,6
2026-09-02,PHC-039,Jaipur PHC-3,Jaipur,Rajasthan,12.2425,87.1323,Paracetamol,units,495.3,10,5,12,10
2026-09-03,PHC-039,Jaipur PHC-3,Jaipur,Rajasthan,12.2425,87.1323,Paracetamol,units,482.4,10,5,12,11
2026-09-04,PHC-039,Jaipur PHC-3,Jaipur,Rajasthan,12.2425,87.1323,Paracetamol,units,474.7,10,7,12,9
2026-09-05,PHC-039,Jaipur PHC-3,Jaipur,Rajasthan,12.2425,87.1323,Paracetamol,units,464.0,10,7,12,12
2026-09-06,PHC-039,Jaipur PHC-3,Jaipur,Rajasthan,12.2425,87.1323,Paracetamol,units,445.5,10,7,12,12
2026-09-07,PHC-039,Jaipur PHC-3,Jaipur,Rajasthan,12.2425,87.1323,Paracetamol,units,426.4,10,4,12,10
2026-09-08,PHC-039,Jaipur PHC-3,Jaipur,Rajasthan,12.2425,87.1323,Paracetamol,units,410.9,10,5,12,12
2026-09-09,PHC-039,Jaipur PHC-3,Jaipur,Rajasthan,12.2425,87.1323,Paracetamol,units,404.2,10,6,12,9
2026-09-10,PHC-039,Jaipur PHC-3,Jaipur,Rajasthan,12.2425,87.1323,Paracetamol,units,385.8,10,6,12,8
2026-09-11,PHC-039,Jaipur PHC-3,Jaipur,Rajasthan,12.2425,87.1323,Paracetamol,units,375.4,10,4,12,9
2026-09-12,PHC-039,Jaipur PHC-3,Jaipur,Rajasthan,12.2425,87.1323,Paracetamol,units,368.0,10,7,12,11
2026-09-13,PHC-039,Jaipur PHC-3,Jaipur,Rajasthan,12.2425,87.1323,Paracetamol,units,357.3,10,4,12,10
2026-09-14,PHC-039,Jaipur PHC-3,Jaipur,Rajasthan,12.2425,87.1323,Paracetamol,units,338.7,10,5,12,10
2026-09-15,PHC-039,Jaipur PHC-3,Jaipur,Rajasthan,12.2425,87.1323,Paracetamol,units,320.9,10,6,12,11
2026-09-16,PHC-039,Jaipur PHC-3,Jaipur,Rajasthan,12.2425,87.1323,Paracetamol,units,309.3,10,5,12,11
2026-09-17,PHC-039,Jaipur PHC-3,Jaipur,Rajasthan,12.2425,87.1323,Paracetamol,units,294.1,10,5,12,10
2026-09-18,PHC-039,Jaipur PHC-3,Jaipur,Rajasthan,12.2425,87.1323,Paracetamol,units,280.5,10,2,12,10
2026-09-19,PHC-039,Jaipur PHC-3,Jaipur,Rajasthan,12.2425,87.1323,Paracetamol,units,263.1,10,6,12,8
2026-09-20,PHC-039,Jaipur PHC-3,Jaipur,Rajasthan,12.2425,87.1323,Paracetamol,units,244.3,10,5,12,11
2026-09-21,PHC-039,Jaipur PHC-3,Jaipur,Rajasthan,12.2425,87.1323,Paracetamol,units,232.3,10,4,12,10
2026-09-22,PHC-039,Jaipur PHC-3,Jaipur,Rajasthan,12.2425,87.1323,Paracetamol,units,215.7,10,7,12,8
2026-09-23,PHC-039,Jaipur PHC-3,Jaipur,Rajasthan,12.2425,87.1323,Paracetamol,units,199.2,10,9,12,9
2026-09-24,PHC-039,Jaipur PHC-3,Jaipur,Rajasthan,12.2425,87.1323,Paracetamol,units,189.2,10,3,12,9
2026-09-25,PHC-039,Jaipur PHC-3,Jaipur,Rajasthan,12.2425,87.1323,Paracetamol,units,182.4,10,5,12,10
2026-09-26,PHC-039,Jaipur PHC-3,Jaipur,Rajasthan,12.2425,87.1323,Paracetamol,units,170.5,10,4,12,11
2026-08-28,PHC-039,Jaipur PHC-3,Jaipur,Rajasthan,12.2425,87.1323,ORS Sachets,packets,375.2,10,4,12,10
2026-08-29,PHC-039,Jaipur PHC-3,Jaipur,Rajasthan,12.2425,87.1323,ORS Sachets,packets,377.5,10,7,12,9
2026-08-30,PHC-039,Jaipur PHC-3,Jaipur,Rajasthan,12.2425,87.1323,ORS Sachets,packets,380.7,10,8,12,10
2026-08-31,PHC-039,Jaipur PHC-3,Jaipur,Rajasthan,12.2425,87.1323,ORS Sachets,packets,379.8,10,3,12,9
2026-09-01,PHC-039,Jaipur PHC-3,Jaipur,Rajasthan,12.2425,87.1323,ORS Sachets,packets,382.0,10,5,12,10
2026-09-02,PHC-039,Jaipur PHC-3,Jaipur,Rajasthan,12.2425,87.1323,ORS Sachets,packets,381.2,10,8,12,11
2026-09-03,PHC-039,Jaipur PHC-3,Jaipur,Rajasthan,12.2425,87.1323,ORS Sachets,packets,382.2,10,5,12,8
2026-09-04,PHC-039,Jaipur PHC-3,Jaipur,Rajasthan,12.2425,87.1323,ORS Sachets,packets,377.8,10,5,12,10
2026-09-05,PHC-039,Jaipur PHC-3,Jaipur,Rajasthan,12.2425,87.1323,ORS Sachets,packets,387.0,10,8,12,11
2026-09-06,PHC-039,Jaipur PHC-3,Jaipur,Rajasthan,12.2425,87.1323,ORS Sachets,packets,390.6,10,6,12,9
2026-09-07,PHC-039,Jaipur PHC-3,Jaipur,Rajasthan,12.2425,87.1323,ORS Sachets,packets,392.7,10,5,12,10
2026-09-08,PHC-039,Jaipur PHC-3,Jaipur,Rajasthan,12.2425,87.1323,ORS Sachets,packets,388.2,10,5,12,8
2026-09-09,PHC-039,Jaipur PHC-3,Jaipur,Rajasthan,12.2425,87.1323,ORS Sachets,packets,384.7,10,6,12,8
2026-09-10,PHC-039,Jaipur PHC-3,Jaipur,Rajasthan,12.2425,87.1323,ORS Sachets,packets,381.2,10,5,12,10
2026-09-11,PHC-039,Jaipur PHC-3,Jaipur,Rajasthan,12.2425,87.1323,ORS Sachets,packets,376.8,10,5,12,9
2026-09-12,PHC-039,Jaipur PHC-3,Jaipur,Rajasthan,12.2425,87.1323,ORS Sachets,packets,375.9,10,5,12,9
2026-09-13,PHC-039,Jaipur PHC-3,Jaipur,Rajasthan,12.2425,87.1323,ORS Sachets,packets,372.7,10,5,12,10
2026-09-14,PHC-039,Jaipur PHC-3,Jaipur,Rajasthan,12.2425,87.1323,ORS Sachets,packets,370.8,10,3,12,9
2026-09-15,PHC-039,Jaipur PHC-3,Jaipur,Rajasthan,12.2425,87.1323,ORS Sachets,packets,377.1,10,9,12,10
2026-09-16,PHC-039,Jaipur PHC-3,Jaipur,Rajasthan,12.2425,87.1323,ORS Sachets,packets,380.3,10,4,12,9
2026-09-17,PHC-039,Jaipur PHC-3,Jaipur,Rajasthan,12.2425,87.1323,ORS Sachets,packets,378.2,10,5,12,8
2026-09-18,PHC-039,Jaipur PHC-3,Jaipur,Rajasthan,12.2425,87.1323,ORS Sachets,packets,373.1,10,4,12,11
2026-09-19,PHC-039,Jaipur PHC-3,Jaipur,Rajasthan,12.2425,87.1323,ORS Sachets,packets,373.6,10,2,12,11
2026-09-20,PHC-039,Jaipur PHC-3,Jaipur,Rajasthan,12.2425,87.1323,ORS Sachets,packets,377.3,10,6,12,9
2026-09-21,PHC-039,Jaipur PHC-3,Jaipur,Rajasthan,12.2425,87.1323,ORS Sachets,packets,385.9,10,7,12,11
2026-09-22,PHC-039,Jaipur PHC-3,Jaipur,Rajasthan,12.2425,87.1323,ORS Sachets,packets,386.3,10,8,12,9
2026-09-23,PHC-039,Jaipur PHC-3,Jaipur,Rajasthan,12.2425,87.1323,ORS Sachets,packets,384.0,10,5,12,10
2026-09-24,PHC-039,Jaipur PHC-3,Jaipur,Rajasthan,12.2425,87.1323,ORS Sachets,packets,385.5,10,5,12,7
2026-09-25,PHC-039,Jaipur PHC-3,Jaipur,Rajasthan,12.2425,87.1323,ORS Sachets,packets,384.3,10,7,12,10
2026-09-26,PHC-039,Jaipur PHC-3,Jaipur,Rajasthan,12.2425,87.1323,ORS Sachets,packets,386.0,10,5,12,10
2026-08-28,PHC-039,Jaipur PHC-3,Jaipur,Rajasthan,12.2425,87.1323,Insulin,vials,115.7,10,5,12,10
2026-08-29,PHC-039,Jaipur PHC-3,Jaipur,Rajasthan,12.2425,87.1323,Insulin,vials,116.3,10,4,12,10
2026-08-30,PHC-039,Jaipur PHC-3,Jaipur,Rajasthan,12.2425,87.1323,Insulin,vials,116.8,10,7,12,10
2026-08-31,PHC-039,Jaipur PHC-3,Jaipur,Rajasthan,12.2425,87.1323,Insulin,vials,117.4,10,4,12,11
2026-09-01,PHC-039,Jaipur PHC-3,Jaipur,Rajasthan,12.2425,87.1323,Insulin,vials,118.1,10,5,12,9
2026-09-02,PHC-039,Jaipur PHC-3,Jaipur,Rajasthan,12.2425,87.1323,Insulin,vials,119.6,10,3,12,9
2026-09-03,PHC-039,Jaipur PHC-3,Jaipur,Rajasthan,12.2425,87.1323,Insulin,vials,120.6,10,8,12,8
2026-09-04,PHC-039,Jaipur PHC-3,Jaipur,Rajasthan,12.2425,87.1323,Insulin,vials,121.5,10,6,12,10
2026-09-05,PHC-039,Jaipur PHC-3,Jaipur,Rajasthan,12.2425,87.1323,Insulin,vials,122.7,10,7,12,9
2026-09-06,PHC-039,Jaipur PHC-3,Jaipur,Rajasthan,12.2425,87.1323,Insulin,vials,123.3,10,5,12,11
2026-09-07,PHC-039,Jaipur PHC-3,Jaipur,Rajasthan,12.2425,87.1323,Insulin,vials,124.3,10,4,12,7
2026-09-08,PHC-039,Jaipur PHC-3,Jaipur,Rajasthan,12.2425,87.1323,Insulin,vials,125.4,10,7,12,12
2026-09-09,PHC-039,Jaipur PHC-3,Jaipur,Rajasthan,12.2425,87.1323,Insulin,vials,126.0,10,8,12,12
2026-09-10,PHC-039,Jaipur PHC-3,Jaipur,Rajasthan,12.2425,87.1323,Insulin,vials,127.1,10,7,12,8
2026-09-11,PHC-039,Jaipur PHC-3,Jaipur,Rajasthan,12.2425,87.1323,Insulin,vials,128.2,10,6,12,10
2026-09-12,PHC-039,Jaipur PHC-3,Jaipur,Rajasthan,12.2425,87.1323,Insulin,vials,129.2,10,8,12,9
2026-09-13,PHC-039,Jaipur PHC-3,Jaipur,Rajasthan,12.2425,87.1323,Insulin,vials,130.0,10,6,12,9
2026-09-14,PHC-039,Jaipur PHC-3,Jaipur,Rajasthan,12.2425,87.1323,Insulin,vials,131.3,10,3,12,10
2026-09-15,PHC-039,Jaipur PHC-3,Jaipur,Rajasthan,12.2425,87.1323,Insulin,vials,131.8,10,4,12,7
2026-09-16,PHC-039,Jaipur PHC-3,Jaipur,Rajasthan,12.2425,87.1323,Insulin,vials,133.1,10,5,12,9
2026-09-17,PHC-039,Jaipur PHC-3,Jaipur,Rajasthan,12.2425,87.1323,Insulin,vials,134.5,10,5,12,10
2026-09-18,PHC-039,Jaipur PHC-3,Jaipur,Rajasthan,12.2425,87.1323,Insulin,vials,135.4,10,4,12,10
2026-09-19,PHC-039,Jaipur PHC-3,Jaipur,Rajasthan,12.2425,87.1323,Insulin,vials,136.5,10,6,12,10
2026-09-20,PHC-039,Jaipur PHC-3,Jaipur,Rajasthan,12.2425,87.1323,Insulin,vials,137.9,10,4,12,9
2026-09-21,PHC-039,Jaipur PHC-3,Jaipur,Rajasthan,12.2425,87.1323,Insulin,vials,138.8,10,7,12,10
2026-09-22,PHC-039,Jaipur PHC-3,Jaipur,Rajasthan,12.2425,87.1323,Insulin,vials,140.2,10,6,12,10
2026-09-23,PHC-039,Jaipur PHC-3,Jaipur,Rajasthan,12.2425,87.1323,Insulin,vials,141.2,10,5,12,9
2026-09-24,PHC-039,Jaipur PHC-3,Jaipur,Rajasthan,12.2425,87.1323,Insulin,vials,142.7,10,7,12,10
2026-09-25,PHC-039,Jaipur PHC-3,Jaipur,Rajasthan,12.2425,87.1323,Insulin,vials,144.0,10,7,12,8
2026-09-26,PHC-039,Jaipur PHC-3,Jaipur,Rajasthan,12.2425,87.1323,Insulin,vials,145.2,10,5,12,10
2026-08-28,PHC-039,Jaipur PHC-3,Jaipur,Rajasthan,12.2425,87.1323,Amoxicillin,strips,484.9,10,3,12,9
2026-08-29,PHC-039,Jaipur PHC-3,Jaipur,Rajasthan,12.2425,87.1323,Amoxicillin,strips,478.9,10,6,12,10
2026-08-30,PHC-039,Jaipur PHC-3,Jaipur,Rajasthan,12.2425,87.1323,Amoxicillin,strips,481.5,10,8,12,10
2026-08-31,PHC-039,Jaipur PHC-3,Jaipur,Rajasthan,12.2425,87.1323,Amoxicillin,strips,479.7,10,6,12,8
2026-09-01,PHC-039,Jaipur PHC-3,Jaipur,Rajasthan,12.2425,87.1323,Amoxicillin,strips,485.3,10,4,12,9
2026-09-02,PHC-039,Jaipur PHC-3,Jaipur,Rajasthan,12.2425,87.1323,Amoxicillin,strips,484.2,10,6,12,9
2026-09-03,PHC-039,Jaipur PHC-3,Jaipur,Rajasthan,12.2425,87.1323,Amoxicillin,strips,484.3,10,9,12,10
2026-09-04,PHC-039,Jaipur PHC-3,Jaipur,Rajasthan,12.2425,87.1323,Amoxicillin,strips,489.2,10,7,12,10
2026-09-05,PHC-039,Jaipur PHC-3,Jaipur,Rajasthan,12.2425,87.1323,Amoxicillin,strips,482.1,10,3,12,10
2026-09-06,PHC-039,Jaipur PHC-3,Jaipur,Rajasthan,12.2425,87.1323,Amoxicillin,strips,483.5,10,8,12,11
2026-09-07,PHC-039,Jaipur PHC-3,Jaipur,Rajasthan,12.2425,87.1323,Amoxicillin,strips,488.3,10,8,12,10
2026-09-08,PHC-039,Jaipur PHC-3,Jaipur,Rajasthan,12.2425,87.1323,Amoxicillin,strips,488.6,10,2,12,10
2026-09-09,PHC-039,Jaipur PHC-3,Jaipur,Rajasthan,12.2425,87.1323,Amoxicillin,strips,489.4,10,6,12,10
2026-09-10,PHC-039,Jaipur PHC-3,Jaipur,Rajasthan,12.2425,87.1323,Amoxicillin,strips,495.2,10,5,12,9
2026-09-11,PHC-039,Jaipur PHC-3,Jaipur,Rajasthan,12.2425,87.1323,Amoxicillin,strips,500.0,10,6,12,11
2026-09-12,PHC-039,Jaipur PHC-3,Jaipur,Rajasthan,12.2425,87.1323,Amoxicillin,strips,499.7,10,7,12,9
2026-09-13,PHC-039,Jaipur PHC-3,Jaipur,Rajasthan,12.2425,87.1323,Amoxicillin,strips,500.1,10,6,12,10
2026-09-14,PHC-039,Jaipur PHC-3,Jaipur,Rajasthan,12.2425,87.1323,Amoxicillin,strips,490.5,10,7,12,8
2026-09-15,PHC-039,Jaipur PHC-3,Jaipur,Rajasthan,12.2425,87.1323,Amoxicillin,strips,480.3,10,7,12,10
2026-09-16,PHC-039,Jaipur PHC-3,Jaipur,Rajasthan,12.2425,87.1323,Amoxicillin,strips,481.4,10,2,12,9
2026-09-17,PHC-039,Jaipur PHC-3,Jaipur,Rajasthan,12.2425,87.1323,Amoxicillin,strips,477.5,10,5,12,10
2026-09-18,PHC-039,Jaipur PHC-3,Jaipur,Rajasthan,12.2425,87.1323,Amoxicillin,strips,474.0,10,5,12,11
2026-09-19,PHC-039,Jaipur PHC-3,Jaipur,Rajasthan,12.2425,87.1323,Amoxicillin,strips,473.3,10,6,12,10
2026-09-20,PHC-039,Jaipur PHC-3,Jaipur,Rajasthan,12.2425,87.1323,Amoxicillin,strips,473.5,10,5,12,8
2026-09-21,PHC-039,Jaipur PHC-3,Jaipur,Rajasthan,12.2425,87.1323,Amoxicillin,strips,473.9,10,4,12,10
2026-09-22,PHC-039,Jaipur PHC-3,Jaipur,Rajasthan,12.2425,87.1323,Amoxicillin,strips,472.0,10,4,12,9
2026-09-23,PHC-039,Jaipur PHC-3,Jaipur,Rajasthan,12.2425,87.1323,Amoxicillin,strips,478.9,10,5,12,9
2026-09-24,PHC-039,Jaipur PHC-3,Jaipur,Rajasthan,12.2425,87.1323,Amoxicillin,strips,478.0,10,4,12,11
2026-09-25,PHC-039,Jaipur PHC-3,Jaipur,Rajasthan,12.2425,87.1323,Amoxicillin,strips,471.4,10,6,12,10
2026-09-26,PHC-039,Jaipur PHC-3,Jaipur,Rajasthan,12.2425,87.1323,Amoxicillin,strips,472.9,10,6,12,10
2026-08-28,PHC-039,Jaipur PHC-3,Jaipur,Rajasthan,12.2425,87.1323,Iron Folic Acid Tablets,strips,721.7,10,4,12,10
2026-08-29,PHC-039,Jaipur PHC-3,Jaipur,Rajasthan,12.2425,87.1323,Iron Folic Acid Tablets,strips,691.1,10,5,12,9
2026-08-30,PHC-039,Jaipur PHC-3,Jaipur,Rajasthan,12.2425,87.1323,Iron Folic Acid Tablets,strips,654.9,10,6,12,9
2026-08-31,PHC-039,Jaipur PHC-3,Jaipur,Rajasthan,12.2425,87.1323,Iron Folic Acid Tablets,strips,626.4,10,7,12,9
2026-09-01,PHC-039,Jaipur PHC-3,Jaipur,Rajasthan,12.2425,87.1323,Iron Folic Acid Tablets,strips,595.9,10,5,12,10
2026-09-02,PHC-039,Jaipur PHC-3,Jaipur,Rajasthan,12.2425,87.1323,Iron Folic Acid Tablets,strips,562.2,10,6,12,9
2026-09-03,PHC-039,Jaipur PHC-3,Jaipur,Rajasthan,12.2425,87.1323,Iron Folic Acid Tablets,strips,524.9,10,8,12,11
2026-09-04,PHC-039,Jaipur PHC-3,Jaipur,Rajasthan,12.2425,87.1323,Iron Folic Acid Tablets,strips,503.6,10,3,12,8
2026-09-05,PHC-039,Jaipur PHC-3,Jaipur,Rajasthan,12.2425,87.1323,Iron Folic Acid Tablets,strips,453.5,10,7,12,9
2026-09-06,PHC-039,Jaipur PHC-3,Jaipur,Rajasthan,12.2425,87.1323,Iron Folic Acid Tablets,strips,420.4,10,8,12,11
2026-09-07,PHC-039,Jaipur PHC-3,Jaipur,Rajasthan,12.2425,87.1323,Iron Folic Acid Tablets,strips,376.7,10,5,12,9
2026-09-08,PHC-039,Jaipur PHC-3,Jaipur,Rajasthan,12.2425,87.1323,Iron Folic Acid Tablets,strips,342.5,10,5,12,9
2026-09-09,PHC-039,Jaipur PHC-3,Jaipur,Rajasthan,12.2425,87.1323,Iron Folic Acid Tablets,strips,303.3,10,5,12,11
2026-09-10,PHC-039,Jaipur PHC-3,Jaipur,Rajasthan,12.2425,87.1323,Iron Folic Acid Tablets,strips,268.7,10,6,12,9
2026-09-11,PHC-039,Jaipur PHC-3,Jaipur,Rajasthan,12.2425,87.1323,Iron Folic Acid Tablets,strips,223.0,10,5,12,9
2026-09-12,PHC-039,Jaipur PHC-3,Jaipur,Rajasthan,12.2425,87.1323,Iron Folic Acid Tablets,strips,185.9,10,5,12,9
2026-09-13,PHC-039,Jaipur PHC-3,Jaipur,Rajasthan,12.2425,87.1323,Iron Folic Acid Tablets,strips,137.5,10,6,12,10
2026-09-14,PHC-039,Jaipur PHC-3,Jaipur,Rajasthan,12.2425,87.1323,Iron Folic Acid Tablets,strips,104.1,10,5,12,9
2026-09-15,PHC-039,Jaipur PHC-3,Jaipur,Rajasthan,12.2425,87.1323,Iron Folic Acid Tablets,strips,70.6,10,4,12,7
2026-09-16,PHC-039,Jaipur PHC-3,Jaipur,Rajasthan,12.2425,87.1323,Iron Folic Acid Tablets,strips,25.4,10,5,12,9
2026-09-17,PHC-039,Jaipur PHC-3,Jaipur,Rajasthan,12.2425,87.1323,Iron Folic Acid Tablets,strips,0.0,10,1,12,12
2026-09-18,PHC-039,Jaipur PHC-3,Jaipur,Rajasthan,12.2425,87.1323,Iron Folic Acid Tablets,strips,0.0,10,5,12,9
2026-09-19,PHC-039,Jaipur PHC-3,Jaipur,Rajasthan,12.2425,87.1323,Iron Folic Acid Tablets,strips,0.0,10,6,12,9
2026-09-20,PHC-039,Jaipur PHC-3,Jaipur,Rajasthan,12.2425,87.1323,Iron Folic Acid Tablets,strips,0.0,10,9,12,11
2026-09-21,PHC-039,Jaipur PHC-3,Jaipur,Rajasthan,12.2425,87.1323,Iron Folic Acid Tablets,strips,0.0,10,6,12,10
2026-09-22,PHC-039,Jaipur PHC-3,Jaipur,Rajasthan,12.2425,87.1323,Iron Folic Acid Tablets,strips,0.0,10,2,12,9
2026-09-23,PHC-039,Jaipur PHC-3,Jaipur,Rajasthan,12.2425,87.1323,Iron Folic Acid Tablets,strips,0.0,10,5,12,11
2026-09-24,PHC-039,Jaipur PHC-3,Jaipur,Rajasthan,12.2425,87.1323,Iron Folic Acid Tablets,strips,0.0,10,3,12,9
2026-09-25,PHC-039,Jaipur PHC-3,Jaipur,Rajasthan,12.2425,87.1323,Iron Folic Acid Tablets,strips,0.0,10,7,12,12
2026-09-26,PHC-039,Jaipur PHC-3,Jaipur,Rajasthan,12.2425,87.1323,Iron Folic Acid Tablets,strips,0.0,10,7,12,11
2026-08-28,PHC-040,Jodhpur PHC-1,Jodhpur,Rajasthan,25.2671,78.6419,Paracetamol,units,605.8,16,7,11,7
2026-08-29,PHC-040,Jodhpur PHC-1,Jodhpur,Rajasthan,25.2671,78.6419,Paracetamol,units,609.1,16,9,11,8
2026-08-30,PHC-040,Jodhpur PHC-1,Jodhpur,Rajasthan,25.2671,78.6419,Paracetamol,units,616.2,16,9,11,8
2026-08-31,PHC-040,Jodhpur PHC-1,Jodhpur,Rajasthan,25.2671,78.6419,Paracetamol,units,618.8,16,11,11,8
2026-09-01,PHC-040,Jodhpur PHC-1,Jodhpur,Rajasthan,25.2671,78.6419,Paracetamol,units,621.4,16,9,11,8
2026-09-02,PHC-040,Jodhpur PHC-1,Jodhpur,Rajasthan,25.2671,78.6419,Paracetamol,units,626.6,16,5,11,9
2026-09-03,PHC-040,Jodhpur PHC-1,Jodhpur,Rajasthan,25.2671,78.6419,Paracetamol,units,633.4,16,12,11,9
2026-09-04,PHC-040,Jodhpur PHC-1,Jodhpur,Rajasthan,25.2671,78.6419,Paracetamol,units,640.5,16,12,11,8
2026-09-05,PHC-040,Jodhpur PHC-1,Jodhpur,Rajasthan,25.2671,78.6419,Paracetamol,units,645.3,16,5,11,10
2026-09-06,PHC-040,Jodhpur PHC-1,Jodhpur,Rajasthan,25.2671,78.6419,Paracetamol,units,649.0,16,5,11,8
2026-09-07,PHC-040,Jodhpur PHC-1,Jodhpur,Rajasthan,25.2671,78.6419,Paracetamol,units,654.7,16,8,11,9
2026-09-08,PHC-040,Jodhpur PHC-1,Jodhpur,Rajasthan,25.2671,78.6419,Paracetamol,units,661.1,16,10,11,8
2026-09-09,PHC-040,Jodhpur PHC-1,Jodhpur,Rajasthan,25.2671,78.6419,Paracetamol,units,666.3,16,6,11,8
2026-09-10,PHC-040,Jodhpur PHC-1,Jodhpur,Rajasthan,25.2671,78.6419,Paracetamol,units,672.3,16,8,11,8
2026-09-11,PHC-040,Jodhpur PHC-1,Jodhpur,Rajasthan,25.2671,78.6419,Paracetamol,units,675.9,16,9,11,9
2026-09-12,PHC-040,Jodhpur PHC-1,Jodhpur,Rajasthan,25.2671,78.6419,Paracetamol,units,681.5,16,4,11,6
2026-09-13,PHC-040,Jodhpur PHC-1,Jodhpur,Rajasthan,25.2671,78.6419,Paracetamol,units,688.0,16,10,11,9
2026-09-14,PHC-040,Jodhpur PHC-1,Jodhpur,Rajasthan,25.2671,78.6419,Paracetamol,units,690.8,16,9,11,8
2026-09-15,PHC-040,Jodhpur PHC-1,Jodhpur,Rajasthan,25.2671,78.6419,Paracetamol,units,698.1,16,11,11,8
2026-09-16,PHC-040,Jodhpur PHC-1,Jodhpur,Rajasthan,25.2671,78.6419,Paracetamol,units,703.2,16,10,11,9
2026-09-17,PHC-040,Jodhpur PHC-1,Jodhpur,Rajasthan,25.2671,78.6419,Paracetamol,units,707.3,16,9,11,10
2026-09-18,PHC-040,Jodhpur PHC-1,Jodhpur,Rajasthan,25.2671,78.6419,Paracetamol,units,711.4,16,8,11,6
2026-09-19,PHC-040,Jodhpur PHC-1,Jodhpur,Rajasthan,25.2671,78.6419,Paracetamol,units,716.5,16,11,11,6
2026-09-20,PHC-040,Jodhpur PHC-1,Jodhpur,Rajasthan,25.2671,78.6419,Paracetamol,units,721.1,16,11,11,10
2026-09-21,PHC-040,Jodhpur PHC-1,Jodhpur,Rajasthan,25.2671,78.6419,Paracetamol,units,726.6,16,11,11,9
2026-09-22,PHC-040,Jodhpur PHC-1,Jodhpur,Rajasthan,25.2671,78.6419,Paracetamol,units,731.8,16,9,11,9
2026-09-23,PHC-040,Jodhpur PHC-1,Jodhpur,Rajasthan,25.2671,78.6419,Paracetamol,units,736.8,16,9,11,9
2026-09-24,PHC-040,Jodhpur PHC-1,Jodhpur,Rajasthan,25.2671,78.6419,Paracetamol,units,740.4,16,9,11,7
2026-09-25,PHC-040,Jodhpur PHC-1,Jodhpur,Rajasthan,25.2671,78.6419,Paracetamol,units,744.9,16,13,11,10
2026-09-26,PHC-040,Jodhpur PHC-1,Jodhpur,Rajasthan,25.2671,78.6419,Paracetamol,units,747.7,16,3,11,8
2026-08-28,PHC-040,Jodhpur PHC-1,Jodhpur,Rajasthan,25.2671,78.6419,ORS Sachets,packets,294.3,16,13,11,8
2026-08-29,PHC-040,Jodhpur PHC-1,Jodhpur,Rajasthan,25.2671,78.6419,ORS Sachets,packets,286.6,16,8,11,8
2026-08-30,PHC-040,Jodhpur PHC-1,Jodhpur,Rajasthan,25.2671,78.6419,ORS Sachets,packets,280.2,16,11,11,10
2026-08-31,PHC-040,Jodhpur PHC-1,Jodhpur,Rajasthan,25.2671,78.6419,ORS Sachets,packets,273.7,16,10,11,8
2026-09-01,PHC-040,Jodhpur PHC-1,Jodhpur,Rajasthan,25.2671,78.6419,ORS Sachets,packets,267.4,16,9,11,8
2026-09-02,PHC-040,Jodhpur PHC-1,Jodhpur,Rajasthan,25.2671,78.6419,ORS Sachets,packets,262.8,16,8,11,9
2026-09-03,PHC-040,Jodhpur PHC-1,Jodhpur,Rajasthan,25.2671,78.6419,ORS Sachets,packets,252.4,16,12,11,8
2026-09-04,PHC-040,Jodhpur PHC-1,Jodhpur,Rajasthan,25.2671,78.6419,ORS Sachets,packets,241.0,16,12,11,8
2026-09-05,PHC-040,Jodhpur PHC-1,Jodhpur,Rajasthan,25.2671,78.6419,ORS Sachets,packets,236.1,16,8,11,10
2026-09-06,PHC-040,Jodhpur PHC-1,Jodhpur,Rajasthan,25.2671,78.6419,ORS Sachets,packets,230.2,16,8,11,9
2026-09-07,PHC-040,Jodhpur PHC-1,Jodhpur,Rajasthan,25.2671,78.6419,ORS Sachets,packets,222.6,16,9,11,10
2026-09-08,PHC-040,Jodhpur PHC-1,Jodhpur,Rajasthan,25.2671,78.6419,ORS Sachets,packets,213.8,16,11,11,8
2026-09-09,PHC-040,Jodhpur PHC-1,Jodhpur,Rajasthan,25.2671,78.6419,ORS Sachets,packets,208.0,16,6,11,8
2026-09-10,PHC-040,Jodhpur PHC-1,Jodhpur,Rajasthan,25.2671,78.6419,ORS Sachets,packets,203.5,16,10,11,8
2026-09-11,PHC-040,Jodhpur PHC-1,Jodhpur,Rajasthan,25.2671,78.6419,ORS Sachets,packets,192.0,16,5,11,8
2026-09-12,PHC-040,Jodhpur PHC-1,Jodhpur,Rajasthan,25.2671,78.6419,ORS Sachets,packets,181.7,16,8,11,8
2026-09-13,PHC-040,Jodhpur PHC-1,Jodhpur,Rajasthan,25.2671,78.6419,ORS Sachets,packets,175.2,16,11,11,9
2026-09-14,PHC-040,Jodhpur PHC-1,Jodhpur,Rajasthan,25.2671,78.6419,ORS Sachets,packets,164.6,16,8,11,11
2026-09-15,PHC-040,Jodhpur PHC-1,Jodhpur,Rajasthan,25.2671,78.6419,ORS Sachets,packets,155.1,16,13,11,7
2026-09-16,PHC-040,Jodhpur PHC-1,Jodhpur,Rajasthan,25.2671,78.6419,ORS Sachets,packets,146.2,16,8,11,10
2026-09-17,PHC-040,Jodhpur PHC-1,Jodhpur,Rajasthan,25.2671,78.6419,ORS Sachets,packets,138.9,16,10,11,8
2026-09-18,PHC-040,Jodhpur PHC-1,Jodhpur,Rajasthan,25.2671,78.6419,ORS Sachets,packets,131.7,16,11,11,10
2026-09-19,PHC-040,Jodhpur PHC-1,Jodhpur,Rajasthan,25.2671,78.6419,ORS Sachets,packets,121.7,16,9,11,9
2026-09-20,PHC-040,Jodhpur PHC-1,Jodhpur,Rajasthan,25.2671,78.6419,ORS Sachets,packets,112.0,16,13,11,10
2026-09-21,PHC-040,Jodhpur PHC-1,Jodhpur,Rajasthan,25.2671,78.6419,ORS Sachets,packets,100.7,16,9,11,9
2026-09-22,PHC-040,Jodhpur PHC-1,Jodhpur,Rajasthan,25.2671,78.6419,ORS Sachets,packets,92.8,16,7,11,8
2026-09-23,PHC-040,Jodhpur PHC-1,Jodhpur,Rajasthan,25.2671,78.6419,ORS Sachets,packets,86.7,16,7,11,10
2026-09-24,PHC-040,Jodhpur PHC-1,Jodhpur,Rajasthan,25.2671,78.6419,ORS Sachets,packets,76.0,16,11,11,10
2026-09-25,PHC-040,Jodhpur PHC-1,Jodhpur,Rajasthan,25.2671,78.6419,ORS Sachets,packets,68.2,16,8,11,9
2026-09-26,PHC-040,Jodhpur PHC-1,Jodhpur,Rajasthan,25.2671,78.6419,ORS Sachets,packets,61.1,16,5,11,11
2026-08-28,PHC-040,Jodhpur PHC-1,Jodhpur,Rajasthan,25.2671,78.6419,Insulin,vials,109.5,16,8,11,9
2026-08-29,PHC-040,Jodhpur PHC-1,Jodhpur,Rajasthan,25.2671,78.6419,Insulin,vials,108.4,16,7,11,8
2026-08-30,PHC-040,Jodhpur PHC-1,Jodhpur,Rajasthan,25.2671,78.6419,Insulin,vials,107.3,16,9,11,9
2026-08-31,PHC-040,Jodhpur PHC-1,Jodhpur,Rajasthan,25.2671,78.6419,Insulin,vials,103.9,16,7,11,9
2026-09-01,PHC-040,Jodhpur PHC-1,Jodhpur,Rajasthan,25.2671,78.6419,Insulin,vials,104.7,16,11,11,8
2026-09-02,PHC-040,Jodhpur PHC-1,Jodhpur,Rajasthan,25.2671,78.6419,Insulin,vials,104.9,16,9,11,10
2026-09-03,PHC-040,Jodhpur PHC-1,Jodhpur,Rajasthan,25.2671,78.6419,Insulin,vials,105.8,16,8,11,10
2026-09-04,PHC-040,Jodhpur PHC-1,Jodhpur,Rajasthan,25.2671,78.6419,Insulin,vials,105.8,16,10,11,8
2026-09-05,PHC-040,Jodhpur PHC-1,Jodhpur,Rajasthan,25.2671,78.6419,Insulin,vials,107.3,16,8,11,10
2026-09-06,PHC-040,Jodhpur PHC-1,Jodhpur,Rajasthan,25.2671,78.6419,Insulin,vials,107.6,16,11,11,9
2026-09-07,PHC-040,Jodhpur PHC-1,Jodhpur,Rajasthan,25.2671,78.6419,Insulin,vials,108.4,16,12,11,8
2026-09-08,PHC-040,Jodhpur PHC-1,Jodhpur,Rajasthan,25.2671,78.6419,Insulin,vials,105.9,16,11,11,10
2026-09-09,PHC-040,Jodhpur PHC-1,Jodhpur,Rajasthan,25.2671,78.6419,Insulin,vials,106.1,16,9,11,8
2026-09-10,PHC-040,Jodhpur PHC-1,Jodhpur,Rajasthan,25.2671,78.6419,Insulin,vials,105.3,16,9,11,8
2026-09-11,PHC-040,Jodhpur PHC-1,Jodhpur,Rajasthan,25.2671,78.6419,Insulin,vials,105.6,16,8,11,9
2026-09-12,PHC-040,Jodhpur PHC-1,Jodhpur,Rajasthan,25.2671,78.6419,Insulin,vials,107.2,16,8,11,10
2026-09-13,PHC-040,Jodhpur PHC-1,Jodhpur,Rajasthan,25.2671,78.6419,Insulin,vials,108.0,16,12,11,10
2026-09-14,PHC-040,Jodhpur PHC-1,Jodhpur,Rajasthan,25.2671,78.6419,Insulin,vials,108.2,16,12,11,11
2026-09-15,PHC-040,Jodhpur PHC-1,Jodhpur,Rajasthan,25.2671,78.6419,Insulin,vials,107.8,16,6,11,10
2026-09-16,PHC-040,Jodhpur PHC-1,Jodhpur,Rajasthan,25.2671,78.6419,Insulin,vials,105.6,16,6,11,7
2026-09-17,PHC-040,Jodhpur PHC-1,Jodhpur,Rajasthan,25.2671,78.6419,Insulin,vials,104.7,16,5,11,9
2026-09-18,PHC-040,Jodhpur PHC-1,Jodhpur,Rajasthan,25.2671,78.6419,Insulin,vials,103.2,16,7,11,9
2026-09-19,PHC-040,Jodhpur PHC-1,Jodhpur,Rajasthan,25.2671,78.6419,Insulin,vials,103.1,16,12,11,11
2026-09-20,PHC-040,Jodhpur PHC-1,Jodhpur,Rajasthan,25.2671,78.6419,Insulin,vials,102.2,16,9,11,9
2026-09-21,PHC-040,Jodhpur PHC-1,Jodhpur,Rajasthan,25.2671,78.6419,Insulin,vials,102.6,16,14,11,7
2026-09-22,PHC-040,Jodhpur PHC-1,Jodhpur,Rajasthan,25.2671,78.6419,Insulin,vials,104.8,16,8,11,10
2026-09-23,PHC-040,Jodhpur PHC-1,Jodhpur,Rajasthan,25.2671,78.6419,Insulin,vials,106.3,16,14,11,9
2026-09-24,PHC-040,Jodhpur PHC-1,Jodhpur,Rajasthan,25.2671,78.6419,Insulin,vials,105.7,16,14,11,7
2026-09-25,PHC-040,Jodhpur PHC-1,Jodhpur,Rajasthan,25.2671,78.6419,Insulin,vials,102.5,16,6,11,10
2026-09-26,PHC-040,Jodhpur PHC-1,Jodhpur,Rajasthan,25.2671,78.6419,Insulin,vials,102.1,16,7,11,6
2026-08-28,PHC-040,Jodhpur PHC-1,Jodhpur,Rajasthan,25.2671,78.6419,Amoxicillin,strips,286.1,16,10,11,9
2026-08-29,PHC-040,Jodhpur PHC-1,Jodhpur,Rajasthan,25.2671,78.6419,Amoxicillin,strips,286.2,16,7,11,9
2026-08-30,PHC-040,Jodhpur PHC-1,Jodhpur,Rajasthan,25.2671,78.6419,Amoxicillin,strips,291.2,16,11,11,8
2026-08-31,PHC-040,Jodhpur PHC-1,Jodhpur,Rajasthan,25.2671,78.6419,Amoxicillin,strips,292.5,16,7,11,8
2026-09-01,PHC-040,Jodhpur PHC-1,Jodhpur,Rajasthan,25.2671,78.6419,Amoxicillin,strips,296.2,16,5,11,11
2026-09-02,PHC-040,Jodhpur PHC-1,Jodhpur,Rajasthan,25.2671,78.6419,Amoxicillin,strips,297.1,16,9,11,9
2026-09-03,PHC-040,Jodhpur PHC-1,Jodhpur,Rajasthan,25.2671,78.6419,Amoxicillin,strips,296.3,16,6,11,7
2026-09-04,PHC-040,Jodhpur PHC-1,Jodhpur,Rajasthan,25.2671,78.6419,Amoxicillin,strips,296.5,16,10,11,9
2026-09-05,PHC-040,Jodhpur PHC-1,Jodhpur,Rajasthan,25.2671,78.6419,Amoxicillin,strips,294.7,16,9,11,9
2026-09-06,PHC-040,Jodhpur PHC-1,Jodhpur,Rajasthan,25.2671,78.6419,Amoxicillin,strips,296.7,16,10,11,9
2026-09-07,PHC-040,Jodhpur PHC-1,Jodhpur,Rajasthan,25.2671,78.6419,Amoxicillin,strips,296.2,16,9,11,11
2026-09-08,PHC-040,Jodhpur PHC-1,Jodhpur,Rajasthan,25.2671,78.6419,Amoxicillin,strips,289.0,16,10,11,8
2026-09-09,PHC-040,Jodhpur PHC-1,Jodhpur,Rajasthan,25.2671,78.6419,Amoxicillin,strips,292.3,16,9,11,7
2026-09-10,PHC-040,Jodhpur PHC-1,Jodhpur,Rajasthan,25.2671,78.6419,Amoxicillin,strips,282.7,16,9,11,7
2026-09-11,PHC-040,Jodhpur PHC-1,Jodhpur,Rajasthan,25.2671,78.6419,Amoxicillin,strips,280.2,16,11,11,9
2026-09-12,PHC-040,Jodhpur PHC-1,Jodhpur,Rajasthan,25.2671,78.6419,Amoxicillin,strips,279.3,16,5,11,9
2026-09-13,PHC-040,Jodhpur PHC-1,Jodhpur,Rajasthan,25.2671,78.6419,Amoxicillin,strips,275.5,16,7,11,8
2026-09-14,PHC-040,Jodhpur PHC-1,Jodhpur,Rajasthan,25.2671,78.6419,Amoxicillin,strips,279.6,16,8,11,9
2026-09-15,PHC-040,Jodhpur PHC-1,Jodhpur,Rajasthan,25.2671,78.6419,Amoxicillin,strips,278.2,16,10,11,9
2026-09-16,PHC-040,Jodhpur PHC-1,Jodhpur,Rajasthan,25.2671,78.6419,Amoxicillin,strips,278.1,16,10,11,9
2026-09-17,PHC-040,Jodhpur PHC-1,Jodhpur,Rajasthan,25.2671,78.6419,Amoxicillin,strips,279.6,16,10,11,11
2026-09-18,PHC-040,Jodhpur PHC-1,Jodhpur,Rajasthan,25.2671,78.6419,Amoxicillin,strips,285.4,16,7,11,7
2026-09-19,PHC-040,Jodhpur PHC-1,Jodhpur,Rajasthan,25.2671,78.6419,Amoxicillin,strips,284.3,16,13,11,7
2026-09-20,PHC-040,Jodhpur PHC-1,Jodhpur,Rajasthan,25.2671,78.6419,Amoxicillin,strips,285.8,16,9,11,9
2026-09-21,PHC-040,Jodhpur PHC-1,Jodhpur,Rajasthan,25.2671,78.6419,Amoxicillin,strips,289.1,16,13,11,9
2026-09-22,PHC-040,Jodhpur PHC-1,Jodhpur,Rajasthan,25.2671,78.6419,Amoxicillin,strips,292.7,16,7,11,11
2026-09-23,PHC-040,Jodhpur PHC-1,Jodhpur,Rajasthan,25.2671,78.6419,Amoxicillin,strips,298.5,16,11,11,6
2026-09-24,PHC-040,Jodhpur PHC-1,Jodhpur,Rajasthan,25.2671,78.6419,Amoxicillin,strips,299.2,16,7,11,8
2026-09-25,PHC-040,Jodhpur PHC-1,Jodhpur,Rajasthan,25.2671,78.6419,Amoxicillin,strips,298.8,16,6,11,10
2026-09-26,PHC-040,Jodhpur PHC-1,Jodhpur,Rajasthan,25.2671,78.6419,Amoxicillin,strips,297.7,16,11,11,9
2026-08-28,PHC-040,Jodhpur PHC-1,Jodhpur,Rajasthan,25.2671,78.6419,Iron Folic Acid Tablets,strips,529.7,16,5,11,9
2026-08-29,PHC-040,Jodhpur PHC-1,Jodhpur,Rajasthan,25.2671,78.6419,Iron Folic Acid Tablets,strips,509.4,16,7,11,10
2026-08-30,PHC-040,Jodhpur PHC-1,Jodhpur,Rajasthan,25.2671,78.6419,Iron Folic Acid Tablets,strips,494.3,16,4,11,10
2026-08-31,PHC-040,Jodhpur PHC-1,Jodhpur,Rajasthan,25.2671,78.6419,Iron Folic Acid Tablets,strips,483.4,16,7,11,8
2026-09-01,PHC-040,Jodhpur PHC-1,Jodhpur,Rajasthan,25.2671,78.6419,Iron Folic Acid Tablets,strips,468.5,16,8,11,9
2026-09-02,PHC-040,Jodhpur PHC-1,Jodhpur,Rajasthan,25.2671,78.6419,Iron Folic Acid Tablets,strips,453.3,16,10,11,8
2026-09-03,PHC-040,Jodhpur PHC-1,Jodhpur,Rajasthan,25.2671,78.6419,Iron Folic Acid Tablets,strips,433.4,16,8,11,8
2026-09-04,PHC-040,Jodhpur PHC-1,Jodhpur,Rajasthan,25.2671,78.6419,Iron Folic Acid Tablets,strips,411.0,16,11,11,9
2026-09-05,PHC-040,Jodhpur PHC-1,Jodhpur,Rajasthan,25.2671,78.6419,Iron Folic Acid Tablets,strips,396.6,16,7,11,9
2026-09-06,PHC-040,Jodhpur PHC-1,Jodhpur,Rajasthan,25.2671,78.6419,Iron Folic Acid Tablets,strips,387.0,16,7,11,9
2026-09-07,PHC-040,Jodhpur PHC-1,Jodhpur,Rajasthan,25.2671,78.6419,Iron Folic Acid Tablets,strips,367.0,16,5,11,8
2026-09-08,PHC-040,Jodhpur PHC-1,Jodhpur,Rajasthan,25.2671,78.6419,Iron Folic Acid Tablets,strips,356.7,16,11,11,8
2026-09-09,PHC-040,Jodhpur PHC-1,Jodhpur,Rajasthan,25.2671,78.6419,Iron Folic Acid Tablets,strips,335.1,16,10,11,9
2026-09-10,PHC-040,Jodhpur PHC-1,Jodhpur,Rajasthan,25.2671,78.6419,Iron Folic Acid Tablets,strips,322.9,16,6,11,8
2026-09-11,PHC-040,Jodhpur PHC-1,Jodhpur,Rajasthan,25.2671,78.6419,Iron Folic Acid Tablets,strips,313.7,16,13,11,10
2026-09-12,PHC-040,Jodhpur PHC-1,Jodhpur,Rajasthan,25.2671,78.6419,Iron Folic Acid Tablets,strips,305.1,16,5,11,8
2026-09-13,PHC-040,Jodhpur PHC-1,Jodhpur,Rajasthan,25.2671,78.6419,Iron Folic Acid Tablets,strips,285.0,16,15,11,8
2026-09-14,PHC-040,Jodhpur PHC-1,Jodhpur,Rajasthan,25.2671,78.6419,Iron Folic Acid Tablets,strips,263.9,16,10,11,9
2026-09-15,PHC-040,Jodhpur PHC-1,Jodhpur,Rajasthan,25.2671,78.6419,Iron Folic Acid Tablets,strips,254.2,16,10,11,9
2026-09-16,PHC-040,Jodhpur PHC-1,Jodhpur,Rajasthan,25.2671,78.6419,Iron Folic Acid Tablets,strips,233.5,16,3,11,10
2026-09-17,PHC-040,Jodhpur PHC-1,Jodhpur,Rajasthan,25.2671,78.6419,Iron Folic Acid Tablets,strips,216.4,16,5,11,9
2026-09-18,PHC-040,Jodhpur PHC-1,Jodhpur,Rajasthan,25.2671,78.6419,Iron Folic Acid Tablets,strips,205.6,16,11,11,10
2026-09-19,PHC-040,Jodhpur PHC-1,Jodhpur,Rajasthan,25.2671,78.6419,Iron Folic Acid Tablets,strips,194.6,16,7,11,8
2026-09-20,PHC-040,Jodhpur PHC-1,Jodhpur,Rajasthan,25.2671,78.6419,Iron Folic Acid Tablets,strips,180.0,16,4,11,9
2026-09-21,PHC-040,Jodhpur PHC-1,Jodhpur,Rajasthan,25.2671,78.6419,Iron Folic Acid Tablets,strips,167.2,16,11,11,10
2026-09-22,PHC-040,Jodhpur PHC-1,Jodhpur,Rajasthan,25.2671,78.6419,Iron Folic Acid Tablets,strips,157.8,16,3,11,11
2026-09-23,PHC-040,Jodhpur PHC-1,Jodhpur,Rajasthan,25.2671,78.6419,Iron Folic Acid Tablets,strips,145.7,16,12,11,7
2026-09-24,PHC-040,Jodhpur PHC-1,Jodhpur,Rajasthan,25.2671,78.6419,Iron Folic Acid Tablets,strips,124.6,16,13,11,8
2026-09-25,PHC-040,Jodhpur PHC-1,Jodhpur,Rajasthan,25.2671,78.6419,Iron Folic Acid Tablets,strips,104.8,16,10,11,10
2026-09-26,PHC-040,Jodhpur PHC-1,Jodhpur,Rajasthan,25.2671,78.6419,Iron Folic Acid Tablets,strips,89.7,16,10,11,8
2026-08-28,PHC-041,Jodhpur PHC-2,Jodhpur,Rajasthan,22.0184,82.9969,Paracetamol,units,648.8,22,17,5,1
2026-08-29,PHC-041,Jodhpur PHC-2,Jodhpur,Rajasthan,22.0184,82.9969,Paracetamol,units,652.4,22,11,5,5
2026-08-30,PHC-041,Jodhpur PHC-2,Jodhpur,Rajasthan,22.0184,82.9969,Paracetamol,units,655.7,22,13,5,4
2026-08-31,PHC-041,Jodhpur PHC-2,Jodhpur,Rajasthan,22.0184,82.9969,Paracetamol,units,660.8,22,15,5,5
2026-09-01,PHC-041,Jodhpur PHC-2,Jodhpur,Rajasthan,22.0184,82.9969,Paracetamol,units,666.8,22,2,5,3
2026-09-02,PHC-041,Jodhpur PHC-2,Jodhpur,Rajasthan,22.0184,82.9969,Paracetamol,units,673.3,22,11,5,3
2026-09-03,PHC-041,Jodhpur PHC-2,Jodhpur,Rajasthan,22.0184,82.9969,Paracetamol,units,678.8,22,8,5,4
2026-09-04,PHC-041,Jodhpur PHC-2,Jodhpur,Rajasthan,22.0184,82.9969,Paracetamol,units,683.7,22,14,5,4
2026-09-05,PHC-041,Jodhpur PHC-2,Jodhpur,Rajasthan,22.0184,82.9969,Paracetamol,units,688.4,22,13,5,3
2026-09-06,PHC-041,Jodhpur PHC-2,Jodhpur,Rajasthan,22.0184,82.9969,Paracetamol,units,693.0,22,15,5,5
2026-09-07,PHC-041,Jodhpur PHC-2,Jodhpur,Rajasthan,22.0184,82.9969,Paracetamol,units,696.7,22,12,5,2
2026-09-08,PHC-041,Jodhpur PHC-2,Jodhpur,Rajasthan,22.0184,82.9969,Paracetamol,units,704.0,22,15,5,3
2026-09-09,PHC-041,Jodhpur PHC-2,Jodhpur,Rajasthan,22.0184,82.9969,Paracetamol,units,709.2,22,15,5,4
2026-09-10,PHC-041,Jodhpur PHC-2,Jodhpur,Rajasthan,22.0184,82.9969,Paracetamol,units,712.2,22,19,5,5
2026-09-11,PHC-041,Jodhpur PHC-2,Jodhpur,Rajasthan,22.0184,82.9969,Paracetamol,units,714.9,22,19,5,4
2026-09-12,PHC-041,Jodhpur PHC-2,Jodhpur,Rajasthan,22.0184,82.9969,Paracetamol,units,722.1,22,10,5,3
2026-09-13,PHC-041,Jodhpur PHC-2,Jodhpur,Rajasthan,22.0184,82.9969,Paracetamol,units,724.6,22,14,5,2
2026-09-14,PHC-041,Jodhpur PHC-2,Jodhpur,Rajasthan,22.0184,82.9969,Paracetamol,units,731.7,22,13,5,5
2026-09-15,PHC-041,Jodhpur PHC-2,Jodhpur,Rajasthan,22.0184,82.9969,Paracetamol,units,737.4,22,14,5,2
2026-09-16,PHC-041,Jodhpur PHC-2,Jodhpur,Rajasthan,22.0184,82.9969,Paracetamol,units,742.4,22,12,5,4
2026-09-17,PHC-041,Jodhpur PHC-2,Jodhpur,Rajasthan,22.0184,82.9969,Paracetamol,units,748.2,22,10,5,3
2026-09-18,PHC-041,Jodhpur PHC-2,Jodhpur,Rajasthan,22.0184,82.9969,Paracetamol,units,753.1,22,14,5,4
2026-09-19,PHC-041,Jodhpur PHC-2,Jodhpur,Rajasthan,22.0184,82.9969,Paracetamol,units,757.3,22,10,5,4
2026-09-20,PHC-041,Jodhpur PHC-2,Jodhpur,Rajasthan,22.0184,82.9969,Paracetamol,units,760.1,22,15,5,4
2026-09-21,PHC-041,Jodhpur PHC-2,Jodhpur,Rajasthan,22.0184,82.9969,Paracetamol,units,764.4,22,11,5,5
2026-09-22,PHC-041,Jodhpur PHC-2,Jodhpur,Rajasthan,22.0184,82.9969,Paracetamol,units,769.8,22,8,5,2
2026-09-23,PHC-041,Jodhpur PHC-2,Jodhpur,Rajasthan,22.0184,82.9969,Paracetamol,units,774.3,22,16,5,3
2026-09-24,PHC-041,Jodhpur PHC-2,Jodhpur,Rajasthan,22.0184,82.9969,Paracetamol,units,777.1,22,13,5,5
2026-09-25,PHC-041,Jodhpur PHC-2,Jodhpur,Rajasthan,22.0184,82.9969,Paracetamol,units,783.4,22,10,5,4
2026-09-26,PHC-041,Jodhpur PHC-2,Jodhpur,Rajasthan,22.0184,82.9969,Paracetamol,units,788.1,22,12,5,4
2026-08-28,PHC-041,Jodhpur PHC-2,Jodhpur,Rajasthan,22.0184,82.9969,ORS Sachets,packets,383.3,22,11,5,3
2026-08-29,PHC-041,Jodhpur PHC-2,Jodhpur,Rajasthan,22.0184,82.9969,ORS Sachets,packets,387.6,22,11,5,1
2026-08-30,PHC-041,Jodhpur PHC-2,Jodhpur,Rajasthan,22.0184,82.9969,ORS Sachets,packets,391.4,22,9,5,4
2026-08-31,PHC-041,Jodhpur PHC-2,Jodhpur,Rajasthan,22.0184,82.9969,ORS Sachets,packets,393.4,22,6,5,3
2026-09-01,PHC-041,Jodhpur PHC-2,Jodhpur,Rajasthan,22.0184,82.9969,ORS Sachets,packets,395.3,22,8,5,5
2026-09-02,PHC-041,Jodhpur PHC-2,Jodhpur,Rajasthan,22.0184,82.9969,ORS Sachets,packets,399.0,22,12,5,3
2026-09-03,PHC-041,Jodhpur PHC-2,Jodhpur,Rajasthan,22.0184,82.9969,ORS Sachets,packets,401.2,22,15,5,5
2026-09-04,PHC-041,Jodhpur PHC-2,Jodhpur,Rajasthan,22.0184,82.9969,ORS Sachets,packets,404.2,22,12,5,2
2026-09-05,PHC-041,Jodhpur PHC-2,Jodhpur,Rajasthan,22.0184,82.9969,ORS Sachets,packets,408.0,22,12,5,4
2026-09-06,PHC-041,Jodhpur PHC-2,Jodhpur,Rajasthan,22.0184,82.9969,ORS Sachets,packets,411.5,22,13,5,5
2026-09-07,PHC-041,Jodhpur PHC-2,Jodhpur,Rajasthan,22.0184,82.9969,ORS Sachets,packets,413.6,22,11,5,3
2026-09-08,PHC-041,Jodhpur PHC-2,Jodhpur,Rajasthan,22.0184,82.9969,ORS Sachets,packets,418.1,22,12,5,2
2026-09-09,PHC-041,Jodhpur PHC-2,Jodhpur,Rajasthan,22.0184,82.9969,ORS Sachets,packets,420.1,22,12,5,3
2026-09-10,PHC-041,Jodhpur PHC-2,Jodhpur,Rajasthan,22.0184,82.9969,ORS Sachets,packets,422.2,22,14,5,4
2026-09-11,PHC-041,Jodhpur PHC-2,Jodhpur,Rajasthan,22.0184,82.9969,ORS Sachets,packets,425.8,22,15,5,3
2026-09-12,PHC-041,Jodhpur PHC-2,Jodhpur,Rajasthan,22.0184,82.9969,ORS Sachets,packets,430.1,22,15,5,4
2026-09-13,PHC-041,Jodhpur PHC-2,Jodhpur,Rajasthan,22.0184,82.9969,ORS Sachets,packets,432.9,22,16,5,5
2026-09-14,PHC-041,Jodhpur PHC-2,Jodhpur,Rajasthan,22.0184,82.9969,ORS Sachets,packets,437.0,22,18,5,5
2026-09-15,PHC-041,Jodhpur PHC-2,Jodhpur,Rajasthan,22.0184,82.9969,ORS Sachets,packets,440.7,22,14,5,3
2026-09-16,PHC-041,Jodhpur PHC-2,Jodhpur,Rajasthan,22.0184,82.9969,ORS Sachets,packets,444.4,22,13,5,4
2026-09-17,PHC-041,Jodhpur PHC-2,Jodhpur,Rajasthan,22.0184,82.9969,ORS Sachets,packets,446.3,22,6,5,3
2026-09-18,PHC-041,Jodhpur PHC-2,Jodhpur,Rajasthan,22.0184,82.9969,ORS Sachets,packets,450.5,22,9,5,4
2026-09-19,PHC-041,Jodhpur PHC-2,Jodhpur,Rajasthan,22.0184,82.9969,ORS Sachets,packets,453.3,22,16,5,5
2026-09-20,PHC-041,Jodhpur PHC-2,Jodhpur,Rajasthan,22.0184,82.9969,ORS Sachets,packets,457.5,22,13,5,4
2026-09-21,PHC-041,Jodhpur PHC-2,Jodhpur,Rajasthan,22.0184,82.9969,ORS Sachets,packets,461.9,22,14,5,5
2026-09-22,PHC-041,Jodhpur PHC-2,Jodhpur,Rajasthan,22.0184,82.9969,ORS Sachets,packets,464.5,22,14,5,4
2026-09-23,PHC-041,Jodhpur PHC-2,Jodhpur,Rajasthan,22.0184,82.9969,ORS Sachets,packets,466.4,22,5,5,4
2026-09-24,PHC-041,Jodhpur PHC-2,Jodhpur,Rajasthan,22.0184,82.9969,ORS Sachets,packets,468.8,22,18,5,4
2026-09-25,PHC-041,Jodhpur PHC-2,Jodhpur,Rajasthan,22.0184,82.9969,ORS Sachets,packets,473.1,22,6,5,4
2026-09-26,PHC-041,Jodhpur PHC-2,Jodhpur,Rajasthan,22.0184,82.9969,ORS Sachets,packets,475.2,22,12,5,4
2026-08-28,PHC-041,Jodhpur PHC-2,Jodhpur,Rajasthan,22.0184,82.9969,Insulin,vials,116.0,22,7,5,2
2026-08-29,PHC-041,Jodhpur PHC-2,Jodhpur,Rajasthan,22.0184,82.9969,Insulin,vials,112.8,22,16,5,2
2026-08-30,PHC-041,Jodhpur PHC-2,Jodhpur,Rajasthan,22.0184,82.9969,Insulin,vials,110.9,22,13,5,2
2026-08-31,PHC-041,Jodhpur PHC-2,Jodhpur,Rajasthan,22.0184,82.9969,Insulin,vials,108.4,22,13,5,4
2026-09-01,PHC-041,Jodhpur PHC-2,Jodhpur,Rajasthan,22.0184,82.9969,Insulin,vials,105.0,22,19,5,3
2026-09-02,PHC-041,Jodhpur PHC-2,Jodhpur,Rajasthan,22.0184,82.9969,Insulin,vials,101.2,22,14,5,5
2026-09-03,PHC-041,Jodhpur PHC-2,Jodhpur,Rajasthan,22.0184,82.9969,Insulin,vials,97.5,22,16,5,3
2026-09-04,PHC-041,Jodhpur PHC-2,Jodhpur,Rajasthan,22.0184,82.9969,Insulin,vials,95.9,22,9,5,4
2026-09-05,PHC-041,Jodhpur PHC-2,Jodhpur,Rajasthan,22.0184,82.9969,Insulin,vials,92.2,22,15,5,5
2026-09-06,PHC-041,Jodhpur PHC-2,Jodhpur,Rajasthan,22.0184,82.9969,Insulin,vials,90.5,22,6,5,4
2026-09-07,PHC-041,Jodhpur PHC-2,Jodhpur,Rajasthan,22.0184,82.9969,Insulin,vials,89.1,22,13,5,4
2026-09-08,PHC-041,Jodhpur PHC-2,Jodhpur,Rajasthan,22.0184,82.9969,Insulin,vials,86.7,22,13,5,4
2026-09-09,PHC-041,Jodhpur PHC-2,Jodhpur,Rajasthan,22.0184,82.9969,Insulin,vials,85.2,22,7,5,4
2026-09-10,PHC-041,Jodhpur PHC-2,Jodhpur,Rajasthan,22.0184,82.9969,Insulin,vials,83.2,22,9,5,4
2026-09-11,PHC-041,Jodhpur PHC-2,Jodhpur,Rajasthan,22.0184,82.9969,Insulin,vials,81.2,22,11,5,3
2026-09-12,PHC-041,Jodhpur PHC-2,Jodhpur,Rajasthan,22.0184,82.9969,Insulin,vials,78.5,22,12,5,3
2026-09-13,PHC-041,Jodhpur PHC-2,Jodhpur,Rajasthan,22.0184,82.9969,Insulin,vials,76.7,22,12,5,5
2026-09-14,PHC-041,Jodhpur PHC-2,Jodhpur,Rajasthan,22.0184,82.9969,Insulin,vials,74.3,22,12,5,4
2026-09-15,PHC-041,Jodhpur PHC-2,Jodhpur,Rajasthan,22.0184,82.9969,Insulin,vials,72.4,22,14,5,4
2026-09-16,PHC-041,Jodhpur PHC-2,Jodhpur,Rajasthan,22.0184,82.9969,Insulin,vials,71.0,22,12,5,4
2026-09-17,PHC-041,Jodhpur PHC-2,Jodhpur,Rajasthan,22.0184,82.9969,Insulin,vials,68.3,22,8,5,4
2026-09-18,PHC-041,Jodhpur PHC-2,Jodhpur,Rajasthan,22.0184,82.9969,Insulin,vials,65.9,22,12,5,5
2026-09-19,PHC-041,Jodhpur PHC-2,Jodhpur,Rajasthan,22.0184,82.9969,Insulin,vials,62.4,22,7,5,3
2026-09-20,PHC-041,Jodhpur PHC-2,Jodhpur,Rajasthan,22.0184,82.9969,Insulin,vials,60.2,22,14,5,3
2026-09-21,PHC-041,Jodhpur PHC-2,Jodhpur,Rajasthan,22.0184,82.9969,Insulin,vials,58.0,22,16,5,3
2026-09-22,PHC-041,Jodhpur PHC-2,Jodhpur,Rajasthan,22.0184,82.9969,Insulin,vials,56.4,22,14,5,5
2026-09-23,PHC-041,Jodhpur PHC-2,Jodhpur,Rajasthan,22.0184,82.9969,Insulin,vials,53.6,22,14,5,1
2026-09-24,PHC-041,Jodhpur PHC-2,Jodhpur,Rajasthan,22.0184,82.9969,Insulin,vials,51.7,22,16,5,5
2026-09-25,PHC-041,Jodhpur PHC-2,Jodhpur,Rajasthan,22.0184,82.9969,Insulin,vials,50.3,22,9,5,3
2026-09-26,PHC-041,Jodhpur PHC-2,Jodhpur,Rajasthan,22.0184,82.9969,Insulin,vials,47.4,22,10,5,3
2026-08-28,PHC-041,Jodhpur PHC-2,Jodhpur,Rajasthan,22.0184,82.9969,Amoxicillin,strips,370.6,22,10,5,3
2026-08-29,PHC-041,Jodhpur PHC-2,Jodhpur,Rajasthan,22.0184,82.9969,Amoxicillin,strips,356.9,22,9,5,3
2026-08-30,PHC-041,Jodhpur PHC-2,Jodhpur,Rajasthan,22.0184,82.9969,Amoxicillin,strips,350.9,22,12,5,2
2026-08-31,PHC-041,Jodhpur PHC-2,Jodhpur,Rajasthan,22.0184,82.9969,Amoxicillin,strips,340.7,22,14,5,2
2026-09-01,PHC-041,Jodhpur PHC-2,Jodhpur,Rajasthan,22.0184,82.9969,Amoxicillin,strips,327.2,22,10,5,5
2026-09-02,PHC-041,Jodhpur PHC-2,Jodhpur,Rajasthan,22.0184,82.9969,Amoxicillin,strips,321.7,22,12,5,4
2026-09-03,PHC-041,Jodhpur PHC-2,Jodhpur,Rajasthan,22.0184,82.9969,Amoxicillin,strips,315.7,22,17,5,5
2026-09-04,PHC-041,Jodhpur PHC-2,Jodhpur,Rajasthan,22.0184,82.9969,Amoxicillin,strips,303.6,22,13,5,5
2026-09-05,PHC-041,Jodhpur PHC-2,Jodhpur,Rajasthan,22.0184,82.9969,Amoxicillin,strips,294.4,22,18,5,5
2026-09-06,PHC-041,Jodhpur PHC-2,Jodhpur,Rajasthan,22.0184,82.9969,Amoxicillin,strips,283.8,22,11,5,3
2026-09-07,PHC-041,Jodhpur PHC-2,Jodhpur,Rajasthan,22.0184,82.9969,Amoxicillin,strips,275.1,22,17,5,3
2026-09-08,PHC-041,Jodhpur PHC-2,Jodhpur,Rajasthan,22.0184,82.9969,Amoxicillin,strips,262.9,22,16,5,2
2026-09-09,PHC-041,Jodhpur PHC-2,Jodhpur,Rajasthan,22.0184,82.9969,Amoxicillin,strips,247.9,22,18,5,4
2026-09-10,PHC-041,Jodhpur PHC-2,Jodhpur,Rajasthan,22.0184,82.9969,Amoxicillin,strips,238.1,22,9,5,4
2026-09-11,PHC-041,Jodhpur PHC-2,Jodhpur,Rajasthan,22.0184,82.9969,Amoxicillin,strips,230.7,22,15,5,4
2026-09-12,PHC-041,Jodhpur PHC-2,Jodhpur,Rajasthan,22.0184,82.9969,Amoxicillin,strips,224.8,22,17,5,4
2026-09-13,PHC-041,Jodhpur PHC-2,Jodhpur,Rajasthan,22.0184,82.9969,Amoxicillin,strips,214.7,22,12,5,5
2026-09-14,PHC-041,Jodhpur PHC-2,Jodhpur,Rajasthan,22.0184,82.9969,Amoxicillin,strips,200.0,22,16,5,3
2026-09-15,PHC-041,Jodhpur PHC-2,Jodhpur,Rajasthan,22.0184,82.9969,Amoxicillin,strips,192.8,22,21,5,5
2026-09-16,PHC-041,Jodhpur PHC-2,Jodhpur,Rajasthan,22.0184,82.9969,Amoxicillin,strips,179.5,22,10,5,4
2026-09-17,PHC-041,Jodhpur PHC-2,Jodhpur,Rajasthan,22.0184,82.9969,Amoxicillin,strips,170.5,22,16,5,5
2026-09-18,PHC-041,Jodhpur PHC-2,Jodhpur,Rajasthan,22.0184,82.9969,Amoxicillin,strips,161.0,22,18,5,5
2026-09-19,PHC-041,Jodhpur PHC-2,Jodhpur,Rajasthan,22.0184,82.9969,Amoxicillin,strips,146.5,22,15,5,3
2026-09-20,PHC-041,Jodhpur PHC-2,Jodhpur,Rajasthan,22.0184,82.9969,Amoxicillin,strips,137.2,22,9,5,3
2026-09-21,PHC-041,Jodhpur PHC-2,Jodhpur,Rajasthan,22.0184,82.9969,Amoxicillin,strips,131.8,22,7,5,4
2026-09-22,PHC-041,Jodhpur PHC-2,Jodhpur,Rajasthan,22.0184,82.9969,Amoxicillin,strips,123.1,22,13,5,1
2026-09-23,PHC-041,Jodhpur PHC-2,Jodhpur,Rajasthan,22.0184,82.9969,Amoxicillin,strips,108.2,22,8,5,3
2026-09-24,PHC-041,Jodhpur PHC-2,Jodhpur,Rajasthan,22.0184,82.9969,Amoxicillin,strips,98.3,22,5,5,3
2026-09-25,PHC-041,Jodhpur PHC-2,Jodhpur,Rajasthan,22.0184,82.9969,Amoxicillin,strips,91.8,22,10,5,3
2026-09-26,PHC-041,Jodhpur PHC-2,Jodhpur,Rajasthan,22.0184,82.9969,Amoxicillin,strips,79.2,22,14,5,5
2026-08-28,PHC-041,Jodhpur PHC-2,Jodhpur,Rajasthan,22.0184,82.9969,Iron Folic Acid Tablets,strips,532.4,22,19,5,2
2026-08-29,PHC-041,Jodhpur PHC-2,Jodhpur,Rajasthan,22.0184,82.9969,Iron Folic Acid Tablets,strips,510.8,22,13,5,3
2026-08-30,PHC-041,Jodhpur PHC-2,Jodhpur,Rajasthan,22.0184,82.9969,Iron Folic Acid Tablets,strips,499.6,22,14,5,5
2026-08-31,PHC-041,Jodhpur PHC-2,Jodhpur,Rajasthan,22.0184,82.9969,Iron Folic Acid Tablets,strips,481.1,22,17,5,2
2026-09-01,PHC-041,Jodhpur PHC-2,Jodhpur,Rajasthan,22.0184,82.9969,Iron Folic Acid Tablets,strips,465.9,22,10,5,5
2026-09-02,PHC-041,Jodhpur PHC-2,Jodhpur,Rajasthan,22.0184,82.9969,Iron Folic Acid Tablets,strips,442.6,22,10,5,2
2026-09-03,PHC-041,Jodhpur PHC-2,Jodhpur,Rajasthan,22.0184,82.9969,Iron Folic Acid Tablets,strips,432.9,22,12,5,4
2026-09-04,PHC-041,Jodhpur PHC-2,Jodhpur,Rajasthan,22.0184,82.9969,Iron Folic Acid Tablets,strips,417.9,22,16,5,2
2026-09-05,PHC-041,Jodhpur PHC-2,Jodhpur,Rajasthan,22.0184,82.9969,Iron Folic Acid Tablets,strips,407.0,22,10,5,4
2026-09-06,PHC-041,Jodhpur PHC-2,Jodhpur,Rajasthan,22.0184,82.9969,Iron Folic Acid Tablets,strips,384.5,22,18,5,4
2026-09-07,PHC-041,Jodhpur PHC-2,Jodhpur,Rajasthan,22.0184,82.9969,Iron Folic Acid Tablets,strips,364.4,22,16,5,3
2026-09-08,PHC-041,Jodhpur PHC-2,Jodhpur,Rajasthan,22.0184,82.9969,Iron Folic Acid Tablets,strips,341.4,22,16,5,1
2026-09-09,PHC-041,Jodhpur PHC-2,Jodhpur,Rajasthan,22.0184,82.9969,Iron Folic Acid Tablets,strips,320.5,22,10,5,3
2026-09-10,PHC-041,Jodhpur PHC-2,Jodhpur,Rajasthan,22.0184,82.9969,Iron Folic Acid Tablets,strips,303.0,22,11,5,5
2026-09-11,PHC-041,Jodhpur PHC-2,Jodhpur,Rajasthan,22.0184,82.9969,Iron Folic Acid Tablets,strips,287.1,22,14,5,3
2026-09-12,PHC-041,Jodhpur PHC-2,Jodhpur,Rajasthan,22.0184,82.9969,Iron Folic Acid Tablets,strips,267.0,22,18,5,5
2026-09-13,PHC-041,Jodhpur PHC-2,Jodhpur,Rajasthan,22.0184,82.9969,Iron Folic Acid Tablets,strips,258.6,22,9,5,3
2026-09-14,PHC-041,Jodhpur PHC-2,Jodhpur,Rajasthan,22.0184,82.9969,Iron Folic Acid Tablets,strips,247.2,22,17,5,4
2026-09-15,PHC-041,Jodhpur PHC-2,Jodhpur,Rajasthan,22.0184,82.9969,Iron Folic Acid Tablets,strips,226.5,22,15,5,5
2026-09-16,PHC-041,Jodhpur PHC-2,Jodhpur,Rajasthan,22.0184,82.9969,Iron Folic Acid Tablets,strips,204.9,22,19,5,2
2026-09-17,PHC-041,Jodhpur PHC-2,Jodhpur,Rajasthan,22.0184,82.9969,Iron Folic Acid Tablets,strips,189.8,22,9,5,5
2026-09-18,PHC-041,Jodhpur PHC-2,Jodhpur,Rajasthan,22.0184,82.9969,Iron Folic Acid Tablets,strips,177.4,22,19,5,4
2026-09-19,PHC-041,Jodhpur PHC-2,Jodhpur,Rajasthan,22.0184,82.9969,Iron Folic Acid Tablets,strips,155.4,22,11,5,3
2026-09-20,PHC-041,Jodhpur PHC-2,Jodhpur,Rajasthan,22.0184,82.9969,Iron Folic Acid Tablets,strips,145.2,22,17,5,5
2026-09-21,PHC-041,Jodhpur PHC-2,Jodhpur,Rajasthan,22.0184,82.9969,Iron Folic Acid Tablets,strips,122.2,22,13,5,4
2026-09-22,PHC-041,Jodhpur PHC-2,Jodhpur,Rajasthan,22.0184,82.9969,Iron Folic Acid Tablets,strips,109.4,22,14,5,5
2026-09-23,PHC-041,Jodhpur PHC-2,Jodhpur,Rajasthan,22.0184,82.9969,Iron Folic Acid Tablets,strips,87.0,22,17,5,3
2026-09-24,PHC-041,Jodhpur PHC-2,Jodhpur,Rajasthan,22.0184,82.9969,Iron Folic Acid Tablets,strips,75.3,22,10,5,4
2026-09-25,PHC-041,Jodhpur PHC-2,Jodhpur,Rajasthan,22.0184,82.9969,Iron Folic Acid Tablets,strips,59.1,22,16,5,5
2026-09-26,PHC-041,Jodhpur PHC-2,Jodhpur,Rajasthan,22.0184,82.9969,Iron Folic Acid Tablets,strips,38.2,22,10,5,2
2026-08-28,PHC-042,Jodhpur PHC-3,Jodhpur,Rajasthan,17.9794,70.8323,Paracetamol,units,387.0,13,4,9,9
2026-08-29,PHC-042,Jodhpur PHC-3,Jodhpur,Rajasthan,17.9794,70.8323,Paracetamol,units,371.7,13,8,9,6
2026-08-30,PHC-042,Jodhpur PHC-3,Jodhpur,Rajasthan,17.9794,70.8323,Paracetamol,units,363.6,13,9,9,8
2026-08-31,PHC-042,Jodhpur PHC-3,Jodhpur,Rajasthan,17.9794,70.8323,Paracetamol,units,353.1,13,7,9,6
2026-09-01,PHC-042,Jodhpur PHC-3,Jodhpur,Rajasthan,17.9794,70.8323,Paracetamol,units,333.7,13,9,9,7
2026-09-02,PHC-042,Jodhpur PHC-3,Jodhpur,Rajasthan,17.9794,70.8323,Paracetamol,units,319.2,13,8,9,7
2026-09-03,PHC-042,Jodhpur PHC-3,Jodhpur,Rajasthan,17.9794,70.8323,Paracetamol,units,312.3,13,5,9,6
2026-09-04,PHC-042,Jodhpur PHC-3,Jodhpur,Rajasthan,17.9794,70.8323,Paracetamol,units,304.0,13,7,9,9
2026-09-05,PHC-042,Jodhpur PHC-3,Jodhpur,Rajasthan,17.9794,70.8323,Paracetamol,units,285.0,13,5,9,5
2026-09-06,PHC-042,Jodhpur PHC-3,Jodhpur,Rajasthan,17.9794,70.8323,Paracetamol,units,276.1,13,7,9,9
2026-09-07,PHC-042,Jodhpur PHC-3,Jodhpur,Rajasthan,17.9794,70.8323,Paracetamol,units,265.9,13,3,9,6
2026-09-08,PHC-042,Jodhpur PHC-3,Jodhpur,Rajasthan,17.9794,70.8323,Paracetamol,units,250.8,13,8,9,6
2026-09-09,PHC-042,Jodhpur PHC-3,Jodhpur,Rajasthan,17.9794,70.8323,Paracetamol,units,244.2,13,5,9,7
2026-09-10,PHC-042,Jodhpur PHC-3,Jodhpur,Rajasthan,17.9794,70.8323,Paracetamol,units,225.9,13,10,9,7
2026-09-11,PHC-042,Jodhpur PHC-3,Jodhpur,Rajasthan,17.9794,70.8323,Paracetamol,units,218.2,13,10,9,7
2026-09-12,PHC-042,Jodhpur PHC-3,Jodhpur,Rajasthan,17.9794,70.8323,Paracetamol,units,199.6,13,6,9,7
2026-09-13,PHC-042,Jodhpur PHC-3,Jodhpur,Rajasthan,17.9794,70.8323,Paracetamol,units,191.6,13,8,9,8
2026-09-14,PHC-042,Jodhpur PHC-3,Jodhpur,Rajasthan,17.9794,70.8323,Paracetamol,units,176.0,13,6,9,8
2026-09-15,PHC-042,Jodhpur PHC-3,Jodhpur,Rajasthan,17.9794,70.8323,Paracetamol,units,166.5,13,4,9,8
2026-09-16,PHC-042,Jodhpur PHC-3,Jodhpur,Rajasthan,17.9794,70.8323,Paracetamol,units,149.8,13,7,9,8
2026-09-17,PHC-042,Jodhpur PHC-3,Jodhpur,Rajasthan,17.9794,70.8323,Paracetamol,units,133.1,13,7,9,6
2026-09-18,PHC-042,Jodhpur PHC-3,Jodhpur,Rajasthan,17.9794,70.8323,Paracetamol,units,122.2,13,8,9,7
2026-09-19,PHC-042,Jodhpur PHC-3,Jodhpur,Rajasthan,17.9794,70.8323,Paracetamol,units,115.1,13,6,9,8
2026-09-20,PHC-042,Jodhpur PHC-3,Jodhpur,Rajasthan,17.9794,70.8323,Paracetamol,units,105.0,13,9,9,8
2026-09-21,PHC-042,Jodhpur PHC-3,Jodhpur,Rajasthan,17.9794,70.8323,Paracetamol,units,98.2,13,9,9,7
2026-09-22,PHC-042,Jodhpur PHC-3,Jodhpur,Rajasthan,17.9794,70.8323,Paracetamol,units,86.4,13,3,9,6
2026-09-23,PHC-042,Jodhpur PHC-3,Jodhpur,Rajasthan,17.9794,70.8323,Paracetamol,units,72.5,13,7,9,7
2026-09-24,PHC-042,Jodhpur PHC-3,Jodhpur,Rajasthan,17.9794,70.8323,Paracetamol,units,64.2,13,8,9,6
2026-09-25,PHC-042,Jodhpur PHC-3,Jodhpur,Rajasthan,17.9794,70.8323,Paracetamol,units,51.9,13,11,9,7
2026-09-26,PHC-042,Jodhpur PHC-3,Jodhpur,Rajasthan,17.9794,70.8323,Paracetamol,units,42.5,13,6,9,7
2026-08-28,PHC-042,Jodhpur PHC-3,Jodhpur,Rajasthan,17.9794,70.8323,ORS Sachets,packets,233.5,13,9,9,9
2026-08-29,PHC-042,Jodhpur PHC-3,Jodhpur,Rajasthan,17.9794,70.8323,ORS Sachets,packets,209.4,13,8,9,6
2026-08-30,PHC-042,Jodhpur PHC-3,Jodhpur,Rajasthan,17.9794,70.8323,ORS Sachets,packets,188.6,13,4,9,5
2026-08-31,PHC-042,Jodhpur PHC-3,Jodhpur,Rajasthan,17.9794,70.8323,ORS Sachets,packets,174.8,13,8,9,9
2026-09-01,PHC-042,Jodhpur PHC-3,Jodhpur,Rajasthan,17.9794,70.8323,ORS Sachets,packets,156.6,13,5,9,7
2026-09-02,PHC-042,Jodhpur PHC-3,Jodhpur,Rajasthan,17.9794,70.8323,ORS Sachets,packets,133.6,13,6,9,8
2026-09-03,PHC-042,Jodhpur PHC-3,Jodhpur,Rajasthan,17.9794,70.8323,ORS Sachets,packets,111.4,13,8,9,8
2026-09-04,PHC-042,Jodhpur PHC-3,Jodhpur,Rajasthan,17.9794,70.8323,ORS Sachets,packets,98.4,13,8,9,8
2026-09-05,PHC-042,Jodhpur PHC-3,Jodhpur,Rajasthan,17.9794,70.8323,ORS Sachets,packets,85.5,13,7,9,9
2026-09-06,PHC-042,Jodhpur PHC-3,Jodhpur,Rajasthan,17.9794,70.8323,ORS Sachets,packets,61.6,13,7,9,9
2026-09-07,PHC-042,Jodhpur PHC-3,Jodhpur,Rajasthan,17.9794,70.8323,ORS Sachets,packets,38.8,13,7,9,7
2026-09-08,PHC-042,Jodhpur PHC-3,Jodhpur,Rajasthan,17.9794,70.8323,ORS Sachets,packets,18.4,13,9,9,8
2026-09-09,PHC-042,Jodhpur PHC-3,Jodhpur,Rajasthan,17.9794,70.8323,ORS Sachets,packets,0.0,13,9,9,8
2026-09-10,PHC-042,Jodhpur PHC-3,Jodhpur,Rajasthan,17.9794,70.8323,ORS Sachets,packets,0.0,13,6,9,8
2026-09-11,PHC-042,Jodhpur PHC-3,Jodhpur,Rajasthan,17.9794,70.8323,ORS Sachets,packets,0.0,13,11,9,7
2026-09-12,PHC-042,Jodhpur PHC-3,Jodhpur,Rajasthan,17.9794,70.8323,ORS Sachets,packets,0.0,13,11,9,7
2026-09-13,PHC-042,Jodhpur PHC-3,Jodhpur,Rajasthan,17.9794,70.8323,ORS Sachets,packets,0.0,13,6,9,8
2026-09-14,PHC-042,Jodhpur PHC-3,Jodhpur,Rajasthan,17.9794,70.8323,ORS Sachets,packets,0.0,13,6,9,6
2026-09-15,PHC-042,Jodhpur PHC-3,Jodhpur,Rajasthan,17.9794,70.8323,ORS Sachets,packets,0.0,13,6,9,8
2026-09-16,PHC-042,Jodhpur PHC-3,Jodhpur,Rajasthan,17.9794,70.8323,ORS Sachets,packets,0.0,13,10,9,7
2026-09-17,PHC-042,Jodhpur PHC-3,Jodhpur,Rajasthan,17.9794,70.8323,ORS Sachets,packets,0.0,13,8,9,7
2026-09-18,PHC-042,Jodhpur PHC-3,Jodhpur,Rajasthan,17.9794,70.8323,ORS Sachets,packets,0.0,13,11,9,8
2026-09-19,PHC-042,Jodhpur PHC-3,Jodhpur,Rajasthan,17.9794,70.8323,ORS Sachets,packets,0.0,13,9,9,7
2026-09-20,PHC-042,Jodhpur PHC-3,Jodhpur,Rajasthan,17.9794,70.8323,ORS Sachets,packets,0.0,13,5,9,8
2026-09-21,PHC-042,Jodhpur PHC-3,Jodhpur,Rajasthan,17.9794,70.8323,ORS Sachets,packets,0.0,13,6,9,4
2026-09-22,PHC-042,Jodhpur PHC-3,Jodhpur,Rajasthan,17.9794,70.8323,ORS Sachets,packets,0.0,13,5,9,6
2026-09-23,PHC-042,Jodhpur PHC-3,Jodhpur,Rajasthan,17.9794,70.8323,ORS Sachets,packets,0.0,13,5,9,6
2026-09-24,PHC-042,Jodhpur PHC-3,Jodhpur,Rajasthan,17.9794,70.8323,ORS Sachets,packets,0.0,13,9,9,7
2026-09-25,PHC-042,Jodhpur PHC-3,Jodhpur,Rajasthan,17.9794,70.8323,ORS Sachets,packets,0.0,13,5,9,5
2026-09-26,PHC-042,Jodhpur PHC-3,Jodhpur,Rajasthan,17.9794,70.8323,ORS Sachets,packets,0.0,13,4,9,8
2026-08-28,PHC-042,Jodhpur PHC-3,Jodhpur,Rajasthan,17.9794,70.8323,Insulin,vials,122.5,13,3,9,8
2026-08-29,PHC-042,Jodhpur PHC-3,Jodhpur,Rajasthan,17.9794,70.8323,Insulin,vials,114.0,13,9,9,6
2026-08-30,PHC-042,Jodhpur PHC-3,Jodhpur,Rajasthan,17.9794,70.8323,Insulin,vials,110.1,13,8,9,7
2026-08-31,PHC-042,Jodhpur PHC-3,Jodhpur,Rajasthan,17.9794,70.8323,Insulin,vials,101.8,13,5,9,6
2026-09-01,PHC-042,Jodhpur PHC-3,Jodhpur,Rajasthan,17.9794,70.8323,Insulin,vials,94.8,13,10,9,9
2026-09-02,PHC-042,Jodhpur PHC-3,Jodhpur,Rajasthan,17.9794,70.8323,Insulin,vials,88.1,13,7,9,7
2026-09-03,PHC-042,Jodhpur PHC-3,Jodhpur,Rajasthan,17.9794,70.8323,Insulin,vials,83.6,13,6,9,6
2026-09-04,PHC-042,Jodhpur PHC-3,Jodhpur,Rajasthan,17.9794,70.8323,Insulin,vials,78.9,13,9,9,8
2026-09-05,PHC-042,Jodhpur PHC-3,Jodhpur,Rajasthan,17.9794,70.8323,Insulin,vials,72.3,13,7,9,6
2026-09-06,PHC-042,Jodhpur PHC-3,Jodhpur,Rajasthan,17.9794,70.8323,Insulin,vials,68.5,13,6,9,8
2026-09-07,PHC-042,Jodhpur PHC-3,Jodhpur,Rajasthan,17.9794,70.8323,Insulin,vials,63.9,13,7,9,8
2026-09-08,PHC-042,Jodhpur PHC-3,Jodhpur,Rajasthan,17.9794,70.8323,Insulin,vials,55.8,13,9,9,6
2026-09-09,PHC-042,Jodhpur PHC-3,Jodhpur,Rajasthan,17.9794,70.8323,Insulin,vials,50.4,13,7,9,8
2026-09-10,PHC-042,Jodhpur PHC-3,Jodhpur,Rajasthan,17.9794,70.8323,Insulin,vials,43.1,13,4,9,8
2026-09-11,PHC-042,Jodhpur PHC-3,Jodhpur,Rajasthan,17.9794,70.8323,Insulin,vials,36.9,13,7,9,6
2026-09-12,PHC-042,Jodhpur PHC-3,Jodhpur,Rajasthan,17.9794,70.8323,Insulin,vials,28.9,13,8,9,7
2026-09-13,PHC-042,Jodhpur PHC-3,Jodhpur,Rajasthan,17.9794,70.8323,Insulin,vials,21.5,13,8,9,6
2026-09-14,PHC-042,Jodhpur PHC-3,Jodhpur,Rajasthan,17.9794,70.8323,Insulin,vials,13.7,13,5,9,7
2026-09-15,PHC-042,Jodhpur PHC-3,Jodhpur,Rajasthan,17.9794,70.8323,Insulin,vials,8.0,13,8,9,7
2026-09-16,PHC-042,Jodhpur PHC-3,Jodhpur,Rajasthan,17.9794,70.8323,Insulin,vials,1.2,13,8,9,7
2026-09-17,PHC-042,Jodhpur PHC-3,Jodhpur,Rajasthan,17.9794,70.8323,Insulin,vials,0.0,13,5,9,7
2026-09-18,PHC-042,Jodhpur PHC-3,Jodhpur,Rajasthan,17.9794,70.8323,Insulin,vials,0.0,13,8,9,6
2026-09-19,PHC-042,Jodhpur PHC-3,Jodhpur,Rajasthan,17.9794,70.8323,Insulin,vials,0.0,13,3,9,9
2026-09-20,PHC-042,Jodhpur PHC-3,Jodhpur,Rajasthan,17.9794,70.8323,Insulin,vials,0.0,13,5,9,8
2026-09-21,PHC-042,Jodhpur PHC-3,Jodhpur,Rajasthan,17.9794,70.8323,Insulin,vials,0.0,13,7,9,8
2026-09-22,PHC-042,Jodhpur PHC-3,Jodhpur,Rajasthan,17.9794,70.8323,Insulin,vials,0.0,13,7,9,7
2026-09-23,PHC-042,Jodhpur PHC-3,Jodhpur,Rajasthan,17.9794,70.8323,Insulin,vials,0.0,13,4,9,7
2026-09-24,PHC-042,Jodhpur PHC-3,Jodhpur,Rajasthan,17.9794,70.8323,Insulin,vials,0.0,13,9,9,6
2026-09-25,PHC-042,Jodhpur PHC-3,Jodhpur,Rajasthan,17.9794,70.8323,Insulin,vials,0.0,13,10,9,8
2026-09-26,PHC-042,Jodhpur PHC-3,Jodhpur,Rajasthan,17.9794,70.8323,Insulin,vials,0.0,13,8,9,8
2026-08-28,PHC-042,Jodhpur PHC-3,Jodhpur,Rajasthan,17.9794,70.8323,Amoxicillin,strips,276.7,13,9,9,6
2026-08-29,PHC-042,Jodhpur PHC-3,Jodhpur,Rajasthan,17.9794,70.8323,Amoxicillin,strips,262.3,13,8,9,6
2026-08-30,PHC-042,Jodhpur PHC-3,Jodhpur,Rajasthan,17.9794,70.8323,Amoxicillin,strips,252.5,13,8,9,6
2026-08-31,PHC-042,Jodhpur PHC-3,Jodhpur,Rajasthan,17.9794,70.8323,Amoxicillin,strips,238.4,13,5,9,6
2026-09-01,PHC-042,Jodhpur PHC-3,Jodhpur,Rajasthan,17.9794,70.8323,Amoxicillin,strips,230.8,13,4,9,7
2026-09-02,PHC-042,Jodhpur PHC-3,Jodhpur,Rajasthan,17.9794,70.8323,Amoxicillin,strips,220.7,13,7,9,9
2026-09-03,PHC-042,Jodhpur PHC-3,Jodhpur,Rajasthan,17.9794,70.8323,Amoxicillin,strips,214.4,13,7,9,7
2026-09-04,PHC-042,Jodhpur PHC-3,Jodhpur,Rajasthan,17.9794,70.8323,Amoxicillin,strips,198.9,13,7,9,7
2026-09-05,PHC-042,Jodhpur PHC-3,Jodhpur,Rajasthan,17.9794,70.8323,Amoxicillin,strips,188.3,13,12,9,7
2026-09-06,PHC-042,Jodhpur PHC-3,Jodhpur,Rajasthan,17.9794,70.8323,Amoxicillin,strips,174.9,13,10,9,8
2026-09-07,PHC-042,Jodhpur PHC-3,Jodhpur,Rajasthan,17.9794,70.8323,Amoxicillin,strips,168.3,13,7,9,7
2026-09-08,PHC-042,Jodhpur PHC-3,Jodhpur,Rajasthan,17.9794,70.8323,Amoxicillin,strips,158.9,13,7,9,8
2026-09-09,PHC-042,Jodhpur PHC-3,Jodhpur,Rajasthan,17.9794,70.8323,Amoxicillin,strips,148.6,13,8,9,9
2026-09-10,PHC-042,Jodhpur PHC-3,Jodhpur,Rajasthan,17.9794,70.8323,Amoxicillin,strips,139.1,13,11,9,7
2026-09-11,PHC-042,Jodhpur PHC-3,Jodhpur,Rajasthan,17.9794,70.8323,Amoxicillin,strips,129.7,13,8,9,7
2026-09-12,PHC-042,Jodhpur PHC-3,Jodhpur,Rajasthan,17.9794,70.8323,Amoxicillin,strips,118.1,13,9,9,9
2026-09-13,PHC-042,Jodhpur PHC-3,Jodhpur,Rajasthan,17.9794,70.8323,Amoxicillin,strips,106.7,13,8,9,7
2026-09-14,PHC-042,Jodhpur PHC-3,Jodhpur,Rajasthan,17.9794,70.8323,Amoxicillin,strips,94.3,13,7,9,7
2026-09-15,PHC-042,Jodhpur PHC-3,Jodhpur,Rajasthan,17.9794,70.8323,Amoxicillin,strips,82.8,13,6,9,8
2026-09-16,PHC-042,Jodhpur PHC-3,Jodhpur,Rajasthan,17.9794,70.8323,Amoxicillin,strips,73.2,13,9,9,5
2026-09-17,PHC-042,Jodhpur PHC-3,Jodhpur,Rajasthan,17.9794,70.8323,Amoxicillin,strips,64.5,13,8,9,6
2026-09-18,PHC-042,Jodhpur PHC-3,Jodhpur,Rajasthan,17.9794,70.8323,Amoxicillin,strips,58.3,13,4,9,7
2026-09-19,PHC-042,Jodhpur PHC-3,Jodhpur,Rajasthan,17.9794,70.8323,Amoxicillin,strips,45.3,13,8,9,6
2026-09-20,PHC-042,Jodhpur PHC-3,Jodhpur,Rajasthan,17.9794,70.8323,Amoxicillin,strips,32.4,13,8,9,8
2026-09-21,PHC-042,Jodhpur PHC-3,Jodhpur,Rajasthan,17.9794,70.8323,Amoxicillin,strips,17.2,13,7,9,8
2026-09-22,PHC-042,Jodhpur PHC-3,Jodhpur,Rajasthan,17.9794,70.8323,Amoxicillin,strips,6.9,13,10,9,7
2026-09-23,PHC-042,Jodhpur PHC-3,Jodhpur,Rajasthan,17.9794,70.8323,Amoxicillin,strips,0.0,13,7,9,7
2026-09-24,PHC-042,Jodhpur PHC-3,Jodhpur,Rajasthan,17.9794,70.8323,Amoxicillin,strips,0.0,13,4,9,7
2026-09-25,PHC-042,Jodhpur PHC-3,Jodhpur,Rajasthan,17.9794,70.8323,Amoxicillin,strips,0.0,13,7,9,7
2026-09-26,PHC-042,Jodhpur PHC-3,Jodhpur,Rajasthan,17.9794,70.8323,Amoxicillin,strips,0.0,13,5,9,9
2026-08-28,PHC-042,Jodhpur PHC-3,Jodhpur,Rajasthan,17.9794,70.8323,Iron Folic Acid Tablets,strips,709.4,13,7,9,7
2026-08-29,PHC-042,Jodhpur PHC-3,Jodhpur,Rajasthan,17.9794,70.8323,Iron Folic Acid Tablets,strips,689.1,13,6,9,7
2026-08-30,PHC-042,Jodhpur PHC-3,Jodhpur,Rajasthan,17.9794,70.8323,Iron Folic Acid Tablets,strips,677.0,13,7,9,4
2026-08-31,PHC-042,Jodhpur PHC-3,Jodhpur,Rajasthan,17.9794,70.8323,Iron Folic Acid Tablets,strips,665.3,13,6,9,5
2026-09-01,PHC-042,Jodhpur PHC-3,Jodhpur,Rajasthan,17.9794,70.8323,Iron Folic Acid Tablets,strips,653.2,13,7,9,9
2026-09-02,PHC-042,Jodhpur PHC-3,Jodhpur,Rajasthan,17.9794,70.8323,Iron Folic Acid Tablets,strips,641.0,13,9,9,9
2026-09-03,PHC-042,Jodhpur PHC-3,Jodhpur,Rajasthan,17.9794,70.8323,Iron Folic Acid Tablets,strips,624.0,13,7,9,9
2026-09-04,PHC-042,Jodhpur PHC-3,Jodhpur,Rajasthan,17.9794,70.8323,Iron Folic Acid Tablets,strips,608.1,13,8,9,7
2026-09-05,PHC-042,Jodhpur PHC-3,Jodhpur,Rajasthan,17.9794,70.8323,Iron Folic Acid Tablets,strips,595.5,13,7,9,5
2026-09-06,PHC-042,Jodhpur PHC-3,Jodhpur,Rajasthan,17.9794,70.8323,Iron Folic Acid Tablets,strips,581.5,13,5,9,7
2026-09-07,PHC-042,Jodhpur PHC-3,Jodhpur,Rajasthan,17.9794,70.8323,Iron Folic Acid Tablets,strips,566.2,13,8,9,7
2026-09-08,PHC-042,Jodhpur PHC-3,Jodhpur,Rajasthan,17.9794,70.8323,Iron Folic Acid Tablets,strips,548.8,13,6,9,8
2026-09-09,PHC-042,Jodhpur PHC-3,Jodhpur,Rajasthan,17.9794,70.8323,Iron Folic Acid Tablets,strips,537.3,13,6,9,6
2026-09-10,PHC-042,Jodhpur PHC-3,Jodhpur,Rajasthan,17.9794,70.8323,Iron Folic Acid Tablets,strips,521.8,13,7,9,7
2026-09-11,PHC-042,Jodhpur PHC-3,Jodhpur,Rajasthan,17.9794,70.8323,Iron Folic Acid Tablets,strips,508.5,13,8,9,9
2026-09-12,PHC-042,Jodhpur PHC-3,Jodhpur,Rajasthan,17.9794,70.8323,Iron Folic Acid Tablets,strips,493.9,13,9,9,7
2026-09-13,PHC-042,Jodhpur PHC-3,Jodhpur,Rajasthan,17.9794,70.8323,Iron Folic Acid Tablets,strips,473.2,13,6,9,6
2026-09-14,PHC-042,Jodhpur PHC-3,Jodhpur,Rajasthan,17.9794,70.8323,Iron Folic Acid Tablets,strips,450.6,13,10,9,7
2026-09-15,PHC-042,Jodhpur PHC-3,Jodhpur,Rajasthan,17.9794,70.8323,Iron Folic Acid Tablets,strips,434.6,13,6,9,8
2026-09-16,PHC-042,Jodhpur PHC-3,Jodhpur,Rajasthan,17.9794,70.8323,Iron Folic Acid Tablets,strips,421.2,13,5,9,8
2026-09-17,PHC-042,Jodhpur PHC-3,Jodhpur,Rajasthan,17.9794,70.8323,Iron Folic Acid Tablets,strips,405.7,13,7,9,7
2026-09-18,PHC-042,Jodhpur PHC-3,Jodhpur,Rajasthan,17.9794,70.8323,Iron Folic Acid Tablets,strips,391.8,13,9,9,7
2026-09-19,PHC-042,Jodhpur PHC-3,Jodhpur,Rajasthan,17.9794,70.8323,Iron Folic Acid Tablets,strips,369.6,13,6,9,7
2026-09-20,PHC-042,Jodhpur PHC-3,Jodhpur,Rajasthan,17.9794,70.8323,Iron Folic Acid Tablets,strips,349.6,13,7,9,7
2026-09-21,PHC-042,Jodhpur PHC-3,Jodhpur,Rajasthan,17.9794,70.8323,Iron Folic Acid Tablets,strips,332.0,13,7,9,6
2026-09-22,PHC-042,Jodhpur PHC-3,Jodhpur,Rajasthan,17.9794,70.8323,Iron Folic Acid Tablets,strips,321.0,13,6,9,7
2026-09-23,PHC-042,Jodhpur PHC-3,Jodhpur,Rajasthan,17.9794,70.8323,Iron Folic Acid Tablets,strips,309.6,13,7,9,6
2026-09-24,PHC-042,Jodhpur PHC-3,Jodhpur,Rajasthan,17.9794,70.8323,Iron Folic Acid Tablets,strips,295.0,13,12,9,7
2026-09-25,PHC-042,Jodhpur PHC-3,Jodhpur,Rajasthan,17.9794,70.8323,Iron Folic Acid Tablets,strips,276.2,13,9,9,8
2026-09-26,PHC-042,Jodhpur PHC-3,Jodhpur,Rajasthan,17.9794,70.8323,Iron Folic Acid Tablets,strips,268.3,13,10,9,8
2026-08-28,PHC-043,Udaipur PHC-1,Udaipur,Rajasthan,15.9167,72.8905,Paracetamol,units,339.4,23,13,6,5
2026-08-29,PHC-043,Udaipur PHC-1,Udaipur,Rajasthan,15.9167,72.8905,Paracetamol,units,311.9,23,19,6,3
2026-08-30,PHC-043,Udaipur PHC-1,Udaipur,Rajasthan,15.9167,72.8905,Paracetamol,units,290.9,23,12,6,6
2026-08-31,PHC-043,Udaipur PHC-1,Udaipur,Rajasthan,15.9167,72.8905,Paracetamol,units,267.2,23,15,6,4
2026-09-01,PHC-043,Udaipur PHC-1,Udaipur,Rajasthan,15.9167,72.8905,Paracetamol,units,245.2,23,19,6,3
2026-09-02,PHC-043,Udaipur PHC-1,Udaipur,Rajasthan,15.9167,72.8905,Paracetamol,units,218.6,23,10,6,3
2026-09-03,PHC-043,Udaipur PHC-1,Udaipur,Rajasthan,15.9167,72.8905,Paracetamol,units,191.5,23,11,6,3
2026-09-04,PHC-043,Udaipur PHC-1,Udaipur,Rajasthan,15.9167,72.8905,Paracetamol,units,161.4,23,8,6,5
2026-09-05,PHC-043,Udaipur PHC-1,Udaipur,Rajasthan,15.9167,72.8905,Paracetamol,units,138.5,23,5,6,4
2026-09-06,PHC-043,Udaipur PHC-1,Udaipur,Rajasthan,15.9167,72.8905,Paracetamol,units,99.3,23,10,6,5
2026-09-07,PHC-043,Udaipur PHC-1,Udaipur,Rajasthan,15.9167,72.8905,Paracetamol,units,68.1,23,10,6,5
2026-09-08,PHC-043,Udaipur PHC-1,Udaipur,Rajasthan,15.9167,72.8905,Paracetamol,units,51.2,23,10,6,4
2026-09-09,PHC-043,Udaipur PHC-1,Udaipur,Rajasthan,15.9167,72.8905,Paracetamol,units,12.1,23,10,6,5
2026-09-10,PHC-043,Udaipur PHC-1,Udaipur,Rajasthan,15.9167,72.8905,Paracetamol,units,0.0,23,13,6,5
2026-09-11,PHC-043,Udaipur PHC-1,Udaipur,Rajasthan,15.9167,72.8905,Paracetamol,units,0.0,23,11,6,5
2026-09-12,PHC-043,Udaipur PHC-1,Udaipur,Rajasthan,15.9167,72.8905,Paracetamol,units,0.0,23,11,6,3
2026-09-13,PHC-043,Udaipur PHC-1,Udaipur,Rajasthan,15.9167,72.8905,Paracetamol,units,0.0,23,12,6,5
2026-09-14,PHC-043,Udaipur PHC-1,Udaipur,Rajasthan,15.9167,72.8905,Paracetamol,units,0.0,23,12,6,6
2026-09-15,PHC-043,Udaipur PHC-1,Udaipur,Rajasthan,15.9167,72.8905,Paracetamol,units,0.0,23,17,6,6
2026-09-16,PHC-043,Udaipur PHC-1,Udaipur,Rajasthan,15.9167,72.8905,Paracetamol,units,0.0,23,13,6,6
2026-09-17,PHC-043,Udaipur PHC-1,Udaipur,Rajasthan,15.9167,72.8905,Paracetamol,units,0.0,23,14,6,5
2026-09-18,PHC-043,Udaipur PHC-1,Udaipur,Rajasthan,15.9167,72.8905,Paracetamol,units,0.0,23,18,6,4
2026-09-19,PHC-043,Udaipur PHC-1,Udaipur,Rajasthan,15.9167,72.8905,Paracetamol,units,0.0,23,17,6,5
2026-09-20,PHC-043,Udaipur PHC-1,Udaipur,Rajasthan,15.9167,72.8905,Paracetamol,units,0.0,23,12,6,1
2026-09-21,PHC-043,Udaipur PHC-1,Udaipur,Rajasthan,15.9167,72.8905,Paracetamol,units,0.0,23,12,6,4
2026-09-22,PHC-043,Udaipur PHC-1,Udaipur,Rajasthan,15.9167,72.8905,Paracetamol,units,0.0,23,12,6,4
2026-09-23,PHC-043,Udaipur PHC-1,Udaipur,Rajasthan,15.9167,72.8905,Paracetamol,units,0.0,23,17,6,5
2026-09-24,PHC-043,Udaipur PHC-1,Udaipur,Rajasthan,15.9167,72.8905,Paracetamol,units,0.0,23,11,6,5
2026-09-25,PHC-043,Udaipur PHC-1,Udaipur,Rajasthan,15.9167,72.8905,Paracetamol,units,0.0,23,20,6,5
2026-09-26,PHC-043,Udaipur PHC-1,Udaipur,Rajasthan,15.9167,72.8905,Paracetamol,units,0.0,23,12,6,6
2026-08-28,PHC-043,Udaipur PHC-1,Udaipur,Rajasthan,15.9167,72.8905,ORS Sachets,packets,331.8,23,15,6,3
2026-08-29,PHC-043,Udaipur PHC-1,Udaipur,Rajasthan,15.9167,72.8905,ORS Sachets,packets,325.8,23,8,6,4
2026-08-30,PHC-043,Udaipur PHC-1,Udaipur,Rajasthan,15.9167,72.8905,ORS Sachets,packets,316.3,23,15,6,3
2026-08-31,PHC-043,Udaipur PHC-1,Udaipur,Rajasthan,15.9167,72.8905,ORS Sachets,packets,305.0,23,15,6,6
2026-09-01,PHC-043,Udaipur PHC-1,Udaipur,Rajasthan,15.9167,72.8905,ORS Sachets,packets,293.8,23,21,6,5
2026-09-02,PHC-043,Udaipur PHC-1,Udaipur,Rajasthan,15.9167,72.8905,ORS Sachets,packets,289.0,23,8,6,6
2026-09-03,PHC-043,Udaipur PHC-1,Udaipur,Rajasthan,15.9167,72.8905,ORS Sachets,packets,282.0,23,18,6,3
2026-09-04,PHC-043,Udaipur PHC-1,Udaipur,Rajasthan,15.9167,72.8905,ORS Sachets,packets,276.1,23,13,6,4
2026-09-05,PHC-043,Udaipur PHC-1,Udaipur,Rajasthan,15.9167,72.8905,ORS Sachets,packets,270.0,23,12,6,5
2026-09-06,PHC-043,Udaipur PHC-1,Udaipur,Rajasthan,15.9167,72.8905,ORS Sachets,packets,258.9,23,14,6,6
2026-09-07,PHC-043,Udaipur PHC-1,Udaipur,Rajasthan,15.9167,72.8905,ORS Sachets,packets,250.6,23,7,6,6
2026-09-08,PHC-043,Udaipur PHC-1,Udaipur,Rajasthan,15.9167,72.8905,ORS Sachets,packets,240.2,23,12,6,4
2026-09-09,PHC-043,Udaipur PHC-1,Udaipur,Rajasthan,15.9167,72.8905,ORS Sachets,packets,232.8,23,8,6,4
2026-09-10,PHC-043,Udaipur PHC-1,Udaipur,Rajasthan,15.9167,72.8905,ORS Sachets,packets,226.1,23,13,6,5
2026-09-11,PHC-043,Udaipur PHC-1,Udaipur,Rajasthan,15.9167,72.8905,ORS Sachets,packets,219.0,23,16,6,4
2026-09-12,PHC-043,Udaipur PHC-1,Udaipur,Rajasthan,15.9167,72.8905,ORS Sachets,packets,212.3,23,14,6,6
2026-09-13,PHC-043,Udaipur PHC-1,Udaipur,Rajasthan,15.9167,72.8905,ORS Sachets,packets,200.8,23,17,6,4
2026-09-14,PHC-043,Udaipur PHC-1,Udaipur,Rajasthan,15.9167,72.8905,ORS Sachets,packets,194.6,23,19,6,5
2026-09-15,PHC-043,Udaipur PHC-1,Udaipur,Rajasthan,15.9167,72.8905,ORS Sachets,packets,190.6,23,13,6,6
2026-09-16,PHC-043,Udaipur PHC-1,Udaipur,Rajasthan,15.9167,72.8905,ORS Sachets,packets,181.4,23,21,6,5
2026-09-17,PHC-043,Udaipur PHC-1,Udaipur,Rajasthan,15.9167,72.8905,ORS Sachets,packets,172.2,23,11,6,5
2026-09-18,PHC-043,Udaipur PHC-1,Udaipur,Rajasthan,15.9167,72.8905,ORS Sachets,packets,160.8,23,12,6,4
2026-09-19,PHC-043,Udaipur PHC-1,Udaipur,Rajasthan,15.9167,72.8905,ORS Sachets,packets,151.9,23,20,6,5
2026-09-20,PHC-043,Udaipur PHC-1,Udaipur,Rajasthan,15.9167,72.8905,ORS Sachets,packets,142.4,23,10,6,5
2026-09-21,PHC-043,Udaipur PHC-1,Udaipur,Rajasthan,15.9167,72.8905,ORS Sachets,packets,131.5,23,19,6,6
2026-09-22,PHC-043,Udaipur PHC-1,Udaipur,Rajasthan,15.9167,72.8905,ORS Sachets,packets,125.8,23,13,6,6
2026-09-23,PHC-043,Udaipur PHC-1,Udaipur,Rajasthan,15.9167,72.8905,ORS Sachets,packets,116.1,23,17,6,4
2026-09-24,PHC-043,Udaipur PHC-1,Udaipur,Rajasthan,15.9167,72.8905,ORS Sachets,packets,110.5,23,15,6,6
2026-09-25,PHC-043,Udaipur PHC-1,Udaipur,Rajasthan,15.9167,72.8905,ORS Sachets,packets,99.4,23,19,6,3
2026-09-26,PHC-043,Udaipur PHC-1,Udaipur,Rajasthan,15.9167,72.8905,ORS Sachets,packets,88.2,23,13,6,4
2026-08-28,PHC-043,Udaipur PHC-1,Udaipur,Rajasthan,15.9167,72.8905,Insulin,vials,130.3,23,14,6,4
2026-08-29,PHC-043,Udaipur PHC-1,Udaipur,Rajasthan,15.9167,72.8905,Insulin,vials,129.6,23,9,6,6
2026-08-30,PHC-043,Udaipur PHC-1,Udaipur,Rajasthan,15.9167,72.8905,Insulin,vials,130.7,23,14,6,4
2026-08-31,PHC-043,Udaipur PHC-1,Udaipur,Rajasthan,15.9167,72.8905,Insulin,vials,132.2,23,5,6,4
2026-09-01,PHC-043,Udaipur PHC-1,Udaipur,Rajasthan,15.9167,72.8905,Insulin,vials,131.6,23,15,6,5
2026-09-02,PHC-043,Udaipur PHC-1,Udaipur,Rajasthan,15.9167,72.8905,Insulin,vials,131.7,23,11,6,5
2026-09-03,PHC-043,Udaipur PHC-1,Udaipur,Rajasthan,15.9167,72.8905,Insulin,vials,132.2,23,14,6,5
2026-09-04,PHC-043,Udaipur PHC-1,Udaipur,Rajasthan,15.9167,72.8905,Insulin,vials,132.2,23,11,6,6
2026-09-05,PHC-043,Udaipur PHC-1,Udaipur,Rajasthan,15.9167,72.8905,Insulin,vials,133.0,23,19,6,4
2026-09-06,PHC-043,Udaipur PHC-1,Udaipur,Rajasthan,15.9167,72.8905,Insulin,vials,132.5,23,8,6,3
2026-09-07,PHC-043,Udaipur PHC-1,Udaipur,Rajasthan,15.9167,72.8905,Insulin,vials,131.2,23,10,6,4
2026-09-08,PHC-043,Udaipur PHC-1,Udaipur,Rajasthan,15.9167,72.8905,Insulin,vials,131.8,23,14,6,4
2026-09-09,PHC-043,Udaipur PHC-1,Udaipur,Rajasthan,15.9167,72.8905,Insulin,vials,132.8,23,8,6,5
2026-09-10,PHC-043,Udaipur PHC-1,Udaipur,Rajasthan,15.9167,72.8905,Insulin,vials,132.2,23,20,6,5
2026-09-11,PHC-043,Udaipur PHC-1,Udaipur,Rajasthan,15.9167,72.8905,Insulin,vials,132.3,23,16,6,4
2026-09-12,PHC-043,Udaipur PHC-1,Udaipur,Rajasthan,15.9167,72.8905,Insulin,vials,133.2,23,8,6,6
2026-09-13,PHC-043,Udaipur PHC-1,Udaipur,Rajasthan,15.9167,72.8905,Insulin,vials,133.0,23,8,6,3
2026-09-14,PHC-043,Udaipur PHC-1,Udaipur,Rajasthan,15.9167,72.8905,Insulin,vials,134.0,23,17,6,3
2026-09-15,PHC-043,Udaipur PHC-1,Udaipur,Rajasthan,15.9167,72.8905,Insulin,vials,134.2,23,16,6,4
2026-09-16,PHC-043,Udaipur PHC-1,Udaipur,Rajasthan,15.9167,72.8905,Insulin,vials,132.8,23,19,6,4
2026-09-17,PHC-043,Udaipur PHC-1,Udaipur,Rajasthan,15.9167,72.8905,Insulin,vials,132.8,23,17,6,3
2026-09-18,PHC-043,Udaipur PHC-1,Udaipur,Rajasthan,15.9167,72.8905,Insulin,vials,131.8,23,17,6,3
2026-09-19,PHC-043,Udaipur PHC-1,Udaipur,Rajasthan,15.9167,72.8905,Insulin,vials,132.8,23,16,6,5
2026-09-20,PHC-043,Udaipur PHC-1,Udaipur,Rajasthan,15.9167,72.8905,Insulin,vials,132.1,23,18,6,5
2026-09-21,PHC-043,Udaipur PHC-1,Udaipur,Rajasthan,15.9167,72.8905,Insulin,vials,132.2,23,12,6,6
2026-09-22,PHC-043,Udaipur PHC-1,Udaipur,Rajasthan,15.9167,72.8905,Insulin,vials,132.1,23,8,6,6
2026-09-23,PHC-043,Udaipur PHC-1,Udaipur,Rajasthan,15.9167,72.8905,Insulin,vials,131.2,23,17,6,5
2026-09-24,PHC-043,Udaipur PHC-1,Udaipur,Rajasthan,15.9167,72.8905,Insulin,vials,132.5,23,16,6,5
2026-09-25,PHC-043,Udaipur PHC-1,Udaipur,Rajasthan,15.9167,72.8905,Insulin,vials,134.5,23,11,6,5
2026-09-26,PHC-043,Udaipur PHC-1,Udaipur,Rajasthan,15.9167,72.8905,Insulin,vials,134.9,23,18,6,4
2026-08-28,PHC-043,Udaipur PHC-1,Udaipur,Rajasthan,15.9167,72.8905,Amoxicillin,strips,414.4,23,16,6,4
2026-08-29,PHC-043,Udaipur PHC-1,Udaipur,Rajasthan,15.9167,72.8905,Amoxicillin,strips,410.4,23,13,6,4
2026-08-30,PHC-043,Udaipur PHC-1,Udaipur,Rajasthan,15.9167,72.8905,Amoxicillin,strips,409.1,23,16,6,5
2026-08-31,PHC-043,Udaipur PHC-1,Udaipur,Rajasthan,15.9167,72.8905,Amoxicillin,strips,415.7,23,11,6,3
2026-09-01,PHC-043,Udaipur PHC-1,Udaipur,Rajasthan,15.9167,72.8905,Amoxicillin,strips,404.4,23,18,6,5
2026-09-02,PHC-043,Udaipur PHC-1,Udaipur,Rajasthan,15.9167,72.8905,Amoxicillin,strips,400.4,23,8,6,5
2026-09-03,PHC-043,Udaipur PHC-1,Udaipur,Rajasthan,15.9167,72.8905,Amoxicillin,strips,402.1,23,12,6,4
2026-09-04,PHC-043,Udaipur PHC-1,Udaipur,Rajasthan,15.9167,72.8905,Amoxicillin,strips,404.4,23,17,6,4
2026-09-05,PHC-043,Udaipur PHC-1,Udaipur,Rajasthan,15.9167,72.8905,Amoxicillin,strips,401.8,23,14,6,4
2026-09-06,PHC-043,Udaipur PHC-1,Udaipur,Rajasthan,15.9167,72.8905,Amoxicillin,strips,400.9,23,14,6,5
2026-09-07,PHC-043,Udaipur PHC-1,Udaipur,Rajasthan,15.9167,72.8905,Amoxicillin,strips,400.3,23,11,6,5
2026-09-08,PHC-043,Udaipur PHC-1,Udaipur,Rajasthan,15.9167,72.8905,Amoxicillin,strips,401.7,23,12,6,5
2026-09-09,PHC-043,Udaipur PHC-1,Udaipur,Rajasthan,15.9167,72.8905,Amoxicillin,strips,409.9,23,15,6,5
2026-09-10,PHC-043,Udaipur PHC-1,Udaipur,Rajasthan,15.9167,72.8905,Amoxicillin,strips,411.7,23,12,6,3
2026-09-11,PHC-043,Udaipur PHC-1,Udaipur,Rajasthan,15.9167,72.8905,Amoxicillin,strips,412.5,23,10,6,4
2026-09-12,PHC-043,Udaipur PHC-1,Udaipur,Rajasthan,15.9167,72.8905,Amoxicillin,strips,411.4,23,13,6,6
2026-09-13,PHC-043,Udaipur PHC-1,Udaipur,Rajasthan,15.9167,72.8905,Amoxicillin,strips,419.1,23,13,6,5
2026-09-14,PHC-043,Udaipur PHC-1,Udaipur,Rajasthan,15.9167,72.8905,Amoxicillin,strips,413.8,23,10,6,4
2026-09-15,PHC-043,Udaipur PHC-1,Udaipur,Rajasthan,15.9167,72.8905,Amoxicillin,strips,406.6,23,10,6,5
2026-09-16,PHC-043,Udaipur PHC-1,Udaipur,Rajasthan,15.9167,72.8905,Amoxicillin,strips,407.9,23,10,6,3
2026-09-17,PHC-043,Udaipur PHC-1,Udaipur,Rajasthan,15.9167,72.8905,Amoxicillin,strips,411.7,23,12,6,3
2026-09-18,PHC-043,Udaipur PHC-1,Udaipur,Rajasthan,15.9167,72.8905,Amoxicillin,strips,413.5,23,12,6,6
2026-09-19,PHC-043,Udaipur PHC-1,Udaipur,Rajasthan,15.9167,72.8905,Amoxicillin,strips,414.4,23,7,6,4
2026-09-20,PHC-043,Udaipur PHC-1,Udaipur,Rajasthan,15.9167,72.8905,Amoxicillin,strips,412.3,23,14,6,5
2026-09-21,PHC-043,Udaipur PHC-1,Udaipur,Rajasthan,15.9167,72.8905,Amoxicillin,strips,417.0,23,13,6,5
2026-09-22,PHC-043,Udaipur PHC-1,Udaipur,Rajasthan,15.9167,72.8905,Amoxicillin,strips,413.8,23,18,6,4
2026-09-23,PHC-043,Udaipur PHC-1,Udaipur,Rajasthan,15.9167,72.8905,Amoxicillin,strips,411.8,23,18,6,4
2026-09-24,PHC-043,Udaipur PHC-1,Udaipur,Rajasthan,15.9167,72.8905,Amoxicillin,strips,408.9,23,17,6,4
2026-09-25,PHC-043,Udaipur PHC-1,Udaipur,Rajasthan,15.9167,72.8905,Amoxicillin,strips,408.8,23,10,6,1
2026-09-26,PHC-043,Udaipur PHC-1,Udaipur,Rajasthan,15.9167,72.8905,Amoxicillin,strips,409.2,23,3,6,5
2026-08-28,PHC-043,Udaipur PHC-1,Udaipur,Rajasthan,15.9167,72.8905,Iron Folic Acid Tablets,strips,576.2,23,17,6,5
2026-08-29,PHC-043,Udaipur PHC-1,Udaipur,Rajasthan,15.9167,72.8905,Iron Folic Acid Tablets,strips,583.5,23,13,6,3
2026-08-30,PHC-043,Udaipur PHC-1,Udaipur,Rajasthan,15.9167,72.8905,Iron Folic Acid Tablets,strips,574.5,23,13,6,5
2026-08-31,PHC-043,Udaipur PHC-1,Udaipur,Rajasthan,15.9167,72.8905,Iron Folic Acid Tablets,strips,578.8,23,16,6,5
2026-09-01,PHC-043,Udaipur PHC-1,Udaipur,Rajasthan,15.9167,72.8905,Iron Folic Acid Tablets,strips,581.6,23,21,6,3
2026-09-02,PHC-043,Udaipur PHC-1,Udaipur,Rajasthan,15.9167,72.8905,Iron Folic Acid Tablets,strips,597.6,23,9,6,6
2026-09-03,PHC-043,Udaipur PHC-1,Udaipur,Rajasthan,15.9167,72.8905,Iron Folic Acid Tablets,strips,589.9,23,16,6,4
2026-09-04,PHC-043,Udaipur PHC-1,Udaipur,Rajasthan,15.9167,72.8905,Iron Folic Acid Tablets,strips,588.1,23,18,6,4
2026-09-05,PHC-043,Udaipur PHC-1,Udaipur,Rajasthan,15.9167,72.8905,Iron Folic Acid Tablets,strips,586.2,23,12,6,3
2026-09-06,PHC-043,Udaipur PHC-1,Udaipur,Rajasthan,15.9167,72.8905,Iron Folic Acid Tablets,strips,586.8,23,15,6,6
2026-09-07,PHC-043,Udaipur PHC-1,Udaipur,Rajasthan,15.9167,72.8905,Iron Folic Acid Tablets,strips,584.6,23,10,6,5
2026-09-08,PHC-043,Udaipur PHC-1,Udaipur,Rajasthan,15.9167,72.8905,Iron Folic Acid Tablets,strips,584.0,23,14,6,5
2026-09-09,PHC-043,Udaipur PHC-1,Udaipur,Rajasthan,15.9167,72.8905,Iron Folic Acid Tablets,strips,582.9,23,11,6,4
2026-09-10,PHC-043,Udaipur PHC-1,Udaipur,Rajasthan,15.9167,72.8905,Iron Folic Acid Tablets,strips,581.5,23,9,6,6
2026-09-11,PHC-043,Udaipur PHC-1,Udaipur,Rajasthan,15.9167,72.8905,Iron Folic Acid Tablets,strips,581.7,23,15,6,5
2026-09-12,PHC-043,Udaipur PHC-1,Udaipur,Rajasthan,15.9167,72.8905,Iron Folic Acid Tablets,strips,585.9,23,15,6,6
2026-09-13,PHC-043,Udaipur PHC-1,Udaipur,Rajasthan,15.9167,72.8905,Iron Folic Acid Tablets,strips,575.0,23,21,6,3
2026-09-14,PHC-043,Udaipur PHC-1,Udaipur,Rajasthan,15.9167,72.8905,Iron Folic Acid Tablets,strips,578.5,23,15,6,5
2026-09-15,PHC-043,Udaipur PHC-1,Udaipur,Rajasthan,15.9167,72.8905,Iron Folic Acid Tablets,strips,584.8,23,13,6,3
2026-09-16,PHC-043,Udaipur PHC-1,Udaipur,Rajasthan,15.9167,72.8905,Iron Folic Acid Tablets,strips,586.3,23,17,6,5
2026-09-17,PHC-043,Udaipur PHC-1,Udaipur,Rajasthan,15.9167,72.8905,Iron Folic Acid Tablets,strips,585.2,23,13,6,5
2026-09-18,PHC-043,Udaipur PHC-1,Udaipur,Rajasthan,15.9167,72.8905,Iron Folic Acid Tablets,strips,589.9,23,3,6,5
2026-09-19,PHC-043,Udaipur PHC-1,Udaipur,Rajasthan,15.9167,72.8905,Iron Folic Acid Tablets,strips,588.8,23,10,6,6
2026-09-20,PHC-043,Udaipur PHC-1,Udaipur,Rajasthan,15.9167,72.8905,Iron Folic Acid Tablets,strips,590.6,23,13,6,5
2026-09-21,PHC-043,Udaipur PHC-1,Udaipur,Rajasthan,15.9167,72.8905,Iron Folic Acid Tablets,strips,592.2,23,16,6,5
2026-09-22,PHC-043,Udaipur PHC-1,Udaipur,Rajasthan,15.9167,72.8905,Iron Folic Acid Tablets,strips,591.5,23,12,6,5
2026-09-23,PHC-043,Udaipur PHC-1,Udaipur,Rajasthan,15.9167,72.8905,Iron Folic Acid Tablets,strips,586.1,23,13,6,3
2026-09-24,PHC-043,Udaipur PHC-1,Udaipur,Rajasthan,15.9167,72.8905,Iron Folic Acid Tablets,strips,586.1,23,20,6,6
2026-09-25,PHC-043,Udaipur PHC-1,Udaipur,Rajasthan,15.9167,72.8905,Iron Folic Acid Tablets,strips,587.4,23,14,6,4
2026-09-26,PHC-043,Udaipur PHC-1,Udaipur,Rajasthan,15.9167,72.8905,Iron Folic Acid Tablets,strips,584.4,23,20,6,4
2026-08-28,PHC-044,Udaipur PHC-2,Udaipur,Rajasthan,22.1035,73.4119,Paracetamol,units,550.4,15,11,14,10
2026-08-29,PHC-044,Udaipur PHC-2,Udaipur,Rajasthan,22.1035,73.4119,Paracetamol,units,556.4,15,10,14,11
2026-08-30,PHC-044,Udaipur PHC-2,Udaipur,Rajasthan,22.1035,73.4119,Paracetamol,units,562.8,15,8,14,14
2026-08-31,PHC-044,Udaipur PHC-2,Udaipur,Rajasthan,22.1035,73.4119,Paracetamol,units,566.7,15,15,14,13
2026-09-01,PHC-044,Udaipur PHC-2,Udaipur,Rajasthan,22.1035,73.4119,Paracetamol,units,569.6,15,6,14,12
2026-09-02,PHC-044,Udaipur PHC-2,Udaipur,Rajasthan,22.1035,73.4119,Paracetamol,units,576.2,15,4,14,10
2026-09-03,PHC-044,Udaipur PHC-2,Udaipur,Rajasthan,22.1035,73.4119,Paracetamol,units,582.0,15,8,14,11
2026-09-04,PHC-044,Udaipur PHC-2,Udaipur,Rajasthan,22.1035,73.4119,Paracetamol,units,588.8,15,7,14,11
2026-09-05,PHC-044,Udaipur PHC-2,Udaipur,Rajasthan,22.1035,73.4119,Paracetamol,units,595.5,15,10,14,9
2026-09-06,PHC-044,Udaipur PHC-2,Udaipur,Rajasthan,22.1035,73.4119,Paracetamol,units,600.0,15,5,14,11
2026-09-07,PHC-044,Udaipur PHC-2,Udaipur,Rajasthan,22.1035,73.4119,Paracetamol,units,604.0,15,10,14,11
2026-09-08,PHC-044,Udaipur PHC-2,Udaipur,Rajasthan,22.1035,73.4119,Paracetamol,units,608.0,15,8,14,13
2026-09-09,PHC-044,Udaipur PHC-2,Udaipur,Rajasthan,22.1035,73.4119,Paracetamol,units,612.1,15,2,14,12
2026-09-10,PHC-044,Udaipur PHC-2,Udaipur,Rajasthan,22.1035,73.4119,Paracetamol,units,615.4,15,8,14,12
2026-09-11,PHC-044,Udaipur PHC-2,Udaipur,Rajasthan,22.1035,73.4119,Paracetamol,units,619.1,15,9,14,12
2026-09-12,PHC-044,Udaipur PHC-2,Udaipur,Rajasthan,22.1035,73.4119,Paracetamol,units,626.2,15,7,14,13
2026-09-13,PHC-044,Udaipur PHC-2,Udaipur,Rajasthan,22.1035,73.4119,Paracetamol,units,632.1,15,7,14,11
2026-09-14,PHC-044,Udaipur PHC-2,Udaipur,Rajasthan,22.1035,73.4119,Paracetamol,units,638.5,15,8,14,13
2026-09-15,PHC-044,Udaipur PHC-2,Udaipur,Rajasthan,22.1035,73.4119,Paracetamol,units,644.6,15,9,14,12
2026-09-16,PHC-044,Udaipur PHC-2,Udaipur,Rajasthan,22.1035,73.4119,Paracetamol,units,651.8,15,9,14,9
2026-09-17,PHC-044,Udaipur PHC-2,Udaipur,Rajasthan,22.1035,73.4119,Paracetamol,units,658.0,15,9,14,12
2026-09-18,PHC-044,Udaipur PHC-2,Udaipur,Rajasthan,22.1035,73.4119,Paracetamol,units,664.4,15,4,14,9
2026-09-19,PHC-044,Udaipur PHC-2,Udaipur,Rajasthan,22.1035,73.4119,Paracetamol,units,671.1,15,10,14,13
2026-09-20,PHC-044,Udaipur PHC-2,Udaipur,Rajasthan,22.1035,73.4119,Paracetamol,units,673.7,15,6,14,10
2026-09-21,PHC-044,Udaipur PHC-2,Udaipur,Rajasthan,22.1035,73.4119,Paracetamol,units,679.8,15,6,14,14
2026-09-22,PHC-044,Udaipur PHC-2,Udaipur,Rajasthan,22.1035,73.4119,Paracetamol,units,686.6,15,13,14,12
2026-09-23,PHC-044,Udaipur PHC-2,Udaipur,Rajasthan,22.1035,73.4119,Paracetamol,units,692.5,15,9,14,12
2026-09-24,PHC-044,Udaipur PHC-2,Udaipur,Rajasthan,22.1035,73.4119,Paracetamol,units,696.1,15,6,14,11
2026-09-25,PHC-044,Udaipur PHC-2,Udaipur,Rajasthan,22.1035,73.4119,Paracetamol,units,701.3,15,11,14,11
2026-09-26,PHC-044,Udaipur PHC-2,Udaipur,Rajasthan,22.1035,73.4119,Paracetamol,units,703.9,15,11,14,13
2026-08-28,PHC-044,Udaipur PHC-2,Udaipur,Rajasthan,22.1035,73.4119,ORS Sachets,packets,308.1,15,11,14,9
2026-08-29,PHC-044,Udaipur PHC-2,Udaipur,Rajasthan,22.1035,73.4119,ORS Sachets,packets,306.6,15,10,14,11
2026-08-30,PHC-044,Udaipur PHC-2,Udaipur,Rajasthan,22.1035,73.4119,ORS Sachets,packets,305.8,15,6,14,12
2026-08-31,PHC-044,Udaipur PHC-2,Udaipur,Rajasthan,22.1035,73.4119,ORS Sachets,packets,303.2,15,6,14,10
2026-09-01,PHC-044,Udaipur PHC-2,Udaipur,Rajasthan,22.1035,73.4119,ORS Sachets,packets,304.9,15,7,14,13
2026-09-02,PHC-044,Udaipur PHC-2,Udaipur,Rajasthan,22.1035,73.4119,ORS Sachets,packets,303.8,15,9,14,13
2026-09-03,PHC-044,Udaipur PHC-2,Udaipur,Rajasthan,22.1035,73.4119,ORS Sachets,packets,311.1,15,11,14,11
2026-09-04,PHC-044,Udaipur PHC-2,Udaipur,Rajasthan,22.1035,73.4119,ORS Sachets,packets,310.5,15,9,14,11
2026-09-05,PHC-044,Udaipur PHC-2,Udaipur,Rajasthan,22.1035,73.4119,ORS Sachets,packets,308.2,15,8,14,12
2026-09-06,PHC-044,Udaipur PHC-2,Udaipur,Rajasthan,22.1035,73.4119,ORS Sachets,packets,305.2,15,10,14,10
2026-09-07,PHC-044,Udaipur PHC-2,Udaipur,Rajasthan,22.1035,73.4119,ORS Sachets,packets,303.0,15,10,14,11
2026-09-08,PHC-044,Udaipur PHC-2,Udaipur,Rajasthan,22.1035,73.4119,ORS Sachets,packets,303.2,15,9,14,12
2026-09-09,PHC-044,Udaipur PHC-2,Udaipur,Rajasthan,22.1035,73.4119,ORS Sachets,packets,302.8,15,9,14,10
2026-09-10,PHC-044,Udaipur PHC-2,Udaipur,Rajasthan,22.1035,73.4119,ORS Sachets,packets,302.2,15,9,14,11
2026-09-11,PHC-044,Udaipur PHC-2,Udaipur,Rajasthan,22.1035,73.4119,ORS Sachets,packets,299.6,15,8,14,12
2026-09-12,PHC-044,Udaipur PHC-2,Udaipur,Rajasthan,22.1035,73.4119,ORS Sachets,packets,293.9,15,10,14,11
2026-09-13,PHC-044,Udaipur PHC-2,Udaipur,Rajasthan,22.1035,73.4119,ORS Sachets,packets,298.6,15,7,14,13
2026-09-14,PHC-044,Udaipur PHC-2,Udaipur,Rajasthan,22.1035,73.4119,ORS Sachets,packets,299.1,15,8,14,11
2026-09-15,PHC-044,Udaipur PHC-2,Udaipur,Rajasthan,22.1035,73.4119,ORS Sachets,packets,301.0,15,12,14,10
2026-09-16,PHC-044,Udaipur PHC-2,Udaipur,Rajasthan,22.1035,73.4119,ORS Sachets,packets,302.6,15,8,14,13
2026-09-17,PHC-044,Udaipur PHC-2,Udaipur,Rajasthan,22.1035,73.4119,ORS Sachets,packets,302.5,15,6,14,12
2026-09-18,PHC-044,Udaipur PHC-2,Udaipur,Rajasthan,22.1035,73.4119,ORS Sachets,packets,304.1,15,7,14,11
2026-09-19,PHC-044,Udaipur PHC-2,Udaipur,Rajasthan,22.1035,73.4119,ORS Sachets,packets,310.1,15,10,14,14
2026-09-20,PHC-044,Udaipur PHC-2,Udaipur,Rajasthan,22.1035,73.4119,ORS Sachets,packets,311.6,15,10,14,13
2026-09-21,PHC-044,Udaipur PHC-2,Udaipur,Rajasthan,22.1035,73.4119,ORS Sachets,packets,308.4,15,10,14,12
2026-09-22,PHC-044,Udaipur PHC-2,Udaipur,Rajasthan,22.1035,73.4119,ORS Sachets,packets,302.8,15,5,14,11
2026-09-23,PHC-044,Udaipur PHC-2,Udaipur,Rajasthan,22.1035,73.4119,ORS Sachets,packets,301.6,15,10,14,11
2026-09-24,PHC-044,Udaipur PHC-2,Udaipur,Rajasthan,22.1035,73.4119,ORS Sachets,packets,300.0,15,9,14,12
2026-09-25,PHC-044,Udaipur PHC-2,Udaipur,Rajasthan,22.1035,73.4119,ORS Sachets,packets,298.1,15,6,14,12
2026-09-26,PHC-044,Udaipur PHC-2,Udaipur,Rajasthan,22.1035,73.4119,ORS Sachets,packets,298.0,15,8,14,12
2026-08-28,PHC-044,Udaipur PHC-2,Udaipur,Rajasthan,22.1035,73.4119,Insulin,vials,95.0,15,8,14,14
2026-08-29,PHC-044,Udaipur PHC-2,Udaipur,Rajasthan,22.1035,73.4119,Insulin,vials,95.4,15,10,14,13
2026-08-30,PHC-044,Udaipur PHC-2,Udaipur,Rajasthan,22.1035,73.4119,Insulin,vials,96.5,15,8,14,14
2026-08-31,PHC-044,Udaipur PHC-2,Udaipur,Rajasthan,22.1035,73.4119,Insulin,vials,94.8,15,8,14,13
2026-09-01,PHC-044,Udaipur PHC-2,Udaipur,Rajasthan,22.1035,73.4119,Insulin,vials,94.7,15,10,14,11
2026-09-02,PHC-044,Udaipur PHC-2,Udaipur,Rajasthan,22.1035,73.4119,Insulin,vials,93.8,15,12,14,10
2026-09-03,PHC-044,Udaipur PHC-2,Udaipur,Rajasthan,22.1035,73.4119,Insulin,vials,94.0,15,8,14,10
2026-09-04,PHC-044,Udaipur PHC-2,Udaipur,Rajasthan,22.1035,73.4119,Insulin,vials,94.4,15,7,14,9
2026-09-05,PHC-044,Udaipur PHC-2,Udaipur,Rajasthan,22.1035,73.4119,Insulin,vials,93.3,15,10,14,11
2026-09-06,PHC-044,Udaipur PHC-2,Udaipur,Rajasthan,22.1035,73.4119,Insulin,vials,93.3,15,6,14,10
2026-09-07,PHC-044,Udaipur PHC-2,Udaipur,Rajasthan,22.1035,73.4119,Insulin,vials,92.2,15,10,14,11
2026-09-08,PHC-044,Udaipur PHC-2,Udaipur,Rajasthan,22.1035,73.4119,Insulin,vials,91.3,15,9,14,11
2026-09-09,PHC-044,Udaipur PHC-2,Udaipur,Rajasthan,22.1035,73.4119,Insulin,vials,91.8,15,14,14,13
2026-09-10,PHC-044,Udaipur PHC-2,Udaipur,Rajasthan,22.1035,73.4119,Insulin,vials,91.4,15,8,14,12
2026-09-11,PHC-044,Udaipur PHC-2,Udaipur,Rajasthan,22.1035,73.4119,Insulin,vials,91.0,15,6,14,11
2026-09-12,PHC-044,Udaipur PHC-2,Udaipur,Rajasthan,22.1035,73.4119,Insulin,vials,90.8,15,6,14,13
2026-09-13,PHC-044,Udaipur PHC-2,Udaipur,Rajasthan,22.1035,73.4119,Insulin,vials,89.6,15,9,14,10
2026-09-14,PHC-044,Udaipur PHC-2,Udaipur,Rajasthan,22.1035,73.4119,Insulin,vials,91.2,15,8,14,10
2026-09-15,PHC-044,Udaipur PHC-2,Udaipur,Rajasthan,22.1035,73.4119,Insulin,vials,91.1,15,7,14,11
2026-09-16,PHC-044,Udaipur PHC-2,Udaipur,Rajasthan,22.1035,73.4119,Insulin,vials,91.9,15,11,14,13
2026-09-17,PHC-044,Udaipur PHC-2,Udaipur,Rajasthan,22.1035,73.4119,Insulin,vials,91.0,15,7,14,11
2026-09-18,PHC-044,Udaipur PHC-2,Udaipur,Rajasthan,22.1035,73.4119,Insulin,vials,91.5,15,10,14,12
2026-09-19,PHC-044,Udaipur PHC-2,Udaipur,Rajasthan,22.1035,73.4119,Insulin,vials,90.2,15,12,14,10
2026-09-20,PHC-044,Udaipur PHC-2,Udaipur,Rajasthan,22.1035,73.4119,Insulin,vials,91.0,15,9,14,10
2026-09-21,PHC-044,Udaipur PHC-2,Udaipur,Rajasthan,22.1035,73.4119,Insulin,vials,91.2,15,10,14,10
2026-09-22,PHC-044,Udaipur PHC-2,Udaipur,Rajasthan,22.1035,73.4119,Insulin,vials,89.8,15,10,14,10
2026-09-23,PHC-044,Udaipur PHC-2,Udaipur,Rajasthan,22.1035,73.4119,Insulin,vials,89.7,15,11,14,12
2026-09-24,PHC-044,Udaipur PHC-2,Udaipur,Rajasthan,22.1035,73.4119,Insulin,vials,90.2,15,13,14,12
2026-09-25,PHC-044,Udaipur PHC-2,Udaipur,Rajasthan,22.1035,73.4119,Insulin,vials,89.0,15,7,14,12
2026-09-26,PHC-044,Udaipur PHC-2,Udaipur,Rajasthan,22.1035,73.4119,Insulin,vials,89.0,15,12,14,12
2026-08-28,PHC-044,Udaipur PHC-2,Udaipur,Rajasthan,22.1035,73.4119,Amoxicillin,strips,433.4,15,11,14,11
2026-08-29,PHC-044,Udaipur PHC-2,Udaipur,Rajasthan,22.1035,73.4119,Amoxicillin,strips,430.9,15,5,14,14
2026-08-30,PHC-044,Udaipur PHC-2,Udaipur,Rajasthan,22.1035,73.4119,Amoxicillin,strips,432.1,15,9,14,12
2026-08-31,PHC-044,Udaipur PHC-2,Udaipur,Rajasthan,22.1035,73.4119,Amoxicillin,strips,431.7,15,9,14,12
2026-09-01,PHC-044,Udaipur PHC-2,Udaipur,Rajasthan,22.1035,73.4119,Amoxicillin,strips,431.5,15,6,14,14
2026-09-02,PHC-044,Udaipur PHC-2,Udaipur,Rajasthan,22.1035,73.4119,Amoxicillin,strips,432.2,15,7,14,10
2026-09-03,PHC-044,Udaipur PHC-2,Udaipur,Rajasthan,22.1035,73.4119,Amoxicillin,strips,431.4,15,10,14,10
2026-09-04,PHC-044,Udaipur PHC-2,Udaipur,Rajasthan,22.1035,73.4119,Amoxicillin,strips,434.4,15,8,14,12
2026-09-05,PHC-044,Udaipur PHC-2,Udaipur,Rajasthan,22.1035,73.4119,Amoxicillin,strips,429.5,15,12,14,12
2026-09-06,PHC-044,Udaipur PHC-2,Udaipur,Rajasthan,22.1035,73.4119,Amoxicillin,strips,426.0,15,11,14,12
2026-09-07,PHC-044,Udaipur PHC-2,Udaipur,Rajasthan,22.1035,73.4119,Amoxicillin,strips,426.1,15,6,14,12
2026-09-08,PHC-044,Udaipur PHC-2,Udaipur,Rajasthan,22.1035,73.4119,Amoxicillin,strips,426.1,15,14,14,12
2026-09-09,PHC-044,Udaipur PHC-2,Udaipur,Rajasthan,22.1035,73.4119,Amoxicillin,strips,433.4,15,9,14,12
2026-09-10,PHC-044,Udaipur PHC-2,Udaipur,Rajasthan,22.1035,73.4119,Amoxicillin,strips,431.3,15,4,14,12
2026-09-11,PHC-044,Udaipur PHC-2,Udaipur,Rajasthan,22.1035,73.4119,Amoxicillin,strips,433.5,15,8,14,12
2026-09-12,PHC-044,Udaipur PHC-2,Udaipur,Rajasthan,22.1035,73.4119,Amoxicillin,strips,437.7,15,11,14,11
2026-09-13,PHC-044,Udaipur PHC-2,Udaipur,Rajasthan,22.1035,73.4119,Amoxicillin,strips,441.6,15,6,14,10
2026-09-14,PHC-044,Udaipur PHC-2,Udaipur,Rajasthan,22.1035,73.4119,Amoxicillin,strips,446.0,15,8,14,12
2026-09-15,PHC-044,Udaipur PHC-2,Udaipur,Rajasthan,22.1035,73.4119,Amoxicillin,strips,449.0,15,11,14,11
2026-09-16,PHC-044,Udaipur PHC-2,Udaipur,Rajasthan,22.1035,73.4119,Amoxicillin,strips,443.5,15,11,14,10
2026-09-17,PHC-044,Udaipur PHC-2,Udaipur,Rajasthan,22.1035,73.4119,Amoxicillin,strips,447.0,15,7,14,11
2026-09-18,PHC-044,Udaipur PHC-2,Udaipur,Rajasthan,22.1035,73.4119,Amoxicillin,strips,444.1,15,6,14,11
2026-09-19,PHC-044,Udaipur PHC-2,Udaipur,Rajasthan,22.1035,73.4119,Amoxicillin,strips,453.3,15,8,14,11
2026-09-20,PHC-044,Udaipur PHC-2,Udaipur,Rajasthan,22.1035,73.4119,Amoxicillin,strips,444.2,15,9,14,11
2026-09-21,PHC-044,Udaipur PHC-2,Udaipur,Rajasthan,22.1035,73.4119,Amoxicillin,strips,450.3,15,6,14,12
2026-09-22,PHC-044,Udaipur PHC-2,Udaipur,Rajasthan,22.1035,73.4119,Amoxicillin,strips,449.4,15,10,14,11
2026-09-23,PHC-044,Udaipur PHC-2,Udaipur,Rajasthan,22.1035,73.4119,Amoxicillin,strips,451.4,15,12,14,12
2026-09-24,PHC-044,Udaipur PHC-2,Udaipur,Rajasthan,22.1035,73.4119,Amoxicillin,strips,447.4,15,12,14,12
2026-09-25,PHC-044,Udaipur PHC-2,Udaipur,Rajasthan,22.1035,73.4119,Amoxicillin,strips,447.6,15,9,14,12
2026-09-26,PHC-044,Udaipur PHC-2,Udaipur,Rajasthan,22.1035,73.4119,Amoxicillin,strips,454.6,15,9,14,14
2026-08-28,PHC-044,Udaipur PHC-2,Udaipur,Rajasthan,22.1035,73.4119,Iron Folic Acid Tablets,strips,376.7,15,9,14,12
2026-08-29,PHC-044,Udaipur PHC-2,Udaipur,Rajasthan,22.1035,73.4119,Iron Folic Acid Tablets,strips,385.6,15,7,14,11
2026-08-30,PHC-044,Udaipur PHC-2,Udaipur,Rajasthan,22.1035,73.4119,Iron Folic Acid Tablets,strips,388.7,15,11,14,11
2026-08-31,PHC-044,Udaipur PHC-2,Udaipur,Rajasthan,22.1035,73.4119,Iron Folic Acid Tablets,strips,395.4,15,9,14,10
2026-09-01,PHC-044,Udaipur PHC-2,Udaipur,Rajasthan,22.1035,73.4119,Iron Folic Acid Tablets,strips,402.7,15,7,14,9
2026-09-02,PHC-044,Udaipur PHC-2,Udaipur,Rajasthan,22.1035,73.4119,Iron Folic Acid Tablets,strips,409.2,15,11,14,14
2026-09-03,PHC-044,Udaipur PHC-2,Udaipur,Rajasthan,22.1035,73.4119,Iron Folic Acid Tablets,strips,416.3,15,10,14,12
2026-09-04,PHC-044,Udaipur PHC-2,Udaipur,Rajasthan,22.1035,73.4119,Iron Folic Acid Tablets,strips,422.5,15,10,14,11
2026-09-05,PHC-044,Udaipur PHC-2,Udaipur,Rajasthan,22.1035,73.4119,Iron Folic Acid Tablets,strips,429.2,15,8,14,13
2026-09-06,PHC-044,Udaipur PHC-2,Udaipur,Rajasthan,22.1035,73.4119,Iron Folic Acid Tablets,strips,432.7,15,6,14,12
2026-09-07,PHC-044,Udaipur PHC-2,Udaipur,Rajasthan,22.1035,73.4119,Iron Folic Acid Tablets,strips,438.9,15,10,14,13
2026-09-08,PHC-044,Udaipur PHC-2,Udaipur,Rajasthan,22.1035,73.4119,Iron Folic Acid Tablets,strips,442.8,15,7,14,13
2026-09-09,PHC-044,Udaipur PHC-2,Udaipur,Rajasthan,22.1035,73.4119,Iron Folic Acid Tablets,strips,451.4,15,9,14,11
2026-09-10,PHC-044,Udaipur PHC-2,Udaipur,Rajasthan,22.1035,73.4119,Iron Folic Acid Tablets,strips,458.4,15,8,14,9
2026-09-11,PHC-044,Udaipur PHC-2,Udaipur,Rajasthan,22.1035,73.4119,Iron Folic Acid Tablets,strips,463.4,15,10,14,9
2026-09-12,PHC-044,Udaipur PHC-2,Udaipur,Rajasthan,22.1035,73.4119,Iron Folic Acid Tablets,strips,468.9,15,12,14,10
2026-09-13,PHC-044,Udaipur PHC-2,Udaipur,Rajasthan,22.1035,73.4119,Iron Folic Acid Tablets,strips,472.7,15,8,14,13
2026-09-14,PHC-044,Udaipur PHC-2,Udaipur,Rajasthan,22.1035,73.4119,Iron Folic Acid Tablets,strips,479.1,15,7,14,12
2026-09-15,PHC-044,Udaipur PHC-2,Udaipur,Rajasthan,22.1035,73.4119,Iron Folic Acid Tablets,strips,484.3,15,7,14,11
2026-09-16,PHC-044,Udaipur PHC-2,Udaipur,Rajasthan,22.1035,73.4119,Iron Folic Acid Tablets,strips,490.7,15,7,14,14
2026-09-17,PHC-044,Udaipur PHC-2,Udaipur,Rajasthan,22.1035,73.4119,Iron Folic Acid Tablets,strips,498.4,15,5,14,11
2026-09-18,PHC-044,Udaipur PHC-2,Udaipur,Rajasthan,22.1035,73.4119,Iron Folic Acid Tablets,strips,506.5,15,7,14,12
2026-09-19,PHC-044,Udaipur PHC-2,Udaipur,Rajasthan,22.1035,73.4119,Iron Folic Acid Tablets,strips,511.6,15,6,14,11
2026-09-20,PHC-044,Udaipur PHC-2,Udaipur,Rajasthan,22.1035,73.4119,Iron Folic Acid Tablets,strips,516.3,15,10,14,11
2026-09-21,PHC-044,Udaipur PHC-2,Udaipur,Rajasthan,22.1035,73.4119,Iron Folic Acid Tablets,strips,524.7,15,8,14,12
2026-09-22,PHC-044,Udaipur PHC-2,Udaipur,Rajasthan,22.1035,73.4119,Iron Folic Acid Tablets,strips,530.9,15,8,14,12
2026-09-23,PHC-044,Udaipur PHC-2,Udaipur,Rajasthan,22.1035,73.4119,Iron Folic Acid Tablets,strips,537.0,15,10,14,12
2026-09-24,PHC-044,Udaipur PHC-2,Udaipur,Rajasthan,22.1035,73.4119,Iron Folic Acid Tablets,strips,543.6,15,8,14,11
2026-09-25,PHC-044,Udaipur PHC-2,Udaipur,Rajasthan,22.1035,73.4119,Iron Folic Acid Tablets,strips,547.0,15,6,14,11
2026-09-26,PHC-044,Udaipur PHC-2,Udaipur,Rajasthan,22.1035,73.4119,Iron Folic Acid Tablets,strips,554.8,15,10,14,12
2026-08-28,PHC-045,Udaipur PHC-3,Udaipur,Rajasthan,21.9455,76.9374,Paracetamol,units,676.6,22,8,10,10
2026-08-29,PHC-045,Udaipur PHC-3,Udaipur,Rajasthan,21.9455,76.9374,Paracetamol,units,663.6,22,14,10,8
2026-08-30,PHC-045,Udaipur PHC-3,Udaipur,Rajasthan,21.9455,76.9374,Paracetamol,units,660.2,22,16,10,8
2026-08-31,PHC-045,Udaipur PHC-3,Udaipur,Rajasthan,21.9455,76.9374,Paracetamol,units,655.8,22,8,10,9
2026-09-01,PHC-045,Udaipur PHC-3,Udaipur,Rajasthan,21.9455,76.9374,Paracetamol,units,660.8,22,6,10,7
2026-09-02,PHC-045,Udaipur PHC-3,Udaipur,Rajasthan,21.9455,76.9374,Paracetamol,units,659.9,22,14,10,8
2026-09-03,PHC-045,Udaipur PHC-3,Udaipur,Rajasthan,21.9455,76.9374,Paracetamol,units,663.0,22,12,10,10
2026-09-04,PHC-045,Udaipur PHC-3,Udaipur,Rajasthan,21.9455,76.9374,Paracetamol,units,660.9,22,12,10,8
2026-09-05,PHC-045,Udaipur PHC-3,Udaipur,Rajasthan,21.9455,76.9374,Paracetamol,units,654.0,22,10,10,5
2026-09-06,PHC-045,Udaipur PHC-3,Udaipur,Rajasthan,21.9455,76.9374,Paracetamol,units,657.0,22,12,10,8
2026-09-07,PHC-045,Udaipur PHC-3,Udaipur,Rajasthan,21.9455,76.9374,Paracetamol,units,651.3,22,13,10,9
2026-09-08,PHC-045,Udaipur PHC-3,Udaipur,Rajasthan,21.9455,76.9374,Paracetamol,units,653.9,22,17,10,9
2026-09-09,PHC-045,Udaipur PHC-3,Udaipur,Rajasthan,21.9455,76.9374,Paracetamol,units,651.9,22,19,10,8
2026-09-10,PHC-045,Udaipur PHC-3,Udaipur,Rajasthan,21.9455,76.9374,Paracetamol,units,649.5,22,12,10,9
2026-09-11,PHC-045,Udaipur PHC-3,Udaipur,Rajasthan,21.9455,76.9374,Paracetamol,units,648.2,22,12,10,9
2026-09-12,PHC-045,Udaipur PHC-3,Udaipur,Rajasthan,21.9455,76.9374,Paracetamol,units,651.0,22,14,10,7
2026-09-13,PHC-045,Udaipur PHC-3,Udaipur,Rajasthan,21.9455,76.9374,Paracetamol,units,653.8,22,12,10,9
2026-09-14,PHC-045,Udaipur PHC-3,Udaipur,Rajasthan,21.9455,76.9374,Paracetamol,units,657.2,22,13,10,9
2026-09-15,PHC-045,Udaipur PHC-3,Udaipur,Rajasthan,21.9455,76.9374,Paracetamol,units,657.5,22,15,10,8
2026-09-16,PHC-045,Udaipur PHC-3,Udaipur,Rajasthan,21.9455,76.9374,Paracetamol,units,656.8,22,11,10,6
2026-09-17,PHC-045,Udaipur PHC-3,Udaipur,Rajasthan,21.9455,76.9374,Paracetamol,units,658.8,22,15,10,6
2026-09-18,PHC-045,Udaipur PHC-3,Udaipur,Rajasthan,21.9455,76.9374,Paracetamol,units,654.1,22,12,10,7
2026-09-19,PHC-045,Udaipur PHC-3,Udaipur,Rajasthan,21.9455,76.9374,Paracetamol,units,654.6,22,15,10,10
2026-09-20,PHC-045,Udaipur PHC-3,Udaipur,Rajasthan,21.9455,76.9374,Paracetamol,units,653.1,22,14,10,10
2026-09-21,PHC-045,Udaipur PHC-3,Udaipur,Rajasthan,21.9455,76.9374,Paracetamol,units,655.6,22,7,10,8
2026-09-22,PHC-045,Udaipur PHC-3,Udaipur,Rajasthan,21.9455,76.9374,Paracetamol,units,651.3,22,13,10,8
2026-09-23,PHC-045,Udaipur PHC-3,Udaipur,Rajasthan,21.9455,76.9374,Paracetamol,units,652.2,22,12,10,9
2026-09-24,PHC-045,Udaipur PHC-3,Udaipur,Rajasthan,21.9455,76.9374,Paracetamol,units,648.7,22,14,10,9
2026-09-25,PHC-045,Udaipur PHC-3,Udaipur,Rajasthan,21.9455,76.9374,Paracetamol,units,648.7,22,6,10,9
2026-09-26,PHC-045,Udaipur PHC-3,Udaipur,Rajasthan,21.9455,76.9374,Paracetamol,units,648.3,22,14,10,10
2026-08-28,PHC-045,Udaipur PHC-3,Udaipur,Rajasthan,21.9455,76.9374,ORS Sachets,packets,353.5,22,14,10,7
2026-08-29,PHC-045,Udaipur PHC-3,Udaipur,Rajasthan,21.9455,76.9374,ORS Sachets,packets,355.5,22,9,10,7
2026-08-30,PHC-045,Udaipur PHC-3,Udaipur,Rajasthan,21.9455,76.9374,ORS Sachets,packets,355.2,22,15,10,8
2026-08-31,PHC-045,Udaipur PHC-3,Udaipur,Rajasthan,21.9455,76.9374,ORS Sachets,packets,363.7,22,10,10,7
2026-09-01,PHC-045,Udaipur PHC-3,Udaipur,Rajasthan,21.9455,76.9374,ORS Sachets,packets,367.7,22,14,10,10
2026-09-02,PHC-045,Udaipur PHC-3,Udaipur,Rajasthan,21.9455,76.9374,ORS Sachets,packets,357.9,22,6,10,8
2026-09-03,PHC-045,Udaipur PHC-3,Udaipur,Rajasthan,21.9455,76.9374,ORS Sachets,packets,361.8,22,16,10,6
2026-09-04,PHC-045,Udaipur PHC-3,Udaipur,Rajasthan,21.9455,76.9374,ORS Sachets,packets,364.2,22,12,10,8
2026-09-05,PHC-045,Udaipur PHC-3,Udaipur,Rajasthan,21.9455,76.9374,ORS Sachets,packets,360.1,22,14,10,9
2026-09-06,PHC-045,Udaipur PHC-3,Udaipur,Rajasthan,21.9455,76.9374,ORS Sachets,packets,362.1,22,13,10,7
2026-09-07,PHC-045,Udaipur PHC-3,Udaipur,Rajasthan,21.9455,76.9374,ORS Sachets,packets,363.4,22,11,10,6
2026-09-08,PHC-045,Udaipur PHC-3,Udaipur,Rajasthan,21.9455,76.9374,ORS Sachets,packets,361.3,22,9,10,8
2026-09-09,PHC-045,Udaipur PHC-3,Udaipur,Rajasthan,21.9455,76.9374,ORS Sachets,packets,361.4,22,9,10,9
2026-09-10,PHC-045,Udaipur PHC-3,Udaipur,Rajasthan,21.9455,76.9374,ORS Sachets,packets,371.1,22,17,10,7
2026-09-11,PHC-045,Udaipur PHC-3,Udaipur,Rajasthan,21.9455,76.9374,ORS Sachets,packets,372.2,22,9,10,8
2026-09-12,PHC-045,Udaipur PHC-3,Udaipur,Rajasthan,21.9455,76.9374,ORS Sachets,packets,375.8,22,9,10,8
2026-09-13,PHC-045,Udaipur PHC-3,Udaipur,Rajasthan,21.9455,76.9374,ORS Sachets,packets,371.1,22,7,10,8
2026-09-14,PHC-045,Udaipur PHC-3,Udaipur,Rajasthan,21.9455,76.9374,ORS Sachets,packets,363.3,22,14,10,9
2026-09-15,PHC-045,Udaipur PHC-3,Udaipur,Rajasthan,21.9455,76.9374,ORS Sachets,packets,363.5,22,15,10,9
2026-09-16,PHC-045,Udaipur PHC-3,Udaipur,Rajasthan,21.9455,76.9374,ORS Sachets,packets,360.8,22,11,10,7
2026-09-17,PHC-045,Udaipur PHC-3,Udaipur,Rajasthan,21.9455,76.9374,ORS Sachets,packets,362.4,22,9,10,8
2026-09-18,PHC-045,Udaipur PHC-3,Udaipur,Rajasthan,21.9455,76.9374,ORS Sachets,packets,361.0,22,16,10,10
2026-09-19,PHC-045,Udaipur PHC-3,Udaipur,Rajasthan,21.9455,76.9374,ORS Sachets,packets,361.7,22,17,10,7
2026-09-20,PHC-045,Udaipur PHC-3,Udaipur,Rajasthan,21.9455,76.9374,ORS Sachets,packets,362.1,22,16,10,8
2026-09-21,PHC-045,Udaipur PHC-3,Udaipur,Rajasthan,21.9455,76.9374,ORS Sachets,packets,363.5,22,10,10,7
2026-09-22,PHC-045,Udaipur PHC-3,Udaipur,Rajasthan,21.9455,76.9374,ORS Sachets,packets,366.0,22,7,10,8
2026-09-23,PHC-045,Udaipur PHC-3,Udaipur,Rajasthan,21.9455,76.9374,ORS Sachets,packets,361.1,22,17,10,7
2026-09-24,PHC-045,Udaipur PHC-3,Udaipur,Rajasthan,21.9455,76.9374,ORS Sachets,packets,360.7,22,19,10,7
2026-09-25,PHC-045,Udaipur PHC-3,Udaipur,Rajasthan,21.9455,76.9374,ORS Sachets,packets,357.1,22,16,10,6
2026-09-26,PHC-045,Udaipur PHC-3,Udaipur,Rajasthan,21.9455,76.9374,ORS Sachets,packets,357.2,22,13,10,8
2026-08-28,PHC-045,Udaipur PHC-3,Udaipur,Rajasthan,21.9455,76.9374,Insulin,vials,81.7,22,17,10,7
2026-08-29,PHC-045,Udaipur PHC-3,Udaipur,Rajasthan,21.9455,76.9374,Insulin,vials,83.0,22,9,10,7
2026-08-30,PHC-045,Udaipur PHC-3,Udaipur,Rajasthan,21.9455,76.9374,Insulin,vials,83.7,22,22,10,8
2026-08-31,PHC-045,Udaipur PHC-3,Udaipur,Rajasthan,21.9455,76.9374,Insulin,vials,84.9,22,11,10,6
2026-09-01,PHC-045,Udaipur PHC-3,Udaipur,Rajasthan,21.9455,76.9374,Insulin,vials,85.9,22,15,10,8
2026-09-02,PHC-045,Udaipur PHC-3,Udaipur,Rajasthan,21.9455,76.9374,Insulin,vials,86.8,22,14,10,9
2026-09-03,PHC-045,Udaipur PHC-3,Udaipur,Rajasthan,21.9455,76.9374,Insulin,vials,87.7,22,12,10,8
2026-09-04,PHC-045,Udaipur PHC-3,Udaipur,Rajasthan,21.9455,76.9374,Insulin,vials,88.4,22,14,10,9
2026-09-05,PHC-045,Udaipur PHC-3,Udaipur,Rajasthan,21.9455,76.9374,Insulin,vials,89.2,22,12,10,9
2026-09-06,PHC-045,Udaipur PHC-3,Udaipur,Rajasthan,21.9455,76.9374,Insulin,vials,90.0,22,12,10,10
2026-09-07,PHC-045,Udaipur PHC-3,Udaipur,Rajasthan,21.9455,76.9374,Insulin,vials,90.9,22,7,10,7
2026-09-08,PHC-045,Udaipur PHC-3,Udaipur,Rajasthan,21.9455,76.9374,Insulin,vials,92.0,22,17,10,7
2026-09-09,PHC-045,Udaipur PHC-3,Udaipur,Rajasthan,21.9455,76.9374,Insulin,vials,92.7,22,13,10,8
2026-09-10,PHC-045,Udaipur PHC-3,Udaipur,Rajasthan,21.9455,76.9374,Insulin,vials,94.2,22,19,10,8
2026-09-11,PHC-045,Udaipur PHC-3,Udaipur,Rajasthan,21.9455,76.9374,Insulin,vials,95.0,22,21,10,8
2026-09-12,PHC-045,Udaipur PHC-3,Udaipur,Rajasthan,21.9455,76.9374,Insulin,vials,95.9,22,18,10,9
2026-09-13,PHC-045,Udaipur PHC-3,Udaipur,Rajasthan,21.9455,76.9374,Insulin,vials,96.8,22,13,10,9
2026-09-14,PHC-045,Udaipur PHC-3,Udaipur,Rajasthan,21.9455,76.9374,Insulin,vials,98.1,22,13,10,8
2026-09-15,PHC-045,Udaipur PHC-3,Udaipur,Rajasthan,21.9455,76.9374,Insulin,vials,98.8,22,14,10,9
2026-09-16,PHC-045,Udaipur PHC-3,Udaipur,Rajasthan,21.9455,76.9374,Insulin,vials,100.1,22,15,10,10
2026-09-17,PHC-045,Udaipur PHC-3,Udaipur,Rajasthan,21.9455,76.9374,Insulin,vials,101.0,22,12,10,9
2026-09-18,PHC-045,Udaipur PHC-3,Udaipur,Rajasthan,21.9455,76.9374,Insulin,vials,102.5,22,10,10,10
2026-09-19,PHC-045,Udaipur PHC-3,Udaipur,Rajasthan,21.9455,76.9374,Insulin,vials,103.0,22,16,10,8
2026-09-20,PHC-045,Udaipur PHC-3,Udaipur,Rajasthan,21.9455,76.9374,Insulin,vials,103.8,22,8,10,9
2026-09-21,PHC-045,Udaipur PHC-3,Udaipur,Rajasthan,21.9455,76.9374,Insulin,vials,104.4,22,8,10,9
2026-09-22,PHC-045,Udaipur PHC-3,Udaipur,Rajasthan,21.9455,76.9374,Insulin,vials,105.0,22,10,10,9
2026-09-23,PHC-045,Udaipur PHC-3,Udaipur,Rajasthan,21.9455,76.9374,Insulin,vials,106.4,22,12,10,10
2026-09-24,PHC-045,Udaipur PHC-3,Udaipur,Rajasthan,21.9455,76.9374,Insulin,vials,107.2,22,14,10,6
2026-09-25,PHC-045,Udaipur PHC-3,Udaipur,Rajasthan,21.9455,76.9374,Insulin,vials,108.4,22,17,10,9
2026-09-26,PHC-045,Udaipur PHC-3,Udaipur,Rajasthan,21.9455,76.9374,Insulin,vials,108.9,22,19,10,10
2026-08-28,PHC-045,Udaipur PHC-3,Udaipur,Rajasthan,21.9455,76.9374,Amoxicillin,strips,304.1,22,13,10,7
2026-08-29,PHC-045,Udaipur PHC-3,Udaipur,Rajasthan,21.9455,76.9374,Amoxicillin,strips,297.6,22,13,10,5
2026-08-30,PHC-045,Udaipur PHC-3,Udaipur,Rajasthan,21.9455,76.9374,Amoxicillin,strips,301.5,22,10,10,7
2026-08-31,PHC-045,Udaipur PHC-3,Udaipur,Rajasthan,21.9455,76.9374,Amoxicillin,strips,297.7,22,13,10,7
2026-09-01,PHC-045,Udaipur PHC-3,Udaipur,Rajasthan,21.9455,76.9374,Amoxicillin,strips,296.9,22,13,10,10
2026-09-02,PHC-045,Udaipur PHC-3,Udaipur,Rajasthan,21.9455,76.9374,Amoxicillin,strips,298.9,22,11,10,8
2026-09-03,PHC-045,Udaipur PHC-3,Udaipur,Rajasthan,21.9455,76.9374,Amoxicillin,strips,299.0,22,15,10,7
2026-09-04,PHC-045,Udaipur PHC-3,Udaipur,Rajasthan,21.9455,76.9374,Amoxicillin,strips,297.4,22,11,10,8
2026-09-05,PHC-045,Udaipur PHC-3,Udaipur,Rajasthan,21.9455,76.9374,Amoxicillin,strips,303.6,22,22,10,7
2026-09-06,PHC-045,Udaipur PHC-3,Udaipur,Rajasthan,21.9455,76.9374,Amoxicillin,strips,305.9,22,12,10,7
2026-09-07,PHC-045,Udaipur PHC-3,Udaipur,Rajasthan,21.9455,76.9374,Amoxicillin,strips,307.6,22,14,10,10
2026-09-08,PHC-045,Udaipur PHC-3,Udaipur,Rajasthan,21.9455,76.9374,Amoxicillin,strips,307.4,22,9,10,7
2026-09-09,PHC-045,Udaipur PHC-3,Udaipur,Rajasthan,21.9455,76.9374,Amoxicillin,strips,309.0,22,12,10,10
2026-09-10,PHC-045,Udaipur PHC-3,Udaipur,Rajasthan,21.9455,76.9374,Amoxicillin,strips,312.1,22,13,10,10
2026-09-11,PHC-045,Udaipur PHC-3,Udaipur,Rajasthan,21.9455,76.9374,Amoxicillin,strips,312.2,22,12,10,8
2026-09-12,PHC-045,Udaipur PHC-3,Udaipur,Rajasthan,21.9455,76.9374,Amoxicillin,strips,309.3,22,14,10,7
2026-09-13,PHC-045,Udaipur PHC-3,Udaipur,Rajasthan,21.9455,76.9374,Amoxicillin,strips,308.8,22,13,10,8
2026-09-14,PHC-045,Udaipur PHC-3,Udaipur,Rajasthan,21.9455,76.9374,Amoxicillin,strips,312.7,22,20,10,7
2026-09-15,PHC-045,Udaipur PHC-3,Udaipur,Rajasthan,21.9455,76.9374,Amoxicillin,strips,310.9,22,11,10,10
2026-09-16,PHC-045,Udaipur PHC-3,Udaipur,Rajasthan,21.9455,76.9374,Amoxicillin,strips,300.5,22,10,10,6
2026-09-17,PHC-045,Udaipur PHC-3,Udaipur,Rajasthan,21.9455,76.9374,Amoxicillin,strips,295.9,22,13,10,6
2026-09-18,PHC-045,Udaipur PHC-3,Udaipur,Rajasthan,21.9455,76.9374,Amoxicillin,strips,290.5,22,12,10,8
2026-09-19,PHC-045,Udaipur PHC-3,Udaipur,Rajasthan,21.9455,76.9374,Amoxicillin,strips,291.6,22,17,10,8
2026-09-20,PHC-045,Udaipur PHC-3,Udaipur,Rajasthan,21.9455,76.9374,Amoxicillin,strips,292.7,22,16,10,9
2026-09-21,PHC-045,Udaipur PHC-3,Udaipur,Rajasthan,21.9455,76.9374,Amoxicillin,strips,293.6,22,13,10,8
2026-09-22,PHC-045,Udaipur PHC-3,Udaipur,Rajasthan,21.9455,76.9374,Amoxicillin,strips,293.0,22,11,10,7
2026-09-23,PHC-045,Udaipur PHC-3,Udaipur,Rajasthan,21.9455,76.9374,Amoxicillin,strips,283.2,22,12,10,9
2026-09-24,PHC-045,Udaipur PHC-3,Udaipur,Rajasthan,21.9455,76.9374,Amoxicillin,strips,284.0,22,20,10,8
2026-09-25,PHC-045,Udaipur PHC-3,Udaipur,Rajasthan,21.9455,76.9374,Amoxicillin,strips,280.6,22,12,10,7
2026-09-26,PHC-045,Udaipur PHC-3,Udaipur,Rajasthan,21.9455,76.9374,Amoxicillin,strips,279.9,22,17,10,7
2026-08-28,PHC-045,Udaipur PHC-3,Udaipur,Rajasthan,21.9455,76.9374,Iron Folic Acid Tablets,strips,564.4,22,13,10,5
2026-08-29,PHC-045,Udaipur PHC-3,Udaipur,Rajasthan,21.9455,76.9374,Iron Folic Acid Tablets,strips,567.5,22,12,10,9
2026-08-30,PHC-045,Udaipur PHC-3,Udaipur,Rajasthan,21.9455,76.9374,Iron Folic Acid Tablets,strips,573.9,22,13,10,8
2026-08-31,PHC-045,Udaipur PHC-3,Udaipur,Rajasthan,21.9455,76.9374,Iron Folic Acid Tablets,strips,582.6,22,16,10,8
2026-09-01,PHC-045,Udaipur PHC-3,Udaipur,Rajasthan,21.9455,76.9374,Iron Folic Acid Tablets,strips,586.9,22,11,10,7
2026-09-02,PHC-045,Udaipur PHC-3,Udaipur,Rajasthan,21.9455,76.9374,Iron Folic Acid Tablets,strips,595.2,22,11,10,5
2026-09-03,PHC-045,Udaipur PHC-3,Udaipur,Rajasthan,21.9455,76.9374,Iron Folic Acid Tablets,strips,601.5,22,14,10,8
2026-09-04,PHC-045,Udaipur PHC-3,Udaipur,Rajasthan,21.9455,76.9374,Iron Folic Acid Tablets,strips,607.8,22,13,10,8
2026-09-05,PHC-045,Udaipur PHC-3,Udaipur,Rajasthan,21.9455,76.9374,Iron Folic Acid Tablets,strips,611.1,22,11,10,9
2026-09-06,PHC-045,Udaipur PHC-3,Udaipur,Rajasthan,21.9455,76.9374,Iron Folic Acid Tablets,strips,619.1,22,11,10,10
2026-09-07,PHC-045,Udaipur PHC-3,Udaipur,Rajasthan,21.9455,76.9374,Iron Folic Acid Tablets,strips,624.0,22,11,10,6
2026-09-08,PHC-045,Udaipur PHC-3,Udaipur,Rajasthan,21.9455,76.9374,Iron Folic Acid Tablets,strips,631.2,22,13,10,9
2026-09-09,PHC-045,Udaipur PHC-3,Udaipur,Rajasthan,21.9455,76.9374,Iron Folic Acid Tablets,strips,637.3,22,12,10,7
2026-09-10,PHC-045,Udaipur PHC-3,Udaipur,Rajasthan,21.9455,76.9374,Iron Folic Acid Tablets,strips,642.9,22,8,10,9
2026-09-11,PHC-045,Udaipur PHC-3,Udaipur,Rajasthan,21.9455,76.9374,Iron Folic Acid Tablets,strips,649.9,22,13,10,9
2026-09-12,PHC-045,Udaipur PHC-3,Udaipur,Rajasthan,21.9455,76.9374,Iron Folic Acid Tablets,strips,653.3,22,13,10,10
2026-09-13,PHC-045,Udaipur PHC-3,Udaipur,Rajasthan,21.9455,76.9374,Iron Folic Acid Tablets,strips,659.0,22,12,10,7
2026-09-14,PHC-045,Udaipur PHC-3,Udaipur,Rajasthan,21.9455,76.9374,Iron Folic Acid Tablets,strips,666.8,22,8,10,10
2026-09-15,PHC-045,Udaipur PHC-3,Udaipur,Rajasthan,21.9455,76.9374,Iron Folic Acid Tablets,strips,673.0,22,18,10,8
2026-09-16,PHC-045,Udaipur PHC-3,Udaipur,Rajasthan,21.9455,76.9374,Iron Folic Acid Tablets,strips,678.7,22,15,10,9
2026-09-17,PHC-045,Udaipur PHC-3,Udaipur,Rajasthan,21.9455,76.9374,Iron Folic Acid Tablets,strips,683.6,22,6,10,6
2026-09-18,PHC-045,Udaipur PHC-3,Udaipur,Rajasthan,21.9455,76.9374,Iron Folic Acid Tablets,strips,686.8,22,18,10,6
2026-09-19,PHC-045,Udaipur PHC-3,Udaipur,Rajasthan,21.9455,76.9374,Iron Folic Acid Tablets,strips,693.6,22,12,10,10
2026-09-20,PHC-045,Udaipur PHC-3,Udaipur,Rajasthan,21.9455,76.9374,Iron Folic Acid Tablets,strips,698.8,22,14,10,9
2026-09-21,PHC-045,Udaipur PHC-3,Udaipur,Rajasthan,21.9455,76.9374,Iron Folic Acid Tablets,strips,704.4,22,8,10,9
2026-09-22,PHC-045,Udaipur PHC-3,Udaipur,Rajasthan,21.9455,76.9374,Iron Folic Acid Tablets,strips,708.8,22,12,10,9
2026-09-23,PHC-045,Udaipur PHC-3,Udaipur,Rajasthan,21.9455,76.9374,Iron Folic Acid Tablets,strips,714.9,22,16,10,10
2026-09-24,PHC-045,Udaipur PHC-3,Udaipur,Rajasthan,21.9455,76.9374,Iron Folic Acid Tablets,strips,722.0,22,6,10,9
2026-09-25,PHC-045,Udaipur PHC-3,Udaipur,Rajasthan,21.9455,76.9374,Iron Folic Acid Tablets,strips,726.3,22,14,10,8
2026-09-26,PHC-045,Udaipur PHC-3,Udaipur,Rajasthan,21.9455,76.9374,Iron Folic Acid Tablets,strips,730.4,22,16,10,8
2026-08-28,PHC-046,Chennai PHC-1,Chennai,Tamil Nadu,8.5473,89.1712,Paracetamol,units,540.5,18,11,9,6
2026-08-29,PHC-046,Chennai PHC-1,Chennai,Tamil Nadu,8.5473,89.1712,Paracetamol,units,532.9,18,16,9,6
2026-08-30,PHC-046,Chennai PHC-1,Chennai,Tamil Nadu,8.5473,89.1712,Paracetamol,units,518.8,18,12,9,7
2026-08-31,PHC-046,Chennai PHC-1,Chennai,Tamil Nadu,8.5473,89.1712,Paracetamol,units,501.7,18,11,9,6
2026-09-01,PHC-046,Chennai PHC-1,Chennai,Tamil Nadu,8.5473,89.1712,Paracetamol,units,486.5,18,9,9,9
2026-09-02,PHC-046,Chennai PHC-1,Chennai,Tamil Nadu,8.5473,89.1712,Paracetamol,units,479.7,18,8,9,8
2026-09-03,PHC-046,Chennai PHC-1,Chennai,Tamil Nadu,8.5473,89.1712,Paracetamol,units,470.0,18,11,9,7
2026-09-04,PHC-046,Chennai PHC-1,Chennai,Tamil Nadu,8.5473,89.1712,Paracetamol,units,456.0,18,8,9,9
2026-09-05,PHC-046,Chennai PHC-1,Chennai,Tamil Nadu,8.5473,89.1712,Paracetamol,units,442.7,18,9,9,6
2026-09-06,PHC-046,Chennai PHC-1,Chennai,Tamil Nadu,8.5473,89.1712,Paracetamol,units,425.8,18,9,9,6
2026-09-07,PHC-046,Chennai PHC-1,Chennai,Tamil Nadu,8.5473,89.1712,Paracetamol,units,416.1,18,10,9,7
2026-09-08,PHC-046,Chennai PHC-1,Chennai,Tamil Nadu,8.5473,89.1712,Paracetamol,units,400.5,18,9,9,7
2026-09-09,PHC-046,Chennai PHC-1,Chennai,Tamil Nadu,8.5473,89.1712,Paracetamol,units,384.7,18,11,9,9
2026-09-10,PHC-046,Chennai PHC-1,Chennai,Tamil Nadu,8.5473,89.1712,Paracetamol,units,372.3,18,16,9,6
2026-09-11,PHC-046,Chennai PHC-1,Chennai,Tamil Nadu,8.5473,89.1712,Paracetamol,units,353.4,18,11,9,8
2026-09-12,PHC-046,Chennai PHC-1,Chennai,Tamil Nadu,8.5473,89.1712,Paracetamol,units,338.2,18,9,9,8
2026-09-13,PHC-046,Chennai PHC-1,Chennai,Tamil Nadu,8.5473,89.1712,Paracetamol,units,324.2,18,6,9,7
2026-09-14,PHC-046,Chennai PHC-1,Chennai,Tamil Nadu,8.5473,89.1712,Paracetamol,units,305.7,18,11,9,8
2026-09-15,PHC-046,Chennai PHC-1,Chennai,Tamil Nadu,8.5473,89.1712,Paracetamol,units,286.5,18,11,9,7
2026-09-16,PHC-046,Chennai PHC-1,Chennai,Tamil Nadu,8.5473,89.1712,Paracetamol,units,268.4,18,8,9,8
2026-09-17,PHC-046,Chennai PHC-1,Chennai,Tamil Nadu,8.5473,89.1712,Paracetamol,units,251.5,18,11,9,9
2026-09-18,PHC-046,Chennai PHC-1,Chennai,Tamil Nadu,8.5473,89.1712,Paracetamol,units,237.8,18,14,9,7
2026-09-19,PHC-046,Chennai PHC-1,Chennai,Tamil Nadu,8.5473,89.1712,Paracetamol,units,218.9,18,7,9,7
2026-09-20,PHC-046,Chennai PHC-1,Chennai,Tamil Nadu,8.5473,89.1712,Paracetamol,units,210.9,18,11,9,8
2026-09-21,PHC-046,Chennai PHC-1,Chennai,Tamil Nadu,8.5473,89.1712,Paracetamol,units,194.2,18,10,9,6
2026-09-22,PHC-046,Chennai PHC-1,Chennai,Tamil Nadu,8.5473,89.1712,Paracetamol,units,186.2,18,9,9,6
2026-09-23,PHC-046,Chennai PHC-1,Chennai,Tamil Nadu,8.5473,89.1712,Paracetamol,units,167.2,18,11,9,7
2026-09-24,PHC-046,Chennai PHC-1,Chennai,Tamil Nadu,8.5473,89.1712,Paracetamol,units,157.6,18,10,9,7
2026-09-25,PHC-046,Chennai PHC-1,Chennai,Tamil Nadu,8.5473,89.1712,Paracetamol,units,140.0,18,12,9,7
2026-09-26,PHC-046,Chennai PHC-1,Chennai,Tamil Nadu,8.5473,89.1712,Paracetamol,units,124.1,18,10,9,8
2026-08-28,PHC-046,Chennai PHC-1,Chennai,Tamil Nadu,8.5473,89.1712,ORS Sachets,packets,195.6,18,13,9,9
2026-08-29,PHC-046,Chennai PHC-1,Chennai,Tamil Nadu,8.5473,89.1712,ORS Sachets,packets,196.1,18,9,9,8
2026-08-30,PHC-046,Chennai PHC-1,Chennai,Tamil Nadu,8.5473,89.1712,ORS Sachets,packets,203.9,18,9,9,9
2026-08-31,PHC-046,Chennai PHC-1,Chennai,Tamil Nadu,8.5473,89.1712,ORS Sachets,packets,205.5,18,10,9,7
2026-09-01,PHC-046,Chennai PHC-1,Chennai,Tamil Nadu,8.5473,89.1712,ORS Sachets,packets,209.7,18,8,9,7
2026-09-02,PHC-046,Chennai PHC-1,Chennai,Tamil Nadu,8.5473,89.1712,ORS Sachets,packets,206.4,18,13,9,8
2026-09-03,PHC-046,Chennai PHC-1,Chennai,Tamil Nadu,8.5473,89.1712,ORS Sachets,packets,208.9,18,6,9,7
2026-09-04,PHC-046,Chennai PHC-1,Chennai,Tamil Nadu,8.5473,89.1712,ORS Sachets,packets,209.2,18,11,9,7
2026-09-05,PHC-046,Chennai PHC-1,Chennai,Tamil Nadu,8.5473,89.1712,ORS Sachets,packets,208.8,18,14,9,6
2026-09-06,PHC-046,Chennai PHC-1,Chennai,Tamil Nadu,8.5473,89.1712,ORS Sachets,packets,206.7,18,11,9,8
2026-09-07,PHC-046,Chennai PHC-1,Chennai,Tamil Nadu,8.5473,89.1712,ORS Sachets,packets,210.4,18,12,9,7
2026-09-08,PHC-046,Chennai PHC-1,Chennai,Tamil Nadu,8.5473,89.1712,ORS Sachets,packets,208.3,18,9,9,8
2026-09-09,PHC-046,Chennai PHC-1,Chennai,Tamil Nadu,8.5473,89.1712,ORS Sachets,packets,209.3,18,10,9,7
2026-09-10,PHC-046,Chennai PHC-1,Chennai,Tamil Nadu,8.5473,89.1712,ORS Sachets,packets,209.7,18,8,9,6
2026-09-11,PHC-046,Chennai PHC-1,Chennai,Tamil Nadu,8.5473,89.1712,ORS Sachets,packets,207.0,18,11,9,9
2026-09-12,PHC-046,Chennai PHC-1,Chennai,Tamil Nadu,8.5473,89.1712,ORS Sachets,packets,205.5,18,8,9,9
2026-09-13,PHC-046,Chennai PHC-1,Chennai,Tamil Nadu,8.5473,89.1712,ORS Sachets,packets,203.3,18,11,9,7
2026-09-14,PHC-046,Chennai PHC-1,Chennai,Tamil Nadu,8.5473,89.1712,ORS Sachets,packets,197.0,18,10,9,8
2026-09-15,PHC-046,Chennai PHC-1,Chennai,Tamil Nadu,8.5473,89.1712,ORS Sachets,packets,194.9,18,8,9,7
2026-09-16,PHC-046,Chennai PHC-1,Chennai,Tamil Nadu,8.5473,89.1712,ORS Sachets,packets,200.1,18,11,9,6
2026-09-17,PHC-046,Chennai PHC-1,Chennai,Tamil Nadu,8.5473,89.1712,ORS Sachets,packets,198.2,18,6,9,8
2026-09-18,PHC-046,Chennai PHC-1,Chennai,Tamil Nadu,8.5473,89.1712,ORS Sachets,packets,198.9,18,12,9,8
2026-09-19,PHC-046,Chennai PHC-1,Chennai,Tamil Nadu,8.5473,89.1712,ORS Sachets,packets,201.1,18,14,9,7
2026-09-20,PHC-046,Chennai PHC-1,Chennai,Tamil Nadu,8.5473,89.1712,ORS Sachets,packets,199.2,18,8,9,9
2026-09-21,PHC-046,Chennai PHC-1,Chennai,Tamil Nadu,8.5473,89.1712,ORS Sachets,packets,201.9,18,9,9,9
2026-09-22,PHC-046,Chennai PHC-1,Chennai,Tamil Nadu,8.5473,89.1712,ORS Sachets,packets,200.0,18,9,9,9
2026-09-23,PHC-046,Chennai PHC-1,Chennai,Tamil Nadu,8.5473,89.1712,ORS Sachets,packets,197.0,18,18,9,8
2026-09-24,PHC-046,Chennai PHC-1,Chennai,Tamil Nadu,8.5473,89.1712,ORS Sachets,packets,193.4,18,6,9,7
2026-09-25,PHC-046,Chennai PHC-1,Chennai,Tamil Nadu,8.5473,89.1712,ORS Sachets,packets,198.7,18,5,9,6
2026-09-26,PHC-046,Chennai PHC-1,Chennai,Tamil Nadu,8.5473,89.1712,ORS Sachets,packets,206.4,18,13,9,8
2026-08-28,PHC-046,Chennai PHC-1,Chennai,Tamil Nadu,8.5473,89.1712,Insulin,vials,139.4,18,10,9,7
2026-08-29,PHC-046,Chennai PHC-1,Chennai,Tamil Nadu,8.5473,89.1712,Insulin,vials,140.0,18,8,9,6
2026-08-30,PHC-046,Chennai PHC-1,Chennai,Tamil Nadu,8.5473,89.1712,Insulin,vials,141.2,18,8,9,7
2026-08-31,PHC-046,Chennai PHC-1,Chennai,Tamil Nadu,8.5473,89.1712,Insulin,vials,142.5,18,12,9,6
2026-09-01,PHC-046,Chennai PHC-1,Chennai,Tamil Nadu,8.5473,89.1712,Insulin,vials,144.0,18,9,9,7
2026-09-02,PHC-046,Chennai PHC-1,Chennai,Tamil Nadu,8.5473,89.1712,Insulin,vials,145.3,18,8,9,8
2026-09-03,PHC-046,Chennai PHC-1,Chennai,Tamil Nadu,8.5473,89.1712,Insulin,vials,146.7,18,11,9,7
2026-09-04,PHC-046,Chennai PHC-1,Chennai,Tamil Nadu,8.5473,89.1712,Insulin,vials,147.6,18,10,9,7
2026-09-05,PHC-046,Chennai PHC-1,Chennai,Tamil Nadu,8.5473,89.1712,Insulin,vials,148.5,18,11,9,8
2026-09-06,PHC-046,Chennai PHC-1,Chennai,Tamil Nadu,8.5473,89.1712,Insulin,vials,149.4,18,5,9,8
2026-09-07,PHC-046,Chennai PHC-1,Chennai,Tamil Nadu,8.5473,89.1712,Insulin,vials,150.6,18,12,9,7
2026-09-08,PHC-046,Chennai PHC-1,Chennai,Tamil Nadu,8.5473,89.1712,Insulin,vials,151.5,18,8,9,7
2026-09-09,PHC-046,Chennai PHC-1,Chennai,Tamil Nadu,8.5473,89.1712,Insulin,vials,152.3,18,6,9,8
2026-09-10,PHC-046,Chennai PHC-1,Chennai,Tamil Nadu,8.5473,89.1712,Insulin,vials,153.3,18,13,9,8
2026-09-11,PHC-046,Chennai PHC-1,Chennai,Tamil Nadu,8.5473,89.1712,Insulin,vials,153.9,18,11,9,8
2026-09-12,PHC-046,Chennai PHC-1,Chennai,Tamil Nadu,8.5473,89.1712,Insulin,vials,155.3,18,11,9,8
2026-09-13,PHC-046,Chennai PHC-1,Chennai,Tamil Nadu,8.5473,89.1712,Insulin,vials,156.7,18,11,9,4
2026-09-14,PHC-046,Chennai PHC-1,Chennai,Tamil Nadu,8.5473,89.1712,Insulin,vials,158.1,18,12,9,7
2026-09-15,PHC-046,Chennai PHC-1,Chennai,Tamil Nadu,8.5473,89.1712,Insulin,vials,159.5,18,10,9,7
2026-09-16,PHC-046,Chennai PHC-1,Chennai,Tamil Nadu,8.5473,89.1712,Insulin,vials,160.3,18,6,9,5
2026-09-17,PHC-046,Chennai PHC-1,Chennai,Tamil Nadu,8.5473,89.1712,Insulin,vials,161.4,18,9,9,8
2026-09-18,PHC-046,Chennai PHC-1,Chennai,Tamil Nadu,8.5473,89.1712,Insulin,vials,162.6,18,11,9,7
2026-09-19,PHC-046,Chennai PHC-1,Chennai,Tamil Nadu,8.5473,89.1712,Insulin,vials,163.7,18,11,9,7
2026-09-20,PHC-046,Chennai PHC-1,Chennai,Tamil Nadu,8.5473,89.1712,Insulin,vials,164.7,18,12,9,9
2026-09-21,PHC-046,Chennai PHC-1,Chennai,Tamil Nadu,8.5473,89.1712,Insulin,vials,165.5,18,9,9,6
2026-09-22,PHC-046,Chennai PHC-1,Chennai,Tamil Nadu,8.5473,89.1712,Insulin,vials,166.8,18,10,9,7
2026-09-23,PHC-046,Chennai PHC-1,Chennai,Tamil Nadu,8.5473,89.1712,Insulin,vials,168.0,18,6,9,7
2026-09-24,PHC-046,Chennai PHC-1,Chennai,Tamil Nadu,8.5473,89.1712,Insulin,vials,169.5,18,9,9,7
2026-09-25,PHC-046,Chennai PHC-1,Chennai,Tamil Nadu,8.5473,89.1712,Insulin,vials,170.4,18,12,9,8
2026-09-26,PHC-046,Chennai PHC-1,Chennai,Tamil Nadu,8.5473,89.1712,Insulin,vials,171.4,18,9,9,6
2026-08-28,PHC-046,Chennai PHC-1,Chennai,Tamil Nadu,8.5473,89.1712,Amoxicillin,strips,458.6,18,9,9,8
2026-08-29,PHC-046,Chennai PHC-1,Chennai,Tamil Nadu,8.5473,89.1712,Amoxicillin,strips,456.4,18,5,9,8
2026-08-30,PHC-046,Chennai PHC-1,Chennai,Tamil Nadu,8.5473,89.1712,Amoxicillin,strips,458.1,18,10,9,8
2026-08-31,PHC-046,Chennai PHC-1,Chennai,Tamil Nadu,8.5473,89.1712,Amoxicillin,strips,457.6,18,10,9,8
2026-09-01,PHC-046,Chennai PHC-1,Chennai,Tamil Nadu,8.5473,89.1712,Amoxicillin,strips,466.4,18,15,9,5
2026-09-02,PHC-046,Chennai PHC-1,Chennai,Tamil Nadu,8.5473,89.1712,Amoxicillin,strips,464.6,18,14,9,7
2026-09-03,PHC-046,Chennai PHC-1,Chennai,Tamil Nadu,8.5473,89.1712,Amoxicillin,strips,457.8,18,6,9,9
2026-09-04,PHC-046,Chennai PHC-1,Chennai,Tamil Nadu,8.5473,89.1712,Amoxicillin,strips,455.2,18,11,9,6
2026-09-05,PHC-046,Chennai PHC-1,Chennai,Tamil Nadu,8.5473,89.1712,Amoxicillin,strips,452.2,18,8,9,7
2026-09-06,PHC-046,Chennai PHC-1,Chennai,Tamil Nadu,8.5473,89.1712,Amoxicillin,strips,454.7,18,12,9,7
2026-09-07,PHC-046,Chennai PHC-1,Chennai,Tamil Nadu,8.5473,89.1712,Amoxicillin,strips,451.4,18,8,9,8
2026-09-08,PHC-046,Chennai PHC-1,Chennai,Tamil Nadu,8.5473,89.1712,Amoxicillin,strips,451.3,18,10,9,9
2026-09-09,PHC-046,Chennai PHC-1,Chennai,Tamil Nadu,8.5473,89.1712,Amoxicillin,strips,447.6,18,6,9,6
2026-09-10,PHC-046,Chennai PHC-1,Chennai,Tamil Nadu,8.5473,89.1712,Amoxicillin,strips,452.6,18,13,9,6
2026-09-11,PHC-046,Chennai PHC-1,Chennai,Tamil Nadu,8.5473,89.1712,Amoxicillin,strips,446.8,18,11,9,7
2026-09-12,PHC-046,Chennai PHC-1,Chennai,Tamil Nadu,8.5473,89.1712,Amoxicillin,strips,449.4,18,12,9,5
2026-09-13,PHC-046,Chennai PHC-1,Chennai,Tamil Nadu,8.5473,89.1712,Amoxicillin,strips,454.0,18,9,9,5
2026-09-14,PHC-046,Chennai PHC-1,Chennai,Tamil Nadu,8.5473,89.1712,Amoxicillin,strips,452.7,18,13,9,7
2026-09-15,PHC-046,Chennai PHC-1,Chennai,Tamil Nadu,8.5473,89.1712,Amoxicillin,strips,456.2,18,7,9,9
2026-09-16,PHC-046,Chennai PHC-1,Chennai,Tamil Nadu,8.5473,89.1712,Amoxicillin,strips,457.1,18,11,9,7
2026-09-17,PHC-046,Chennai PHC-1,Chennai,Tamil Nadu,8.5473,89.1712,Amoxicillin,strips,455.3,18,8,9,9
2026-09-18,PHC-046,Chennai PHC-1,Chennai,Tamil Nadu,8.5473,89.1712,Amoxicillin,strips,461.4,18,13,9,8
2026-09-19,PHC-046,Chennai PHC-1,Chennai,Tamil Nadu,8.5473,89.1712,Amoxicillin,strips,462.2,18,12,9,7
2026-09-20,PHC-046,Chennai PHC-1,Chennai,Tamil Nadu,8.5473,89.1712,Amoxicillin,strips,453.3,18,14,9,4
2026-09-21,PHC-046,Chennai PHC-1,Chennai,Tamil Nadu,8.5473,89.1712,Amoxicillin,strips,452.8,18,11,9,6
2026-09-22,PHC-046,Chennai PHC-1,Chennai,Tamil Nadu,8.5473,89.1712,Amoxicillin,strips,454.0,18,18,9,7
2026-09-23,PHC-046,Chennai PHC-1,Chennai,Tamil Nadu,8.5473,89.1712,Amoxicillin,strips,449.0,18,13,9,7
2026-09-24,PHC-046,Chennai PHC-1,Chennai,Tamil Nadu,8.5473,89.1712,Amoxicillin,strips,449.6,18,15,9,7
2026-09-25,PHC-046,Chennai PHC-1,Chennai,Tamil Nadu,8.5473,89.1712,Amoxicillin,strips,448.1,18,13,9,8
2026-09-26,PHC-046,Chennai PHC-1,Chennai,Tamil Nadu,8.5473,89.1712,Amoxicillin,strips,450.9,18,7,9,8
2026-08-28,PHC-046,Chennai PHC-1,Chennai,Tamil Nadu,8.5473,89.1712,Iron Folic Acid Tablets,strips,630.0,18,11,9,9
2026-08-29,PHC-046,Chennai PHC-1,Chennai,Tamil Nadu,8.5473,89.1712,Iron Folic Acid Tablets,strips,630.2,18,14,9,6
2026-08-30,PHC-046,Chennai PHC-1,Chennai,Tamil Nadu,8.5473,89.1712,Iron Folic Acid Tablets,strips,623.6,18,10,9,8
2026-08-31,PHC-046,Chennai PHC-1,Chennai,Tamil Nadu,8.5473,89.1712,Iron Folic Acid Tablets,strips,613.5,18,8,9,8
2026-09-01,PHC-046,Chennai PHC-1,Chennai,Tamil Nadu,8.5473,89.1712,Iron Folic Acid Tablets,strips,604.8,18,10,9,7
2026-09-02,PHC-046,Chennai PHC-1,Chennai,Tamil Nadu,8.5473,89.1712,Iron Folic Acid Tablets,strips,607.3,18,12,9,6
2026-09-03,PHC-046,Chennai PHC-1,Chennai,Tamil Nadu,8.5473,89.1712,Iron Folic Acid Tablets,strips,613.1,18,9,9,7
2026-09-04,PHC-046,Chennai PHC-1,Chennai,Tamil Nadu,8.5473,89.1712,Iron Folic Acid Tablets,strips,612.9,18,11,9,5
2026-09-05,PHC-046,Chennai PHC-1,Chennai,Tamil Nadu,8.5473,89.1712,Iron Folic Acid Tablets,strips,602.4,18,12,9,5
2026-09-06,PHC-046,Chennai PHC-1,Chennai,Tamil Nadu,8.5473,89.1712,Iron Folic Acid Tablets,strips,608.4,18,11,9,7
2026-09-07,PHC-046,Chennai PHC-1,Chennai,Tamil Nadu,8.5473,89.1712,Iron Folic Acid Tablets,strips,611.9,18,10,9,4
2026-09-08,PHC-046,Chennai PHC-1,Chennai,Tamil Nadu,8.5473,89.1712,Iron Folic Acid Tablets,strips,613.9,18,10,9,5
2026-09-09,PHC-046,Chennai PHC-1,Chennai,Tamil Nadu,8.5473,89.1712,Iron Folic Acid Tablets,strips,608.5,18,7,9,7
2026-09-10,PHC-046,Chennai PHC-1,Chennai,Tamil Nadu,8.5473,89.1712,Iron Folic Acid Tablets,strips,607.0,18,12,9,7
2026-09-11,PHC-046,Chennai PHC-1,Chennai,Tamil Nadu,8.5473,89.1712,Iron Folic Acid Tablets,strips,604.4,18,9,9,7
2026-09-12,PHC-046,Chennai PHC-1,Chennai,Tamil Nadu,8.5473,89.1712,Iron Folic Acid Tablets,strips,597.6,18,14,9,8
2026-09-13,PHC-046,Chennai PHC-1,Chennai,Tamil Nadu,8.5473,89.1712,Iron Folic Acid Tablets,strips,598.2,18,13,9,8
2026-09-14,PHC-046,Chennai PHC-1,Chennai,Tamil Nadu,8.5473,89.1712,Iron Folic Acid Tablets,strips,597.9,18,11,9,8
2026-09-15,PHC-046,Chennai PHC-1,Chennai,Tamil Nadu,8.5473,89.1712,Iron Folic Acid Tablets,strips,592.5,18,15,9,7
2026-09-16,PHC-046,Chennai PHC-1,Chennai,Tamil Nadu,8.5473,89.1712,Iron Folic Acid Tablets,strips,605.6,18,9,9,6
2026-09-17,PHC-046,Chennai PHC-1,Chennai,Tamil Nadu,8.5473,89.1712,Iron Folic Acid Tablets,strips,610.9,18,14,9,9
2026-09-18,PHC-046,Chennai PHC-1,Chennai,Tamil Nadu,8.5473,89.1712,Iron Folic Acid Tablets,strips,612.4,18,8,9,4
2026-09-19,PHC-046,Chennai PHC-1,Chennai,Tamil Nadu,8.5473,89.1712,Iron Folic Acid Tablets,strips,607.1,18,12,9,5
2026-09-20,PHC-046,Chennai PHC-1,Chennai,Tamil Nadu,8.5473,89.1712,Iron Folic Acid Tablets,strips,609.5,18,11,9,7
2026-09-21,PHC-046,Chennai PHC-1,Chennai,Tamil Nadu,8.5473,89.1712,Iron Folic Acid Tablets,strips,618.7,18,8,9,9
2026-09-22,PHC-046,Chennai PHC-1,Chennai,Tamil Nadu,8.5473,89.1712,Iron Folic Acid Tablets,strips,617.8,18,10,9,7
2026-09-23,PHC-046,Chennai PHC-1,Chennai,Tamil Nadu,8.5473,89.1712,Iron Folic Acid Tablets,strips,613.1,18,14,9,8
2026-09-24,PHC-046,Chennai PHC-1,Chennai,Tamil Nadu,8.5473,89.1712,Iron Folic Acid Tablets,strips,609.5,18,8,9,7
2026-09-25,PHC-046,Chennai PHC-1,Chennai,Tamil Nadu,8.5473,89.1712,Iron Folic Acid Tablets,strips,602.7,18,13,9,7
2026-09-26,PHC-046,Chennai PHC-1,Chennai,Tamil Nadu,8.5473,89.1712,Iron Folic Acid Tablets,strips,605.9,18,13,9,5
2026-08-28,PHC-047,Chennai PHC-2,Chennai,Tamil Nadu,26.7856,71.6546,Paracetamol,units,412.0,15,9,9,9
2026-08-29,PHC-047,Chennai PHC-2,Chennai,Tamil Nadu,26.7856,71.6546,Paracetamol,units,408.6,15,8,9,6
2026-08-30,PHC-047,Chennai PHC-2,Chennai,Tamil Nadu,26.7856,71.6546,Paracetamol,units,390.0,15,7,9,9
2026-08-31,PHC-047,Chennai PHC-2,Chennai,Tamil Nadu,26.7856,71.6546,Paracetamol,units,397.7,15,13,9,7
2026-09-01,PHC-047,Chennai PHC-2,Chennai,Tamil Nadu,26.7856,71.6546,Paracetamol,units,410.8,15,9,9,7
2026-09-02,PHC-047,Chennai PHC-2,Chennai,Tamil Nadu,26.7856,71.6546,Paracetamol,units,418.7,15,8,9,7
2026-09-03,PHC-047,Chennai PHC-2,Chennai,Tamil Nadu,26.7856,71.6546,Paracetamol,units,417.6,15,11,9,7
2026-09-04,PHC-047,Chennai PHC-2,Chennai,Tamil Nadu,26.7856,71.6546,Paracetamol,units,414.5,15,7,9,8
2026-09-05,PHC-047,Chennai PHC-2,Chennai,Tamil Nadu,26.7856,71.6546,Paracetamol,units,415.4,15,12,9,5
2026-09-06,PHC-047,Chennai PHC-2,Chennai,Tamil Nadu,26.7856,71.6546,Paracetamol,units,423.9,15,8,9,6
2026-09-07,PHC-047,Chennai PHC-2,Chennai,Tamil Nadu,26.7856,71.6546,Paracetamol,units,418.5,15,9,9,7
2026-09-08,PHC-047,Chennai PHC-2,Chennai,Tamil Nadu,26.7856,71.6546,Paracetamol,units,421.3,15,12,9,8
2026-09-09,PHC-047,Chennai PHC-2,Chennai,Tamil Nadu,26.7856,71.6546,Paracetamol,units,426.7,15,7,9,7
2026-09-10,PHC-047,Chennai PHC-2,Chennai,Tamil Nadu,26.7856,71.6546,Paracetamol,units,420.6,15,9,9,6
2026-09-11,PHC-047,Chennai PHC-2,Chennai,Tamil Nadu,26.7856,71.6546,Paracetamol,units,412.4,15,9,9,5
2026-09-12,PHC-047,Chennai PHC-2,Chennai,Tamil Nadu,26.7856,71.6546,Paracetamol,units,411.3,15,7,9,9
2026-09-13,PHC-047,Chennai PHC-2,Chennai,Tamil Nadu,26.7856,71.6546,Paracetamol,units,411.8,15,8,9,8
2026-09-14,PHC-047,Chennai PHC-2,Chennai,Tamil Nadu,26.7856,71.6546,Paracetamol,units,416.1,15,7,9,9
2026-09-15,PHC-047,Chennai PHC-2,Chennai,Tamil Nadu,26.7856,71.6546,Paracetamol,units,413.1,15,8,9,8
2026-09-16,PHC-047,Chennai PHC-2,Chennai,Tamil Nadu,26.7856,71.6546,Paracetamol,units,416.9,15,8,9,7
2026-09-17,PHC-047,Chennai PHC-2,Chennai,Tamil Nadu,26.7856,71.6546,Paracetamol,units,412.5,15,14,9,7
2026-09-18,PHC-047,Chennai PHC-2,Chennai,Tamil Nadu,26.7856,71.6546,Paracetamol,units,416.4,15,9,9,9
2026-09-19,PHC-047,Chennai PHC-2,Chennai,Tamil Nadu,26.7856,71.6546,Paracetamol,units,413.1,15,9,9,8
2026-09-20,PHC-047,Chennai PHC-2,Chennai,Tamil Nadu,26.7856,71.6546,Paracetamol,units,417.9,15,11,9,8
2026-09-21,PHC-047,Chennai PHC-2,Chennai,Tamil Nadu,26.7856,71.6546,Paracetamol,units,426.8,15,7,9,8
2026-09-22,PHC-047,Chennai PHC-2,Chennai,Tamil Nadu,26.7856,71.6546,Paracetamol,units,427.0,15,6,9,5
2026-09-23,PHC-047,Chennai PHC-2,Chennai,Tamil Nadu,26.7856,71.6546,Paracetamol,units,429.3,15,5,9,6
2026-09-24,PHC-047,Chennai PHC-2,Chennai,Tamil Nadu,26.7856,71.6546,Paracetamol,units,425.3,15,7,9,7
2026-09-25,PHC-047,Chennai PHC-2,Chennai,Tamil Nadu,26.7856,71.6546,Paracetamol,units,419.9,15,9,9,8
2026-09-26,PHC-047,Chennai PHC-2,Chennai,Tamil Nadu,26.7856,71.6546,Paracetamol,units,421.1,15,7,9,7
2026-08-28,PHC-047,Chennai PHC-2,Chennai,Tamil Nadu,26.7856,71.6546,ORS Sachets,packets,305.2,15,11,9,8
2026-08-29,PHC-047,Chennai PHC-2,Chennai,Tamil Nadu,26.7856,71.6546,ORS Sachets,packets,306.7,15,5,9,6
2026-08-30,PHC-047,Chennai PHC-2,Chennai,Tamil Nadu,26.7856,71.6546,ORS Sachets,packets,306.4,15,9,9,6
2026-08-31,PHC-047,Chennai PHC-2,Chennai,Tamil Nadu,26.7856,71.6546,ORS Sachets,packets,306.0,15,8,9,6
2026-09-01,PHC-047,Chennai PHC-2,Chennai,Tamil Nadu,26.7856,71.6546,ORS Sachets,packets,305.7,15,9,9,7
2026-09-02,PHC-047,Chennai PHC-2,Chennai,Tamil Nadu,26.7856,71.6546,ORS Sachets,packets,305.1,15,8,9,8
2026-09-03,PHC-047,Chennai PHC-2,Chennai,Tamil Nadu,26.7856,71.6546,ORS Sachets,packets,306.2,15,6,9,6
2026-09-04,PHC-047,Chennai PHC-2,Chennai,Tamil Nadu,26.7856,71.6546,ORS Sachets,packets,305.5,15,7,9,7
2026-09-05,PHC-047,Chennai PHC-2,Chennai,Tamil Nadu,26.7856,71.6546,ORS Sachets,packets,303.6,15,7,9,7
2026-09-06,PHC-047,Chennai PHC-2,Chennai,Tamil Nadu,26.7856,71.6546,ORS Sachets,packets,301.0,15,10,9,7
2026-09-07,PHC-047,Chennai PHC-2,Chennai,Tamil Nadu,26.7856,71.6546,ORS Sachets,packets,299.2,15,6,9,7
2026-09-08,PHC-047,Chennai PHC-2,Chennai,Tamil Nadu,26.7856,71.6546,ORS Sachets,packets,300.4,15,6,9,8
2026-09-09,PHC-047,Chennai PHC-2,Chennai,Tamil Nadu,26.7856,71.6546,ORS Sachets,packets,300.4,15,7,9,9
2026-09-10,PHC-047,Chennai PHC-2,Chennai,Tamil Nadu,26.7856,71.6546,ORS Sachets,packets,301.1,15,7,9,8
2026-09-11,PHC-047,Chennai PHC-2,Chennai,Tamil Nadu,26.7856,71.6546,ORS Sachets,packets,306.0,15,10,9,6
2026-09-12,PHC-047,Chennai PHC-2,Chennai,Tamil Nadu,26.7856,71.6546,ORS Sachets,packets,308.2,15,7,9,7
2026-09-13,PHC-047,Chennai PHC-2,Chennai,Tamil Nadu,26.7856,71.6546,ORS Sachets,packets,310.5,15,10,9,8
2026-09-14,PHC-047,Chennai PHC-2,Chennai,Tamil Nadu,26.7856,71.6546,ORS Sachets,packets,309.1,15,13,9,9
2026-09-15,PHC-047,Chennai PHC-2,Chennai,Tamil Nadu,26.7856,71.6546,ORS Sachets,packets,309.1,15,9,9,7
2026-09-16,PHC-047,Chennai PHC-2,Chennai,Tamil Nadu,26.7856,71.6546,ORS Sachets,packets,301.6,15,12,9,9
2026-09-17,PHC-047,Chennai PHC-2,Chennai,Tamil Nadu,26.7856,71.6546,ORS Sachets,packets,303.2,15,8,9,7
2026-09-18,PHC-047,Chennai PHC-2,Chennai,Tamil Nadu,26.7856,71.6546,ORS Sachets,packets,298.9,15,8,9,7
2026-09-19,PHC-047,Chennai PHC-2,Chennai,Tamil Nadu,26.7856,71.6546,ORS Sachets,packets,296.8,15,10,9,8
2026-09-20,PHC-047,Chennai PHC-2,Chennai,Tamil Nadu,26.7856,71.6546,ORS Sachets,packets,296.5,15,15,9,6
2026-09-21,PHC-047,Chennai PHC-2,Chennai,Tamil Nadu,26.7856,71.6546,ORS Sachets,packets,296.9,15,13,9,8
2026-09-22,PHC-047,Chennai PHC-2,Chennai,Tamil Nadu,26.7856,71.6546,ORS Sachets,packets,298.2,15,6,9,6
2026-09-23,PHC-047,Chennai PHC-2,Chennai,Tamil Nadu,26.7856,71.6546,ORS Sachets,packets,300.4,15,9,9,7
2026-09-24,PHC-047,Chennai PHC-2,Chennai,Tamil Nadu,26.7856,71.6546,ORS Sachets,packets,295.4,15,6,9,4
2026-09-25,PHC-047,Chennai PHC-2,Chennai,Tamil Nadu,26.7856,71.6546,ORS Sachets,packets,295.0,15,11,9,7
2026-09-26,PHC-047,Chennai PHC-2,Chennai,Tamil Nadu,26.7856,71.6546,ORS Sachets,packets,294.6,15,9,9,7
2026-08-28,PHC-047,Chennai PHC-2,Chennai,Tamil Nadu,26.7856,71.6546,Insulin,vials,135.9,15,8,9,7
2026-08-29,PHC-047,Chennai PHC-2,Chennai,Tamil Nadu,26.7856,71.6546,Insulin,vials,134.6,15,8,9,7
2026-08-30,PHC-047,Chennai PHC-2,Chennai,Tamil Nadu,26.7856,71.6546,Insulin,vials,131.3,15,8,9,9
2026-08-31,PHC-047,Chennai PHC-2,Chennai,Tamil Nadu,26.7856,71.6546,Insulin,vials,128.9,15,8,9,8
2026-09-01,PHC-047,Chennai PHC-2,Chennai,Tamil Nadu,26.7856,71.6546,Insulin,vials,126.3,15,12,9,6
2026-09-02,PHC-047,Chennai PHC-2,Chennai,Tamil Nadu,26.7856,71.6546,Insulin,vials,124.4,15,9,9,8
2026-09-03,PHC-047,Chennai PHC-2,Chennai,Tamil Nadu,26.7856,71.6546,Insulin,vials,120.9,15,10,9,8
2026-09-04,PHC-047,Chennai PHC-2,Chennai,Tamil Nadu,26.7856,71.6546,Insulin,vials,118.5,15,9,9,9
2026-09-05,PHC-047,Chennai PHC-2,Chennai,Tamil Nadu,26.7856,71.6546,Insulin,vials,115.8,15,6,9,7
2026-09-06,PHC-047,Chennai PHC-2,Chennai,Tamil Nadu,26.7856,71.6546,Insulin,vials,113.7,15,13,9,5
2026-09-07,PHC-047,Chennai PHC-2,Chennai,Tamil Nadu,26.7856,71.6546,Insulin,vials,111.7,15,6,9,8
2026-09-08,PHC-047,Chennai PHC-2,Chennai,Tamil Nadu,26.7856,71.6546,Insulin,vials,108.3,15,8,9,8
2026-09-09,PHC-047,Chennai PHC-2,Chennai,Tamil Nadu,26.7856,71.6546,Insulin,vials,104.9,15,8,9,6
2026-09-10,PHC-047,Chennai PHC-2,Chennai,Tamil Nadu,26.7856,71.6546,Insulin,vials,102.3,15,9,9,9
2026-09-11,PHC-047,Chennai PHC-2,Chennai,Tamil Nadu,26.7856,71.6546,Insulin,vials,100.4,15,10,9,6
2026-09-12,PHC-047,Chennai PHC-2,Chennai,Tamil Nadu,26.7856,71.6546,Insulin,vials,97.6,15,13,9,7
2026-09-13,PHC-047,Chennai PHC-2,Chennai,Tamil Nadu,26.7856,71.6546,Insulin,vials,94.4,15,6,9,6
2026-09-14,PHC-047,Chennai PHC-2,Chennai,Tamil Nadu,26.7856,71.6546,Insulin,vials,90.9,15,9,9,7
2026-09-15,PHC-047,Chennai PHC-2,Chennai,Tamil Nadu,26.7856,71.6546,Insulin,vials,88.1,15,6,9,7
2026-09-16,PHC-047,Chennai PHC-2,Chennai,Tamil Nadu,26.7856,71.6546,Insulin,vials,86.3,15,9,9,5
2026-09-17,PHC-047,Chennai PHC-2,Chennai,Tamil Nadu,26.7856,71.6546,Insulin,vials,84.3,15,8,9,7
2026-09-18,PHC-047,Chennai PHC-2,Chennai,Tamil Nadu,26.7856,71.6546,Insulin,vials,81.7,15,10,9,7
2026-09-19,PHC-047,Chennai PHC-2,Chennai,Tamil Nadu,26.7856,71.6546,Insulin,vials,80.1,15,4,9,6
2026-09-20,PHC-047,Chennai PHC-2,Chennai,Tamil Nadu,26.7856,71.6546,Insulin,vials,78.6,15,12,9,8
2026-09-21,PHC-047,Chennai PHC-2,Chennai,Tamil Nadu,26.7856,71.6546,Insulin,vials,75.4,15,6,9,6
2026-09-22,PHC-047,Chennai PHC-2,Chennai,Tamil Nadu,26.7856,71.6546,Insulin,vials,71.7,15,10,9,7
2026-09-23,PHC-047,Chennai PHC-2,Chennai,Tamil Nadu,26.7856,71.6546,Insulin,vials,68.8,15,7,9,7
2026-09-24,PHC-047,Chennai PHC-2,Chennai,Tamil Nadu,26.7856,71.6546,Insulin,vials,67.2,15,9,9,9
2026-09-25,PHC-047,Chennai PHC-2,Chennai,Tamil Nadu,26.7856,71.6546,Insulin,vials,63.4,15,10,9,9
2026-09-26,PHC-047,Chennai PHC-2,Chennai,Tamil Nadu,26.7856,71.6546,Insulin,vials,60.7,15,10,9,9
2026-08-28,PHC-047,Chennai PHC-2,Chennai,Tamil Nadu,26.7856,71.6546,Amoxicillin,strips,399.9,15,10,9,6
2026-08-29,PHC-047,Chennai PHC-2,Chennai,Tamil Nadu,26.7856,71.6546,Amoxicillin,strips,403.1,15,8,9,8
2026-08-30,PHC-047,Chennai PHC-2,Chennai,Tamil Nadu,26.7856,71.6546,Amoxicillin,strips,403.2,15,8,9,8
2026-08-31,PHC-047,Chennai PHC-2,Chennai,Tamil Nadu,26.7856,71.6546,Amoxicillin,strips,406.0,15,8,9,9
2026-09-01,PHC-047,Chennai PHC-2,Chennai,Tamil Nadu,26.7856,71.6546,Amoxicillin,strips,408.0,15,9,9,8
2026-09-02,PHC-047,Chennai PHC-2,Chennai,Tamil Nadu,26.7856,71.6546,Amoxicillin,strips,409.4,15,12,9,7
2026-09-03,PHC-047,Chennai PHC-2,Chennai,Tamil Nadu,26.7856,71.6546,Amoxicillin,strips,407.2,15,10,9,7
2026-09-04,PHC-047,Chennai PHC-2,Chennai,Tamil Nadu,26.7856,71.6546,Amoxicillin,strips,405.1,15,7,9,6
2026-09-05,PHC-047,Chennai PHC-2,Chennai,Tamil Nadu,26.7856,71.6546,Amoxicillin,strips,404.6,15,7,9,5
2026-09-06,PHC-047,Chennai PHC-2,Chennai,Tamil Nadu,26.7856,71.6546,Amoxicillin,strips,406.2,15,10,9,6
2026-09-07,PHC-047,Chennai PHC-2,Chennai,Tamil Nadu,26.7856,71.6546,Amoxicillin,strips,412.2,15,15,9,9
2026-09-08,PHC-047,Chennai PHC-2,Chennai,Tamil Nadu,26.7856,71.6546,Amoxicillin,strips,418.2,15,13,9,7
2026-09-09,PHC-047,Chennai PHC-2,Chennai,Tamil Nadu,26.7856,71.6546,Amoxicillin,strips,428.5,15,6,9,6
2026-09-10,PHC-047,Chennai PHC-2,Chennai,Tamil Nadu,26.7856,71.6546,Amoxicillin,strips,428.2,15,4,9,5
2026-09-11,PHC-047,Chennai PHC-2,Chennai,Tamil Nadu,26.7856,71.6546,Amoxicillin,strips,423.1,15,11,9,7
2026-09-12,PHC-047,Chennai PHC-2,Chennai,Tamil Nadu,26.7856,71.6546,Amoxicillin,strips,424.4,15,8,9,8
2026-09-13,PHC-047,Chennai PHC-2,Chennai,Tamil Nadu,26.7856,71.6546,Amoxicillin,strips,422.7,15,5,9,8
2026-09-14,PHC-047,Chennai PHC-2,Chennai,Tamil Nadu,26.7856,71.6546,Amoxicillin,strips,425.0,15,9,9,6
2026-09-15,PHC-047,Chennai PHC-2,Chennai,Tamil Nadu,26.7856,71.6546,Amoxicillin,strips,425.6,15,9,9,7
2026-09-16,PHC-047,Chennai PHC-2,Chennai,Tamil Nadu,26.7856,71.6546,Amoxicillin,strips,428.4,15,7,9,6
2026-09-17,PHC-047,Chennai PHC-2,Chennai,Tamil Nadu,26.7856,71.6546,Amoxicillin,strips,432.8,15,10,9,7
2026-09-18,PHC-047,Chennai PHC-2,Chennai,Tamil Nadu,26.7856,71.6546,Amoxicillin,strips,441.5,15,4,9,8
2026-09-19,PHC-047,Chennai PHC-2,Chennai,Tamil Nadu,26.7856,71.6546,Amoxicillin,strips,442.4,15,9,9,8
2026-09-20,PHC-047,Chennai PHC-2,Chennai,Tamil Nadu,26.7856,71.6546,Amoxicillin,strips,448.6,15,7,9,6
2026-09-21,PHC-047,Chennai PHC-2,Chennai,Tamil Nadu,26.7856,71.6546,Amoxicillin,strips,458.5,15,7,9,8
2026-09-22,PHC-047,Chennai PHC-2,Chennai,Tamil Nadu,26.7856,71.6546,Amoxicillin,strips,460.7,15,11,9,9
2026-09-23,PHC-047,Chennai PHC-2,Chennai,Tamil Nadu,26.7856,71.6546,Amoxicillin,strips,458.5,15,9,9,7
2026-09-24,PHC-047,Chennai PHC-2,Chennai,Tamil Nadu,26.7856,71.6546,Amoxicillin,strips,456.2,15,10,9,5
2026-09-25,PHC-047,Chennai PHC-2,Chennai,Tamil Nadu,26.7856,71.6546,Amoxicillin,strips,454.7,15,10,9,8
2026-09-26,PHC-047,Chennai PHC-2,Chennai,Tamil Nadu,26.7856,71.6546,Amoxicillin,strips,458.0,15,8,9,6
2026-08-28,PHC-047,Chennai PHC-2,Chennai,Tamil Nadu,26.7856,71.6546,Iron Folic Acid Tablets,strips,379.7,15,7,9,9
2026-08-29,PHC-047,Chennai PHC-2,Chennai,Tamil Nadu,26.7856,71.6546,Iron Folic Acid Tablets,strips,375.3,15,6,9,7
2026-08-30,PHC-047,Chennai PHC-2,Chennai,Tamil Nadu,26.7856,71.6546,Iron Folic Acid Tablets,strips,373.9,15,9,9,8
2026-08-31,PHC-047,Chennai PHC-2,Chennai,Tamil Nadu,26.7856,71.6546,Iron Folic Acid Tablets,strips,375.4,15,9,9,6
2026-09-01,PHC-047,Chennai PHC-2,Chennai,Tamil Nadu,26.7856,71.6546,Iron Folic Acid Tablets,strips,378.1,15,11,9,9
2026-09-02,PHC-047,Chennai PHC-2,Chennai,Tamil Nadu,26.7856,71.6546,Iron Folic Acid Tablets,strips,382.0,15,8,9,7
2026-09-03,PHC-047,Chennai PHC-2,Chennai,Tamil Nadu,26.7856,71.6546,Iron Folic Acid Tablets,strips,380.5,15,9,9,8
2026-09-04,PHC-047,Chennai PHC-2,Chennai,Tamil Nadu,26.7856,71.6546,Iron Folic Acid Tablets,strips,389.9,15,4,9,7
2026-09-05,PHC-047,Chennai PHC-2,Chennai,Tamil Nadu,26.7856,71.6546,Iron Folic Acid Tablets,strips,392.1,15,8,9,9
2026-09-06,PHC-047,Chennai PHC-2,Chennai,Tamil Nadu,26.7856,71.6546,Iron Folic Acid Tablets,strips,376.6,15,10,9,5
2026-09-07,PHC-047,Chennai PHC-2,Chennai,Tamil Nadu,26.7856,71.6546,Iron Folic Acid Tablets,strips,380.2,15,7,9,8
2026-09-08,PHC-047,Chennai PHC-2,Chennai,Tamil Nadu,26.7856,71.6546,Iron Folic Acid Tablets,strips,385.3,15,5,9,9
2026-09-09,PHC-047,Chennai PHC-2,Chennai,Tamil Nadu,26.7856,71.6546,Iron Folic Acid Tablets,strips,397.1,15,7,9,9
2026-09-10,PHC-047,Chennai PHC-2,Chennai,Tamil Nadu,26.7856,71.6546,Iron Folic Acid Tablets,strips,388.3,15,9,9,9
2026-09-11,PHC-047,Chennai PHC-2,Chennai,Tamil Nadu,26.7856,71.6546,Iron Folic Acid Tablets,strips,396.8,15,10,9,6
2026-09-12,PHC-047,Chennai PHC-2,Chennai,Tamil Nadu,26.7856,71.6546,Iron Folic Acid Tablets,strips,397.3,15,7,9,7
2026-09-13,PHC-047,Chennai PHC-2,Chennai,Tamil Nadu,26.7856,71.6546,Iron Folic Acid Tablets,strips,404.8,15,7,9,6
2026-09-14,PHC-047,Chennai PHC-2,Chennai,Tamil Nadu,26.7856,71.6546,Iron Folic Acid Tablets,strips,411.9,15,7,9,9
2026-09-15,PHC-047,Chennai PHC-2,Chennai,Tamil Nadu,26.7856,71.6546,Iron Folic Acid Tablets,strips,414.4,15,9,9,9
2026-09-16,PHC-047,Chennai PHC-2,Chennai,Tamil Nadu,26.7856,71.6546,Iron Folic Acid Tablets,strips,415.1,15,7,9,9
2026-09-17,PHC-047,Chennai PHC-2,Chennai,Tamil Nadu,26.7856,71.6546,Iron Folic Acid Tablets,strips,399.1,15,4,9,5
2026-09-18,PHC-047,Chennai PHC-2,Chennai,Tamil Nadu,26.7856,71.6546,Iron Folic Acid Tablets,strips,414.8,15,4,9,6
2026-09-19,PHC-047,Chennai PHC-2,Chennai,Tamil Nadu,26.7856,71.6546,Iron Folic Acid Tablets,strips,420.7,15,7,9,8
2026-09-20,PHC-047,Chennai PHC-2,Chennai,Tamil Nadu,26.7856,71.6546,Iron Folic Acid Tablets,strips,434.7,15,9,9,8
2026-09-21,PHC-047,Chennai PHC-2,Chennai,Tamil Nadu,26.7856,71.6546,Iron Folic Acid Tablets,strips,432.4,15,11,9,6
2026-09-22,PHC-047,Chennai PHC-2,Chennai,Tamil Nadu,26.7856,71.6546,Iron Folic Acid Tablets,strips,431.4,15,10,9,6
2026-09-23,PHC-047,Chennai PHC-2,Chennai,Tamil Nadu,26.7856,71.6546,Iron Folic Acid Tablets,strips,422.2,15,11,9,8
2026-09-24,PHC-047,Chennai PHC-2,Chennai,Tamil Nadu,26.7856,71.6546,Iron Folic Acid Tablets,strips,423.6,15,5,9,6
2026-09-25,PHC-047,Chennai PHC-2,Chennai,Tamil Nadu,26.7856,71.6546,Iron Folic Acid Tablets,strips,426.7,15,10,9,7
2026-09-26,PHC-047,Chennai PHC-2,Chennai,Tamil Nadu,26.7856,71.6546,Iron Folic Acid Tablets,strips,433.8,15,8,9,8
2026-08-28,PHC-048,Chennai PHC-3,Chennai,Tamil Nadu,19.777,88.7565,Paracetamol,units,368.0,13,11,10,9
2026-08-29,PHC-048,Chennai PHC-3,Chennai,Tamil Nadu,19.777,88.7565,Paracetamol,units,343.1,13,6,10,7
2026-08-30,PHC-048,Chennai PHC-3,Chennai,Tamil Nadu,19.777,88.7565,Paracetamol,units,319.5,13,10,10,10
2026-08-31,PHC-048,Chennai PHC-3,Chennai,Tamil Nadu,19.777,88.7565,Paracetamol,units,275.8,13,12,10,9
2026-09-01,PHC-048,Chennai PHC-3,Chennai,Tamil Nadu,19.777,88.7565,Paracetamol,units,258.4,13,4,10,8
2026-09-02,PHC-048,Chennai PHC-3,Chennai,Tamil Nadu,19.777,88.7565,Paracetamol,units,237.3,13,5,10,5
2026-09-03,PHC-048,Chennai PHC-3,Chennai,Tamil Nadu,19.777,88.7565,Paracetamol,units,206.0,13,7,10,10
2026-09-04,PHC-048,Chennai PHC-3,Chennai,Tamil Nadu,19.777,88.7565,Paracetamol,units,179.2,13,7,10,9
2026-09-05,PHC-048,Chennai PHC-3,Chennai,Tamil Nadu,19.777,88.7565,Paracetamol,units,162.1,13,6,10,9
2026-09-06,PHC-048,Chennai PHC-3,Chennai,Tamil Nadu,19.777,88.7565,Paracetamol,units,140.5,13,7,10,9
2026-09-07,PHC-048,Chennai PHC-3,Chennai,Tamil Nadu,19.777,88.7565,Paracetamol,units,101.0,13,8,10,7
2026-09-08,PHC-048,Chennai PHC-3,Chennai,Tamil Nadu,19.777,88.7565,Paracetamol,units,56.5,13,7,10,9
2026-09-09,PHC-048,Chennai PHC-3,Chennai,Tamil Nadu,19.777,88.7565,Paracetamol,units,36.7,13,8,10,8
2026-09-10,PHC-048,Chennai PHC-3,Chennai,Tamil Nadu,19.777,88.7565,Paracetamol,units,12.8,13,5,10,9
2026-09-11,PHC-048,Chennai PHC-3,Chennai,Tamil Nadu,19.777,88.7565,Paracetamol,units,0.0,13,7,10,9
2026-09-12,PHC-048,Chennai PHC-3,Chennai,Tamil Nadu,19.777,88.7565,Paracetamol,units,0.0,13,8,10,8
2026-09-13,PHC-048,Chennai PHC-3,Chennai,Tamil Nadu,19.777,88.7565,Paracetamol,units,0.0,13,7,10,9
2026-09-14,PHC-048,Chennai PHC-3,Chennai,Tamil Nadu,19.777,88.7565,Paracetamol,units,0.0,13,3,10,8
2026-09-15,PHC-048,Chennai PHC-3,Chennai,Tamil Nadu,19.777,88.7565,Paracetamol,units,0.0,13,8,10,8
2026-09-16,PHC-048,Chennai PHC-3,Chennai,Tamil Nadu,19.777,88.7565,Paracetamol,units,0.0,13,7,10,7
2026-09-17,PHC-048,Chennai PHC-3,Chennai,Tamil Nadu,19.777,88.7565,Paracetamol,units,0.0,13,7,10,7
2026-09-18,PHC-048,Chennai PHC-3,Chennai,Tamil Nadu,19.777,88.7565,Paracetamol,units,0.0,13,3,10,8
2026-09-19,PHC-048,Chennai PHC-3,Chennai,Tamil Nadu,19.777,88.7565,Paracetamol,units,0.0,13,7,10,8
2026-09-20,PHC-048,Chennai PHC-3,Chennai,Tamil Nadu,19.777,88.7565,Paracetamol,units,0.0,13,8,10,8
2026-09-21,PHC-048,Chennai PHC-3,Chennai,Tamil Nadu,19.777,88.7565,Paracetamol,units,0.0,13,9,10,6
2026-09-22,PHC-048,Chennai PHC-3,Chennai,Tamil Nadu,19.777,88.7565,Paracetamol,units,0.0,13,7,10,8
2026-09-23,PHC-048,Chennai PHC-3,Chennai,Tamil Nadu,19.777,88.7565,Paracetamol,units,0.0,13,10,10,8
2026-09-24,PHC-048,Chennai PHC-3,Chennai,Tamil Nadu,19.777,88.7565,Paracetamol,units,0.0,13,7,10,8
2026-09-25,PHC-048,Chennai PHC-3,Chennai,Tamil Nadu,19.777,88.7565,Paracetamol,units,0.0,13,5,10,9
2026-09-26,PHC-048,Chennai PHC-3,Chennai,Tamil Nadu,19.777,88.7565,Paracetamol,units,0.0,13,10,10,9
2026-08-28,PHC-048,Chennai PHC-3,Chennai,Tamil Nadu,19.777,88.7565,ORS Sachets,packets,419.8,13,9,10,10
2026-08-29,PHC-048,Chennai PHC-3,Chennai,Tamil Nadu,19.777,88.7565,ORS Sachets,packets,423.6,13,6,10,7
2026-08-30,PHC-048,Chennai PHC-3,Chennai,Tamil Nadu,19.777,88.7565,ORS Sachets,packets,425.2,13,6,10,8
2026-08-31,PHC-048,Chennai PHC-3,Chennai,Tamil Nadu,19.777,88.7565,ORS Sachets,packets,428.5,13,8,10,7
2026-09-01,PHC-048,Chennai PHC-3,Chennai,Tamil Nadu,19.777,88.7565,ORS Sachets,packets,430.7,13,5,10,7
2026-09-02,PHC-048,Chennai PHC-3,Chennai,Tamil Nadu,19.777,88.7565,ORS Sachets,packets,434.3,13,8,10,8
2026-09-03,PHC-048,Chennai PHC-3,Chennai,Tamil Nadu,19.777,88.7565,ORS Sachets,packets,437.5,13,8,10,9
2026-09-04,PHC-048,Chennai PHC-3,Chennai,Tamil Nadu,19.777,88.7565,ORS Sachets,packets,441.6,13,5,10,9
2026-09-05,PHC-048,Chennai PHC-3,Chennai,Tamil Nadu,19.777,88.7565,ORS Sachets,packets,443.8,13,9,10,6
2026-09-06,PHC-048,Chennai PHC-3,Chennai,Tamil Nadu,19.777,88.7565,ORS Sachets,packets,447.4,13,7,10,8
2026-09-07,PHC-048,Chennai PHC-3,Chennai,Tamil Nadu,19.777,88.7565,ORS Sachets,packets,449.3,13,8,10,8
2026-09-08,PHC-048,Chennai PHC-3,Chennai,Tamil Nadu,19.777,88.7565,ORS Sachets,packets,451.5,13,11,10,7
2026-09-09,PHC-048,Chennai PHC-3,Chennai,Tamil Nadu,19.777,88.7565,ORS Sachets,packets,454.1,13,9,10,9
2026-09-10,PHC-048,Chennai PHC-3,Chennai,Tamil Nadu,19.777,88.7565,ORS Sachets,packets,457.7,13,8,10,6
2026-09-11,PHC-048,Chennai PHC-3,Chennai,Tamil Nadu,19.777,88.7565,ORS Sachets,packets,460.4,13,4,10,9
2026-09-12,PHC-048,Chennai PHC-3,Chennai,Tamil Nadu,19.777,88.7565,ORS Sachets,packets,462.9,13,8,10,8
2026-09-13,PHC-048,Chennai PHC-3,Chennai,Tamil Nadu,19.777,88.7565,ORS Sachets,packets,464.4,13,6,10,8
2026-09-14,PHC-048,Chennai PHC-3,Chennai,Tamil Nadu,19.777,88.7565,ORS Sachets,packets,466.6,13,6,10,8
2026-09-15,PHC-048,Chennai PHC-3,Chennai,Tamil Nadu,19.777,88.7565,ORS Sachets,packets,468.6,13,9,10,8
2026-09-16,PHC-048,Chennai PHC-3,Chennai,Tamil Nadu,19.777,88.7565,ORS Sachets,packets,470.6,13,7,10,8
2026-09-17,PHC-048,Chennai PHC-3,Chennai,Tamil Nadu,19.777,88.7565,ORS Sachets,packets,475.0,13,7,10,6
2026-09-18,PHC-048,Chennai PHC-3,Chennai,Tamil Nadu,19.777,88.7565,ORS Sachets,packets,477.0,13,11,10,9
2026-09-19,PHC-048,Chennai PHC-3,Chennai,Tamil Nadu,19.777,88.7565,ORS Sachets,packets,480.1,13,7,10,8
2026-09-20,PHC-048,Chennai PHC-3,Chennai,Tamil Nadu,19.777,88.7565,ORS Sachets,packets,484.2,13,8,10,8
2026-09-21,PHC-048,Chennai PHC-3,Chennai,Tamil Nadu,19.777,88.7565,ORS Sachets,packets,488.3,13,9,10,7
2026-09-22,PHC-048,Chennai PHC-3,Chennai,Tamil Nadu,19.777,88.7565,ORS Sachets,packets,491.3,13,7,10,7
2026-09-23,PHC-048,Chennai PHC-3,Chennai,Tamil Nadu,19.777,88.7565,ORS Sachets,packets,494.8,13,8,10,9
2026-09-24,PHC-048,Chennai PHC-3,Chennai,Tamil Nadu,19.777,88.7565,ORS Sachets,packets,498.8,13,5,10,7
2026-09-25,PHC-048,Chennai PHC-3,Chennai,Tamil Nadu,19.777,88.7565,ORS Sachets,packets,502.6,13,8,10,6
2026-09-26,PHC-048,Chennai PHC-3,Chennai,Tamil Nadu,19.777,88.7565,ORS Sachets,packets,505.4,13,6,10,7
2026-08-28,PHC-048,Chennai PHC-3,Chennai,Tamil Nadu,19.777,88.7565,Insulin,vials,99.2,13,8,10,7
2026-08-29,PHC-048,Chennai PHC-3,Chennai,Tamil Nadu,19.777,88.7565,Insulin,vials,100.3,13,10,10,10
2026-08-30,PHC-048,Chennai PHC-3,Chennai,Tamil Nadu,19.777,88.7565,Insulin,vials,101.2,13,11,10,7
2026-08-31,PHC-048,Chennai PHC-3,Chennai,Tamil Nadu,19.777,88.7565,Insulin,vials,101.9,13,7,10,9
2026-09-01,PHC-048,Chennai PHC-3,Chennai,Tamil Nadu,19.777,88.7565,Insulin,vials,102.6,13,5,10,7
2026-09-02,PHC-048,Chennai PHC-3,Chennai,Tamil Nadu,19.777,88.7565,Insulin,vials,103.2,13,8,10,7
2026-09-03,PHC-048,Chennai PHC-3,Chennai,Tamil Nadu,19.777,88.7565,Insulin,vials,103.7,13,5,10,7
2026-09-04,PHC-048,Chennai PHC-3,Chennai,Tamil Nadu,19.777,88.7565,Insulin,vials,105.1,13,7,10,7
2026-09-05,PHC-048,Chennai PHC-3,Chennai,Tamil Nadu,19.777,88.7565,Insulin,vials,106.3,13,7,10,8
2026-09-06,PHC-048,Chennai PHC-3,Chennai,Tamil Nadu,19.777,88.7565,Insulin,vials,107.3,13,8,10,8
2026-09-07,PHC-048,Chennai PHC-3,Chennai,Tamil Nadu,19.777,88.7565,Insulin,vials,108.3,13,5,10,8
2026-09-08,PHC-048,Chennai PHC-3,Chennai,Tamil Nadu,19.777,88.7565,Insulin,vials,109.3,13,4,10,6
2026-09-09,PHC-048,Chennai PHC-3,Chennai,Tamil Nadu,19.777,88.7565,Insulin,vials,110.5,13,5,10,8
2026-09-10,PHC-048,Chennai PHC-3,Chennai,Tamil Nadu,19.777,88.7565,Insulin,vials,111.4,13,7,10,9
2026-09-11,PHC-048,Chennai PHC-3,Chennai,Tamil Nadu,19.777,88.7565,Insulin,vials,112.2,13,7,10,7
2026-09-12,PHC-048,Chennai PHC-3,Chennai,Tamil Nadu,19.777,88.7565,Insulin,vials,113.5,13,7,10,7
2026-09-13,PHC-048,Chennai PHC-3,Chennai,Tamil Nadu,19.777,88.7565,Insulin,vials,114.3,13,7,10,8
2026-09-14,PHC-048,Chennai PHC-3,Chennai,Tamil Nadu,19.777,88.7565,Insulin,vials,115.5,13,6,10,9
2026-09-15,PHC-048,Chennai PHC-3,Chennai,Tamil Nadu,19.777,88.7565,Insulin,vials,117.0,13,6,10,7
2026-09-16,PHC-048,Chennai PHC-3,Chennai,Tamil Nadu,19.777,88.7565,Insulin,vials,118.2,13,4,10,8
2026-09-17,PHC-048,Chennai PHC-3,Chennai,Tamil Nadu,19.777,88.7565,Insulin,vials,118.8,13,10,10,7
2026-09-18,PHC-048,Chennai PHC-3,Chennai,Tamil Nadu,19.777,88.7565,Insulin,vials,120.3,13,7,10,5
2026-09-19,PHC-048,Chennai PHC-3,Chennai,Tamil Nadu,19.777,88.7565,Insulin,vials,121.8,13,6,10,9
2026-09-20,PHC-048,Chennai PHC-3,Chennai,Tamil Nadu,19.777,88.7565,Insulin,vials,122.6,13,8,10,8
2026-09-21,PHC-048,Chennai PHC-3,Chennai,Tamil Nadu,19.777,88.7565,Insulin,vials,123.7,13,6,10,10
2026-09-22,PHC-048,Chennai PHC-3,Chennai,Tamil Nadu,19.777,88.7565,Insulin,vials,124.6,13,9,10,9
2026-09-23,PHC-048,Chennai PHC-3,Chennai,Tamil Nadu,19.777,88.7565,Insulin,vials,125.5,13,5,10,7
2026-09-24,PHC-048,Chennai PHC-3,Chennai,Tamil Nadu,19.777,88.7565,Insulin,vials,126.3,13,8,10,6
2026-09-25,PHC-048,Chennai PHC-3,Chennai,Tamil Nadu,19.777,88.7565,Insulin,vials,127.1,13,4,10,7
2026-09-26,PHC-048,Chennai PHC-3,Chennai,Tamil Nadu,19.777,88.7565,Insulin,vials,128.3,13,12,10,9
2026-08-28,PHC-048,Chennai PHC-3,Chennai,Tamil Nadu,19.777,88.7565,Amoxicillin,strips,463.2,13,7,10,10
2026-08-29,PHC-048,Chennai PHC-3,Chennai,Tamil Nadu,19.777,88.7565,Amoxicillin,strips,450.5,13,7,10,7
2026-08-30,PHC-048,Chennai PHC-3,Chennai,Tamil Nadu,19.777,88.7565,Amoxicillin,strips,418.3,13,9,10,6
2026-08-31,PHC-048,Chennai PHC-3,Chennai,Tamil Nadu,19.777,88.7565,Amoxicillin,strips,396.8,13,5,10,8
2026-09-01,PHC-048,Chennai PHC-3,Chennai,Tamil Nadu,19.777,88.7565,Amoxicillin,strips,379.2,13,5,10,9
2026-09-02,PHC-048,Chennai PHC-3,Chennai,Tamil Nadu,19.777,88.7565,Amoxicillin,strips,366.3,13,7,10,9
2026-09-03,PHC-048,Chennai PHC-3,Chennai,Tamil Nadu,19.777,88.7565,Amoxicillin,strips,334.5,13,6,10,8
2026-09-04,PHC-048,Chennai PHC-3,Chennai,Tamil Nadu,19.777,88.7565,Amoxicillin,strips,304.0,13,9,10,8
2026-09-05,PHC-048,Chennai PHC-3,Chennai,Tamil Nadu,19.777,88.7565,Amoxicillin,strips,279.5,13,8,10,10
2026-09-06,PHC-048,Chennai PHC-3,Chennai,Tamil Nadu,19.777,88.7565,Amoxicillin,strips,258.3,13,7,10,10
2026-09-07,PHC-048,Chennai PHC-3,Chennai,Tamil Nadu,19.777,88.7565,Amoxicillin,strips,244.4,13,10,10,7
2026-09-08,PHC-048,Chennai PHC-3,Chennai,Tamil Nadu,19.777,88.7565,Amoxicillin,strips,219.3,13,4,10,9
2026-09-09,PHC-048,Chennai PHC-3,Chennai,Tamil Nadu,19.777,88.7565,Amoxicillin,strips,207.1,13,4,10,9
2026-09-10,PHC-048,Chennai PHC-3,Chennai,Tamil Nadu,19.777,88.7565,Amoxicillin,strips,192.1,13,6,10,8
2026-09-11,PHC-048,Chennai PHC-3,Chennai,Tamil Nadu,19.777,88.7565,Amoxicillin,strips,161.3,13,4,10,9
2026-09-12,PHC-048,Chennai PHC-3,Chennai,Tamil Nadu,19.777,88.7565,Amoxicillin,strips,144.6,13,7,10,7
2026-09-13,PHC-048,Chennai PHC-3,Chennai,Tamil Nadu,19.777,88.7565,Amoxicillin,strips,126.8,13,5,10,7
2026-09-14,PHC-048,Chennai PHC-3,Chennai,Tamil Nadu,19.777,88.7565,Amoxicillin,strips,98.2,13,5,10,7
2026-09-15,PHC-048,Chennai PHC-3,Chennai,Tamil Nadu,19.777,88.7565,Amoxicillin,strips,63.7,13,8,10,9
2026-09-16,PHC-048,Chennai PHC-3,Chennai,Tamil Nadu,19.777,88.7565,Amoxicillin,strips,36.4,13,6,10,8
2026-09-17,PHC-048,Chennai PHC-3,Chennai,Tamil Nadu,19.777,88.7565,Amoxicillin,strips,18.2,13,9,10,9
2026-09-18,PHC-048,Chennai PHC-3,Chennai,Tamil Nadu,19.777,88.7565,Amoxicillin,strips,0.0,13,9,10,6
2026-09-19,PHC-048,Chennai PHC-3,Chennai,Tamil Nadu,19.777,88.7565,Amoxicillin,strips,0.0,13,5,10,7
2026-09-20,PHC-048,Chennai PHC-3,Chennai,Tamil Nadu,19.777,88.7565,Amoxicillin,strips,0.0,13,4,10,7
2026-09-21,PHC-048,Chennai PHC-3,Chennai,Tamil Nadu,19.777,88.7565,Amoxicillin,strips,0.0,13,6,10,8
2026-09-22,PHC-048,Chennai PHC-3,Chennai,Tamil Nadu,19.777,88.7565,Amoxicillin,strips,0.0,13,9,10,7
2026-09-23,PHC-048,Chennai PHC-3,Chennai,Tamil Nadu,19.777,88.7565,Amoxicillin,strips,0.0,13,8,10,9
2026-09-24,PHC-048,Chennai PHC-3,Chennai,Tamil Nadu,19.777,88.7565,Amoxicillin,strips,0.0,13,8,10,8
2026-09-25,PHC-048,Chennai PHC-3,Chennai,Tamil Nadu,19.777,88.7565,Amoxicillin,strips,0.0,13,6,10,9
2026-09-26,PHC-048,Chennai PHC-3,Chennai,Tamil Nadu,19.777,88.7565,Amoxicillin,strips,0.0,13,3,10,7
2026-08-28,PHC-048,Chennai PHC-3,Chennai,Tamil Nadu,19.777,88.7565,Iron Folic Acid Tablets,strips,731.6,13,13,10,5
2026-08-29,PHC-048,Chennai PHC-3,Chennai,Tamil Nadu,19.777,88.7565,Iron Folic Acid Tablets,strips,738.6,13,7,10,8
2026-08-30,PHC-048,Chennai PHC-3,Chennai,Tamil Nadu,19.777,88.7565,Iron Folic Acid Tablets,strips,744.8,13,8,10,8
2026-08-31,PHC-048,Chennai PHC-3,Chennai,Tamil Nadu,19.777,88.7565,Iron Folic Acid Tablets,strips,750.9,13,8,10,9
2026-09-01,PHC-048,Chennai PHC-3,Chennai,Tamil Nadu,19.777,88.7565,Iron Folic Acid Tablets,strips,753.9,13,6,10,10
2026-09-02,PHC-048,Chennai PHC-3,Chennai,Tamil Nadu,19.777,88.7565,Iron Folic Acid Tablets,strips,761.7,13,9,10,7
2026-09-03,PHC-048,Chennai PHC-3,Chennai,Tamil Nadu,19.777,88.7565,Iron Folic Acid Tablets,strips,767.1,13,8,10,6
2026-09-04,PHC-048,Chennai PHC-3,Chennai,Tamil Nadu,19.777,88.7565,Iron Folic Acid Tablets,strips,773.5,13,6,10,7
2026-09-05,PHC-048,Chennai PHC-3,Chennai,Tamil Nadu,19.777,88.7565,Iron Folic Acid Tablets,strips,780.1,13,7,10,10
2026-09-06,PHC-048,Chennai PHC-3,Chennai,Tamil Nadu,19.777,88.7565,Iron Folic Acid Tablets,strips,783.9,13,5,10,7
2026-09-07,PHC-048,Chennai PHC-3,Chennai,Tamil Nadu,19.777,88.7565,Iron Folic Acid Tablets,strips,792.3,13,5,10,8
2026-09-08,PHC-048,Chennai PHC-3,Chennai,Tamil Nadu,19.777,88.7565,Iron Folic Acid Tablets,strips,799.6,13,6,10,8
2026-09-09,PHC-048,Chennai PHC-3,Chennai,Tamil Nadu,19.777,88.7565,Iron Folic Acid Tablets,strips,806.6,13,6,10,8
2026-09-10,PHC-048,Chennai PHC-3,Chennai,Tamil Nadu,19.777,88.7565,Iron Folic Acid Tablets,strips,812.7,13,6,10,6
2026-09-11,PHC-048,Chennai PHC-3,Chennai,Tamil Nadu,19.777,88.7565,Iron Folic Acid Tablets,strips,819.5,13,9,10,9
2026-09-12,PHC-048,Chennai PHC-3,Chennai,Tamil Nadu,19.777,88.7565,Iron Folic Acid Tablets,strips,824.4,13,6,10,9
2026-09-13,PHC-048,Chennai PHC-3,Chennai,Tamil Nadu,19.777,88.7565,Iron Folic Acid Tablets,strips,829.2,13,9,10,10
2026-09-14,PHC-048,Chennai PHC-3,Chennai,Tamil Nadu,19.777,88.7565,Iron Folic Acid Tablets,strips,837.8,13,11,10,7
2026-09-15,PHC-048,Chennai PHC-3,Chennai,Tamil Nadu,19.777,88.7565,Iron Folic Acid Tablets,strips,845.3,13,6,10,8
2026-09-16,PHC-048,Chennai PHC-3,Chennai,Tamil Nadu,19.777,88.7565,Iron Folic Acid Tablets,strips,848.4,13,7,10,7
2026-09-17,PHC-048,Chennai PHC-3,Chennai,Tamil Nadu,19.777,88.7565,Iron Folic Acid Tablets,strips,853.1,13,8,10,8
2026-09-18,PHC-048,Chennai PHC-3,Chennai,Tamil Nadu,19.777,88.7565,Iron Folic Acid Tablets,strips,860.4,13,4,10,7
2026-09-19,PHC-048,Chennai PHC-3,Chennai,Tamil Nadu,19.777,88.7565,Iron Folic Acid Tablets,strips,865.6,13,6,10,7
2026-09-20,PHC-048,Chennai PHC-3,Chennai,Tamil Nadu,19.777,88.7565,Iron Folic Acid Tablets,strips,874.0,13,6,10,10
2026-09-21,PHC-048,Chennai PHC-3,Chennai,Tamil Nadu,19.777,88.7565,Iron Folic Acid Tablets,strips,882.7,13,10,10,8
2026-09-22,PHC-048,Chennai PHC-3,Chennai,Tamil Nadu,19.777,88.7565,Iron Folic Acid Tablets,strips,891.2,13,8,10,7
2026-09-23,PHC-048,Chennai PHC-3,Chennai,Tamil Nadu,19.777,88.7565,Iron Folic Acid Tablets,strips,900.2,13,11,10,5
2026-09-24,PHC-048,Chennai PHC-3,Chennai,Tamil Nadu,19.777,88.7565,Iron Folic Acid Tablets,strips,907.9,13,8,10,10
2026-09-25,PHC-048,Chennai PHC-3,Chennai,Tamil Nadu,19.777,88.7565,Iron Folic Acid Tablets,strips,911.2,13,12,10,9
2026-09-26,PHC-048,Chennai PHC-3,Chennai,Tamil Nadu,19.777,88.7565,Iron Folic Acid Tablets,strips,915.6,13,4,10,8
2026-08-28,PHC-049,Madurai PHC-1,Madurai,Tamil Nadu,19.3637,75.3395,Paracetamol,units,585.6,29,12,8,5
2026-08-29,PHC-049,Madurai PHC-1,Madurai,Tamil Nadu,19.3637,75.3395,Paracetamol,units,546.5,29,8,8,8
2026-08-30,PHC-049,Madurai PHC-1,Madurai,Tamil Nadu,19.3637,75.3395,Paracetamol,units,521.8,29,15,8,5
2026-08-31,PHC-049,Madurai PHC-1,Madurai,Tamil Nadu,19.3637,75.3395,Paracetamol,units,492.5,29,15,8,4
2026-09-01,PHC-049,Madurai PHC-1,Madurai,Tamil Nadu,19.3637,75.3395,Paracetamol,units,455.3,29,13,8,5
2026-09-02,PHC-049,Madurai PHC-1,Madurai,Tamil Nadu,19.3637,75.3395,Paracetamol,units,422.9,29,17,8,8
2026-09-03,PHC-049,Madurai PHC-1,Madurai,Tamil Nadu,19.3637,75.3395,Paracetamol,units,402.5,29,15,8,7
2026-09-04,PHC-049,Madurai PHC-1,Madurai,Tamil Nadu,19.3637,75.3395,Paracetamol,units,371.6,29,18,8,7
2026-09-05,PHC-049,Madurai PHC-1,Madurai,Tamil Nadu,19.3637,75.3395,Paracetamol,units,348.7,29,15,8,7
2026-09-06,PHC-049,Madurai PHC-1,Madurai,Tamil Nadu,19.3637,75.3395,Paracetamol,units,325.8,29,20,8,8
2026-09-07,PHC-049,Madurai PHC-1,Madurai,Tamil Nadu,19.3637,75.3395,Paracetamol,units,298.2,29,27,8,5
2026-09-08,PHC-049,Madurai PHC-1,Madurai,Tamil Nadu,19.3637,75.3395,Paracetamol,units,270.9,29,19,8,7
2026-09-09,PHC-049,Madurai PHC-1,Madurai,Tamil Nadu,19.3637,75.3395,Paracetamol,units,252.0,29,20,8,7
2026-09-10,PHC-049,Madurai PHC-1,Madurai,Tamil Nadu,19.3637,75.3395,Paracetamol,units,233.9,29,17,8,5
2026-09-11,PHC-049,Madurai PHC-1,Madurai,Tamil Nadu,19.3637,75.3395,Paracetamol,units,205.4,29,19,8,7
2026-09-12,PHC-049,Madurai PHC-1,Madurai,Tamil Nadu,19.3637,75.3395,Paracetamol,units,178.3,29,13,8,8
2026-09-13,PHC-049,Madurai PHC-1,Madurai,Tamil Nadu,19.3637,75.3395,Paracetamol,units,152.9,29,17,8,8
2026-09-14,PHC-049,Madurai PHC-1,Madurai,Tamil Nadu,19.3637,75.3395,Paracetamol,units,128.8,29,27,8,7
2026-09-15,PHC-049,Madurai PHC-1,Madurai,Tamil Nadu,19.3637,75.3395,Paracetamol,units,105.7,29,21,8,6
2026-09-16,PHC-049,Madurai PHC-1,Madurai,Tamil Nadu,19.3637,75.3395,Paracetamol,units,85.9,29,23,8,7
2026-09-17,PHC-049,Madurai PHC-1,Madurai,Tamil Nadu,19.3637,75.3395,Paracetamol,units,44.5,29,18,8,7
2026-09-18,PHC-049,Madurai PHC-1,Madurai,Tamil Nadu,19.3637,75.3395,Paracetamol,units,20.5,29,20,8,7
2026-09-19,PHC-049,Madurai PHC-1,Madurai,Tamil Nadu,19.3637,75.3395,Paracetamol,units,0.0,29,14,8,7
2026-09-20,PHC-049,Madurai PHC-1,Madurai,Tamil Nadu,19.3637,75.3395,Paracetamol,units,0.0,29,20,8,5
2026-09-21,PHC-049,Madurai PHC-1,Madurai,Tamil Nadu,19.3637,75.3395,Paracetamol,units,0.0,29,12,8,5
2026-09-22,PHC-049,Madurai PHC-1,Madurai,Tamil Nadu,19.3637,75.3395,Paracetamol,units,0.0,29,23,8,6
2026-09-23,PHC-049,Madurai PHC-1,Madurai,Tamil Nadu,19.3637,75.3395,Paracetamol,units,0.0,29,16,8,6
2026-09-24,PHC-049,Madurai PHC-1,Madurai,Tamil Nadu,19.3637,75.3395,Paracetamol,units,0.0,29,15,8,5
2026-09-25,PHC-049,Madurai PHC-1,Madurai,Tamil Nadu,19.3637,75.3395,Paracetamol,units,0.0,29,12,8,6
2026-09-26,PHC-049,Madurai PHC-1,Madurai,Tamil Nadu,19.3637,75.3395,Paracetamol,units,0.0,29,15,8,7
2026-08-28,PHC-049,Madurai PHC-1,Madurai,Tamil Nadu,19.3637,75.3395,ORS Sachets,packets,394.3,29,19,8,6
2026-08-29,PHC-049,Madurai PHC-1,Madurai,Tamil Nadu,19.3637,75.3395,ORS Sachets,packets,394.0,29,24,8,7
2026-08-30,PHC-049,Madurai PHC-1,Madurai,Tamil Nadu,19.3637,75.3395,ORS Sachets,packets,395.9,29,17,8,7
2026-08-31,PHC-049,Madurai PHC-1,Madurai,Tamil Nadu,19.3637,75.3395,ORS Sachets,packets,395.3,29,21,8,4
2026-09-01,PHC-049,Madurai PHC-1,Madurai,Tamil Nadu,19.3637,75.3395,ORS Sachets,packets,394.3,29,9,8,5
2026-09-02,PHC-049,Madurai PHC-1,Madurai,Tamil Nadu,19.3637,75.3395,ORS Sachets,packets,394.6,29,20,8,7
2026-09-03,PHC-049,Madurai PHC-1,Madurai,Tamil Nadu,19.3637,75.3395,ORS Sachets,packets,395.4,29,20,8,7
2026-09-04,PHC-049,Madurai PHC-1,Madurai,Tamil Nadu,19.3637,75.3395,ORS Sachets,packets,390.7,29,13,8,8
2026-09-05,PHC-049,Madurai PHC-1,Madurai,Tamil Nadu,19.3637,75.3395,ORS Sachets,packets,398.4,29,11,8,8
2026-09-06,PHC-049,Madurai PHC-1,Madurai,Tamil Nadu,19.3637,75.3395,ORS Sachets,packets,400.2,29,16,8,6
2026-09-07,PHC-049,Madurai PHC-1,Madurai,Tamil Nadu,19.3637,75.3395,ORS Sachets,packets,398.4,29,20,8,6
2026-09-08,PHC-049,Madurai PHC-1,Madurai,Tamil Nadu,19.3637,75.3395,ORS Sachets,packets,393.4,29,15,8,8
2026-09-09,PHC-049,Madurai PHC-1,Madurai,Tamil Nadu,19.3637,75.3395,ORS Sachets,packets,395.5,29,17,8,8
2026-09-10,PHC-049,Madurai PHC-1,Madurai,Tamil Nadu,19.3637,75.3395,ORS Sachets,packets,394.5,29,21,8,7
2026-09-11,PHC-049,Madurai PHC-1,Madurai,Tamil Nadu,19.3637,75.3395,ORS Sachets,packets,392.7,29,18,8,8
2026-09-12,PHC-049,Madurai PHC-1,Madurai,Tamil Nadu,19.3637,75.3395,ORS Sachets,packets,386.4,29,14,8,5
2026-09-13,PHC-049,Madurai PHC-1,Madurai,Tamil Nadu,19.3637,75.3395,ORS Sachets,packets,378.1,29,25,8,5
2026-09-14,PHC-049,Madurai PHC-1,Madurai,Tamil Nadu,19.3637,75.3395,ORS Sachets,packets,372.6,29,21,8,6
2026-09-15,PHC-049,Madurai PHC-1,Madurai,Tamil Nadu,19.3637,75.3395,ORS Sachets,packets,372.1,29,19,8,6
2026-09-16,PHC-049,Madurai PHC-1,Madurai,Tamil Nadu,19.3637,75.3395,ORS Sachets,packets,368.3,29,11,8,7
2026-09-17,PHC-049,Madurai PHC-1,Madurai,Tamil Nadu,19.3637,75.3395,ORS Sachets,packets,372.0,29,10,8,7
2026-09-18,PHC-049,Madurai PHC-1,Madurai,Tamil Nadu,19.3637,75.3395,ORS Sachets,packets,383.5,29,23,8,8
2026-09-19,PHC-049,Madurai PHC-1,Madurai,Tamil Nadu,19.3637,75.3395,ORS Sachets,packets,384.9,29,15,8,6
2026-09-20,PHC-049,Madurai PHC-1,Madurai,Tamil Nadu,19.3637,75.3395,ORS Sachets,packets,386.5,29,24,8,6
2026-09-21,PHC-049,Madurai PHC-1,Madurai,Tamil Nadu,19.3637,75.3395,ORS Sachets,packets,383.9,29,18,8,8
2026-09-22,PHC-049,Madurai PHC-1,Madurai,Tamil Nadu,19.3637,75.3395,ORS Sachets,packets,387.0,29,19,8,6
2026-09-23,PHC-049,Madurai PHC-1,Madurai,Tamil Nadu,19.3637,75.3395,ORS Sachets,packets,384.7,29,15,8,8
2026-09-24,PHC-049,Madurai PHC-1,Madurai,Tamil Nadu,19.3637,75.3395,ORS Sachets,packets,384.6,29,20,8,6
2026-09-25,PHC-049,Madurai PHC-1,Madurai,Tamil Nadu,19.3637,75.3395,ORS Sachets,packets,389.6,29,19,8,8
2026-09-26,PHC-049,Madurai PHC-1,Madurai,Tamil Nadu,19.3637,75.3395,ORS Sachets,packets,389.3,29,27,8,8
2026-08-28,PHC-049,Madurai PHC-1,Madurai,Tamil Nadu,19.3637,75.3395,Insulin,vials,127.8,29,19,8,8
2026-08-29,PHC-049,Madurai PHC-1,Madurai,Tamil Nadu,19.3637,75.3395,Insulin,vials,126.0,29,17,8,8
2026-08-30,PHC-049,Madurai PHC-1,Madurai,Tamil Nadu,19.3637,75.3395,Insulin,vials,122.2,29,17,8,4
2026-08-31,PHC-049,Madurai PHC-1,Madurai,Tamil Nadu,19.3637,75.3395,Insulin,vials,120.1,29,20,8,7
2026-09-01,PHC-049,Madurai PHC-1,Madurai,Tamil Nadu,19.3637,75.3395,Insulin,vials,116.9,29,25,8,6
2026-09-02,PHC-049,Madurai PHC-1,Madurai,Tamil Nadu,19.3637,75.3395,Insulin,vials,114.6,29,11,8,7
2026-09-03,PHC-049,Madurai PHC-1,Madurai,Tamil Nadu,19.3637,75.3395,Insulin,vials,111.5,29,15,8,7
2026-09-04,PHC-049,Madurai PHC-1,Madurai,Tamil Nadu,19.3637,75.3395,Insulin,vials,109.4,29,18,8,5
2026-09-05,PHC-049,Madurai PHC-1,Madurai,Tamil Nadu,19.3637,75.3395,Insulin,vials,107.6,29,21,8,7
2026-09-06,PHC-049,Madurai PHC-1,Madurai,Tamil Nadu,19.3637,75.3395,Insulin,vials,104.4,29,11,8,6
2026-09-07,PHC-049,Madurai PHC-1,Madurai,Tamil Nadu,19.3637,75.3395,Insulin,vials,102.2,29,21,8,7
2026-09-08,PHC-049,Madurai PHC-1,Madurai,Tamil Nadu,19.3637,75.3395,Insulin,vials,98.8,29,13,8,6
2026-09-09,PHC-049,Madurai PHC-1,Madurai,Tamil Nadu,19.3637,75.3395,Insulin,vials,97.2,29,22,8,6
2026-09-10,PHC-049,Madurai PHC-1,Madurai,Tamil Nadu,19.3637,75.3395,Insulin,vials,94.9,29,26,8,8
2026-09-11,PHC-049,Madurai PHC-1,Madurai,Tamil Nadu,19.3637,75.3395,Insulin,vials,91.7,29,23,8,5
2026-09-12,PHC-049,Madurai PHC-1,Madurai,Tamil Nadu,19.3637,75.3395,Insulin,vials,89.6,29,16,8,6
2026-09-13,PHC-049,Madurai PHC-1,Madurai,Tamil Nadu,19.3637,75.3395,Insulin,vials,86.8,29,17,8,7
2026-09-14,PHC-049,Madurai PHC-1,Madurai,Tamil Nadu,19.3637,75.3395,Insulin,vials,85.5,29,19,8,6
2026-09-15,PHC-049,Madurai PHC-1,Madurai,Tamil Nadu,19.3637,75.3395,Insulin,vials,82.9,29,19,8,6
2026-09-16,PHC-049,Madurai PHC-1,Madurai,Tamil Nadu,19.3637,75.3395,Insulin,vials,79.8,29,15,8,6
2026-09-17,PHC-049,Madurai PHC-1,Madurai,Tamil Nadu,19.3637,75.3395,Insulin,vials,77.2,29,25,8,8
2026-09-18,PHC-049,Madurai PHC-1,Madurai,Tamil Nadu,19.3637,75.3395,Insulin,vials,75.0,29,19,8,7
2026-09-19,PHC-049,Madurai PHC-1,Madurai,Tamil Nadu,19.3637,75.3395,Insulin,vials,71.7,29,21,8,8
2026-09-20,PHC-049,Madurai PHC-1,Madurai,Tamil Nadu,19.3637,75.3395,Insulin,vials,68.2,29,17,8,8
2026-09-21,PHC-049,Madurai PHC-1,Madurai,Tamil Nadu,19.3637,75.3395,Insulin,vials,65.1,29,16,8,6
2026-09-22,PHC-049,Madurai PHC-1,Madurai,Tamil Nadu,19.3637,75.3395,Insulin,vials,62.0,29,22,8,6
2026-09-23,PHC-049,Madurai PHC-1,Madurai,Tamil Nadu,19.3637,75.3395,Insulin,vials,60.4,29,9,8,8
2026-09-24,PHC-049,Madurai PHC-1,Madurai,Tamil Nadu,19.3637,75.3395,Insulin,vials,58.2,29,16,8,7
2026-09-25,PHC-049,Madurai PHC-1,Madurai,Tamil Nadu,19.3637,75.3395,Insulin,vials,54.6,29,21,8,7
2026-09-26,PHC-049,Madurai PHC-1,Madurai,Tamil Nadu,19.3637,75.3395,Insulin,vials,51.3,29,18,8,5
2026-08-28,PHC-049,Madurai PHC-1,Madurai,Tamil Nadu,19.3637,75.3395,Amoxicillin,strips,492.8,29,14,8,5
2026-08-29,PHC-049,Madurai PHC-1,Madurai,Tamil Nadu,19.3637,75.3395,Amoxicillin,strips,481.0,29,23,8,7
2026-08-30,PHC-049,Madurai PHC-1,Madurai,Tamil Nadu,19.3637,75.3395,Amoxicillin,strips,473.3,29,20,8,6
2026-08-31,PHC-049,Madurai PHC-1,Madurai,Tamil Nadu,19.3637,75.3395,Amoxicillin,strips,463.1,29,16,8,5
2026-09-01,PHC-049,Madurai PHC-1,Madurai,Tamil Nadu,19.3637,75.3395,Amoxicillin,strips,456.6,29,15,8,7
2026-09-02,PHC-049,Madurai PHC-1,Madurai,Tamil Nadu,19.3637,75.3395,Amoxicillin,strips,445.2,29,12,8,7
2026-09-03,PHC-049,Madurai PHC-1,Madurai,Tamil Nadu,19.3637,75.3395,Amoxicillin,strips,431.5,29,19,8,6
2026-09-04,PHC-049,Madurai PHC-1,Madurai,Tamil Nadu,19.3637,75.3395,Amoxicillin,strips,419.0,29,14,8,7
2026-09-05,PHC-049,Madurai PHC-1,Madurai,Tamil Nadu,19.3637,75.3395,Amoxicillin,strips,411.8,29,21,8,7
2026-09-06,PHC-049,Madurai PHC-1,Madurai,Tamil Nadu,19.3637,75.3395,Amoxicillin,strips,396.4,29,22,8,7
2026-09-07,PHC-049,Madurai PHC-1,Madurai,Tamil Nadu,19.3637,75.3395,Amoxicillin,strips,382.4,29,20,8,6
2026-09-08,PHC-049,Madurai PHC-1,Madurai,Tamil Nadu,19.3637,75.3395,Amoxicillin,strips,371.5,29,23,8,6
2026-09-09,PHC-049,Madurai PHC-1,Madurai,Tamil Nadu,19.3637,75.3395,Amoxicillin,strips,362.1,29,22,8,6
2026-09-10,PHC-049,Madurai PHC-1,Madurai,Tamil Nadu,19.3637,75.3395,Amoxicillin,strips,353.5,29,12,8,5
2026-09-11,PHC-049,Madurai PHC-1,Madurai,Tamil Nadu,19.3637,75.3395,Amoxicillin,strips,338.7,29,20,8,5
2026-09-12,PHC-049,Madurai PHC-1,Madurai,Tamil Nadu,19.3637,75.3395,Amoxicillin,strips,328.4,29,18,8,6
2026-09-13,PHC-049,Madurai PHC-1,Madurai,Tamil Nadu,19.3637,75.3395,Amoxicillin,strips,318.0,29,22,8,6
2026-09-14,PHC-049,Madurai PHC-1,Madurai,Tamil Nadu,19.3637,75.3395,Amoxicillin,strips,308.9,29,17,8,8
2026-09-15,PHC-049,Madurai PHC-1,Madurai,Tamil Nadu,19.3637,75.3395,Amoxicillin,strips,298.1,29,17,8,5
2026-09-16,PHC-049,Madurai PHC-1,Madurai,Tamil Nadu,19.3637,75.3395,Amoxicillin,strips,284.7,29,16,8,5
2026-09-17,PHC-049,Madurai PHC-1,Madurai,Tamil Nadu,19.3637,75.3395,Amoxicillin,strips,274.1,29,16,8,7
2026-09-18,PHC-049,Madurai PHC-1,Madurai,Tamil Nadu,19.3637,75.3395,Amoxicillin,strips,264.0,29,20,8,8
2026-09-19,PHC-049,Madurai PHC-1,Madurai,Tamil Nadu,19.3637,75.3395,Amoxicillin,strips,248.6,29,25,8,6
2026-09-20,PHC-049,Madurai PHC-1,Madurai,Tamil Nadu,19.3637,75.3395,Amoxicillin,strips,234.7,29,19,8,6
2026-09-21,PHC-049,Madurai PHC-1,Madurai,Tamil Nadu,19.3637,75.3395,Amoxicillin,strips,224.8,29,20,8,6
2026-09-22,PHC-049,Madurai PHC-1,Madurai,Tamil Nadu,19.3637,75.3395,Amoxicillin,strips,211.0,29,15,8,6
2026-09-23,PHC-049,Madurai PHC-1,Madurai,Tamil Nadu,19.3637,75.3395,Amoxicillin,strips,201.9,29,17,8,8
2026-09-24,PHC-049,Madurai PHC-1,Madurai,Tamil Nadu,19.3637,75.3395,Amoxicillin,strips,187.8,29,16,8,5
2026-09-25,PHC-049,Madurai PHC-1,Madurai,Tamil Nadu,19.3637,75.3395,Amoxicillin,strips,175.3,29,14,8,6
2026-09-26,PHC-049,Madurai PHC-1,Madurai,Tamil Nadu,19.3637,75.3395,Amoxicillin,strips,165.4,29,23,8,8
2026-08-28,PHC-049,Madurai PHC-1,Madurai,Tamil Nadu,19.3637,75.3395,Iron Folic Acid Tablets,strips,548.3,29,17,8,6
2026-08-29,PHC-049,Madurai PHC-1,Madurai,Tamil Nadu,19.3637,75.3395,Iron Folic Acid Tablets,strips,527.1,29,21,8,7
2026-08-30,PHC-049,Madurai PHC-1,Madurai,Tamil Nadu,19.3637,75.3395,Iron Folic Acid Tablets,strips,513.0,29,27,8,6
2026-08-31,PHC-049,Madurai PHC-1,Madurai,Tamil Nadu,19.3637,75.3395,Iron Folic Acid Tablets,strips,497.5,29,16,8,6
2026-09-01,PHC-049,Madurai PHC-1,Madurai,Tamil Nadu,19.3637,75.3395,Iron Folic Acid Tablets,strips,480.2,29,15,8,7
2026-09-02,PHC-049,Madurai PHC-1,Madurai,Tamil Nadu,19.3637,75.3395,Iron Folic Acid Tablets,strips,463.5,29,22,8,6
2026-09-03,PHC-049,Madurai PHC-1,Madurai,Tamil Nadu,19.3637,75.3395,Iron Folic Acid Tablets,strips,444.7,29,26,8,8
2026-09-04,PHC-049,Madurai PHC-1,Madurai,Tamil Nadu,19.3637,75.3395,Iron Folic Acid Tablets,strips,432.1,29,16,8,8
2026-09-05,PHC-049,Madurai PHC-1,Madurai,Tamil Nadu,19.3637,75.3395,Iron Folic Acid Tablets,strips,412.7,29,21,8,4
2026-09-06,PHC-049,Madurai PHC-1,Madurai,Tamil Nadu,19.3637,75.3395,Iron Folic Acid Tablets,strips,403.3,29,14,8,8
2026-09-07,PHC-049,Madurai PHC-1,Madurai,Tamil Nadu,19.3637,75.3395,Iron Folic Acid Tablets,strips,390.6,29,19,8,6
2026-09-08,PHC-049,Madurai PHC-1,Madurai,Tamil Nadu,19.3637,75.3395,Iron Folic Acid Tablets,strips,370.5,29,20,8,5
2026-09-09,PHC-049,Madurai PHC-1,Madurai,Tamil Nadu,19.3637,75.3395,Iron Folic Acid Tablets,strips,355.3,29,12,8,5
2026-09-10,PHC-049,Madurai PHC-1,Madurai,Tamil Nadu,19.3637,75.3395,Iron Folic Acid Tablets,strips,332.4,29,23,8,6
2026-09-11,PHC-049,Madurai PHC-1,Madurai,Tamil Nadu,19.3637,75.3395,Iron Folic Acid Tablets,strips,309.9,29,13,8,5
2026-09-12,PHC-049,Madurai PHC-1,Madurai,Tamil Nadu,19.3637,75.3395,Iron Folic Acid Tablets,strips,290.1,29,17,8,7
2026-09-13,PHC-049,Madurai PHC-1,Madurai,Tamil Nadu,19.3637,75.3395,Iron Folic Acid Tablets,strips,274.2,29,20,8,6
2026-09-14,PHC-049,Madurai PHC-1,Madurai,Tamil Nadu,19.3637,75.3395,Iron Folic Acid Tablets,strips,261.4,29,18,8,6
2026-09-15,PHC-049,Madurai PHC-1,Madurai,Tamil Nadu,19.3637,75.3395,Iron Folic Acid Tablets,strips,239.7,29,14,8,7
2026-09-16,PHC-049,Madurai PHC-1,Madurai,Tamil Nadu,19.3637,75.3395,Iron Folic Acid Tablets,strips,228.8,29,15,8,8
2026-09-17,PHC-049,Madurai PHC-1,Madurai,Tamil Nadu,19.3637,75.3395,Iron Folic Acid Tablets,strips,216.3,29,21,8,5
2026-09-18,PHC-049,Madurai PHC-1,Madurai,Tamil Nadu,19.3637,75.3395,Iron Folic Acid Tablets,strips,202.8,29,10,8,6
2026-09-19,PHC-049,Madurai PHC-1,Madurai,Tamil Nadu,19.3637,75.3395,Iron Folic Acid Tablets,strips,190.3,29,23,8,8
2026-09-20,PHC-049,Madurai PHC-1,Madurai,Tamil Nadu,19.3637,75.3395,Iron Folic Acid Tablets,strips,176.9,29,13,8,5
2026-09-21,PHC-049,Madurai PHC-1,Madurai,Tamil Nadu,19.3637,75.3395,Iron Folic Acid Tablets,strips,162.5,29,23,8,5
2026-09-22,PHC-049,Madurai PHC-1,Madurai,Tamil Nadu,19.3637,75.3395,Iron Folic Acid Tablets,strips,147.5,29,9,8,7
2026-09-23,PHC-049,Madurai PHC-1,Madurai,Tamil Nadu,19.3637,75.3395,Iron Folic Acid Tablets,strips,137.1,29,16,8,6
2026-09-24,PHC-049,Madurai PHC-1,Madurai,Tamil Nadu,19.3637,75.3395,Iron Folic Acid Tablets,strips,118.3,29,19,8,6
2026-09-25,PHC-049,Madurai PHC-1,Madurai,Tamil Nadu,19.3637,75.3395,Iron Folic Acid Tablets,strips,105.6,29,24,8,6
2026-09-26,PHC-049,Madurai PHC-1,Madurai,Tamil Nadu,19.3637,75.3395,Iron Folic Acid Tablets,strips,87.2,29,12,8,8
2026-08-28,PHC-050,Madurai PHC-2,Madurai,Tamil Nadu,20.4961,78.7782,Paracetamol,units,426.4,15,9,5,5
2026-08-29,PHC-050,Madurai PHC-2,Madurai,Tamil Nadu,20.4961,78.7782,Paracetamol,units,410.5,15,7,5,4
2026-08-30,PHC-050,Madurai PHC-2,Madurai,Tamil Nadu,20.4961,78.7782,Paracetamol,units,391.6,15,8,5,5
2026-08-31,PHC-050,Madurai PHC-2,Madurai,Tamil Nadu,20.4961,78.7782,Paracetamol,units,372.9,15,9,5,1
2026-09-01,PHC-050,Madurai PHC-2,Madurai,Tamil Nadu,20.4961,78.7782,Paracetamol,units,359.2,15,9,5,3
2026-09-02,PHC-050,Madurai PHC-2,Madurai,Tamil Nadu,20.4961,78.7782,Paracetamol,units,342.8,15,9,5,3
2026-09-03,PHC-050,Madurai PHC-2,Madurai,Tamil Nadu,20.4961,78.7782,Paracetamol,units,324.9,15,8,5,3
2026-09-04,PHC-050,Madurai PHC-2,Madurai,Tamil Nadu,20.4961,78.7782,Paracetamol,units,307.3,15,7,5,1
2026-09-05,PHC-050,Madurai PHC-2,Madurai,Tamil Nadu,20.4961,78.7782,Paracetamol,units,293.3,15,7,5,5
2026-09-06,PHC-050,Madurai PHC-2,Madurai,Tamil Nadu,20.4961,78.7782,Paracetamol,units,282.8,15,10,5,4
2026-09-07,PHC-050,Madurai PHC-2,Madurai,Tamil Nadu,20.4961,78.7782,Paracetamol,units,264.1,15,8,5,3
2026-09-08,PHC-050,Madurai PHC-2,Madurai,Tamil Nadu,20.4961,78.7782,Paracetamol,units,251.5,15,8,5,1
2026-09-09,PHC-050,Madurai PHC-2,Madurai,Tamil Nadu,20.4961,78.7782,Paracetamol,units,244.4,15,15,5,2
2026-09-10,PHC-050,Madurai PHC-2,Madurai,Tamil Nadu,20.4961,78.7782,Paracetamol,units,231.1,15,8,5,5
2026-09-11,PHC-050,Madurai PHC-2,Madurai,Tamil Nadu,20.4961,78.7782,Paracetamol,units,217.1,15,9,5,5
2026-09-12,PHC-050,Madurai PHC-2,Madurai,Tamil Nadu,20.4961,78.7782,Paracetamol,units,205.6,15,7,5,4
2026-09-13,PHC-050,Madurai PHC-2,Madurai,Tamil Nadu,20.4961,78.7782,Paracetamol,units,187.1,15,8,5,5
2026-09-14,PHC-050,Madurai PHC-2,Madurai,Tamil Nadu,20.4961,78.7782,Paracetamol,units,180.3,15,10,5,4
2026-09-15,PHC-050,Madurai PHC-2,Madurai,Tamil Nadu,20.4961,78.7782,Paracetamol,units,173.1,15,11,5,3
2026-09-16,PHC-050,Madurai PHC-2,Madurai,Tamil Nadu,20.4961,78.7782,Paracetamol,units,156.0,15,6,5,1
2026-09-17,PHC-050,Madurai PHC-2,Madurai,Tamil Nadu,20.4961,78.7782,Paracetamol,units,146.4,15,8,5,4
2026-09-18,PHC-050,Madurai PHC-2,Madurai,Tamil Nadu,20.4961,78.7782,Paracetamol,units,133.8,15,6,5,3
2026-09-19,PHC-050,Madurai PHC-2,Madurai,Tamil Nadu,20.4961,78.7782,Paracetamol,units,115.4,15,7,5,3
2026-09-20,PHC-050,Madurai PHC-2,Madurai,Tamil Nadu,20.4961,78.7782,Paracetamol,units,103.3,15,11,5,5
2026-09-21,PHC-050,Madurai PHC-2,Madurai,Tamil Nadu,20.4961,78.7782,Paracetamol,units,89.9,15,10,5,3
2026-09-22,PHC-050,Madurai PHC-2,Madurai,Tamil Nadu,20.4961,78.7782,Paracetamol,units,76.6,15,8,5,5
2026-09-23,PHC-050,Madurai PHC-2,Madurai,Tamil Nadu,20.4961,78.7782,Paracetamol,units,57.1,15,10,5,5
2026-09-24,PHC-050,Madurai PHC-2,Madurai,Tamil Nadu,20.4961,78.7782,Paracetamol,units,40.7,15,9,5,4
2026-09-25,PHC-050,Madurai PHC-2,Madurai,Tamil Nadu,20.4961,78.7782,Paracetamol,units,25.6,15,5,5,5
2026-09-26,PHC-050,Madurai PHC-2,Madurai,Tamil Nadu,20.4961,78.7782,Paracetamol,units,15.8,15,14,5,3
2026-08-28,PHC-050,Madurai PHC-2,Madurai,Tamil Nadu,20.4961,78.7782,ORS Sachets,packets,337.5,15,9,5,3
2026-08-29,PHC-050,Madurai PHC-2,Madurai,Tamil Nadu,20.4961,78.7782,ORS Sachets,packets,341.0,15,7,5,1
2026-08-30,PHC-050,Madurai PHC-2,Madurai,Tamil Nadu,20.4961,78.7782,ORS Sachets,packets,344.7,15,10,5,3
2026-08-31,PHC-050,Madurai PHC-2,Madurai,Tamil Nadu,20.4961,78.7782,ORS Sachets,packets,346.0,15,5,5,3
2026-09-01,PHC-050,Madurai PHC-2,Madurai,Tamil Nadu,20.4961,78.7782,ORS Sachets,packets,352.2,15,8,5,5
2026-09-02,PHC-050,Madurai PHC-2,Madurai,Tamil Nadu,20.4961,78.7782,ORS Sachets,packets,337.0,15,10,5,4
2026-09-03,PHC-050,Madurai PHC-2,Madurai,Tamil Nadu,20.4961,78.7782,ORS Sachets,packets,339.3,15,9,5,3
2026-09-04,PHC-050,Madurai PHC-2,Madurai,Tamil Nadu,20.4961,78.7782,ORS Sachets,packets,337.3,15,8,5,2
2026-09-05,PHC-050,Madurai PHC-2,Madurai,Tamil Nadu,20.4961,78.7782,ORS Sachets,packets,336.7,15,3,5,1
2026-09-06,PHC-050,Madurai PHC-2,Madurai,Tamil Nadu,20.4961,78.7782,ORS Sachets,packets,336.3,15,8,5,1
2026-09-07,PHC-050,Madurai PHC-2,Madurai,Tamil Nadu,20.4961,78.7782,ORS Sachets,packets,333.4,15,7,5,2
2026-09-08,PHC-050,Madurai PHC-2,Madurai,Tamil Nadu,20.4961,78.7782,ORS Sachets,packets,334.9,15,7,5,3
2026-09-09,PHC-050,Madurai PHC-2,Madurai,Tamil Nadu,20.4961,78.7782,ORS Sachets,packets,332.0,15,9,5,3
2026-09-10,PHC-050,Madurai PHC-2,Madurai,Tamil Nadu,20.4961,78.7782,ORS Sachets,packets,333.2,15,7,5,1
2026-09-11,PHC-050,Madurai PHC-2,Madurai,Tamil Nadu,20.4961,78.7782,ORS Sachets,packets,329.3,15,9,5,3
2026-09-12,PHC-050,Madurai PHC-2,Madurai,Tamil Nadu,20.4961,78.7782,ORS Sachets,packets,324.6,15,11,5,3
2026-09-13,PHC-050,Madurai PHC-2,Madurai,Tamil Nadu,20.4961,78.7782,ORS Sachets,packets,324.8,15,9,5,4
2026-09-14,PHC-050,Madurai PHC-2,Madurai,Tamil Nadu,20.4961,78.7782,ORS Sachets,packets,327.8,15,11,5,2
2026-09-15,PHC-050,Madurai PHC-2,Madurai,Tamil Nadu,20.4961,78.7782,ORS Sachets,packets,329.8,15,9,5,5
2026-09-16,PHC-050,Madurai PHC-2,Madurai,Tamil Nadu,20.4961,78.7782,ORS Sachets,packets,332.3,15,7,5,2
2026-09-17,PHC-050,Madurai PHC-2,Madurai,Tamil Nadu,20.4961,78.7782,ORS Sachets,packets,337.5,15,4,5,5
2026-09-18,PHC-050,Madurai PHC-2,Madurai,Tamil Nadu,20.4961,78.7782,ORS Sachets,packets,333.4,15,10,5,5
2026-09-19,PHC-050,Madurai PHC-2,Madurai,Tamil Nadu,20.4961,78.7782,ORS Sachets,packets,331.1,15,12,5,3
2026-09-20,PHC-050,Madurai PHC-2,Madurai,Tamil Nadu,20.4961,78.7782,ORS Sachets,packets,327.8,15,9,5,4
2026-09-21,PHC-050,Madurai PHC-2,Madurai,Tamil Nadu,20.4961,78.7782,ORS Sachets,packets,331.4,15,7,5,4
2026-09-22,PHC-050,Madurai PHC-2,Madurai,Tamil Nadu,20.4961,78.7782,ORS Sachets,packets,326.3,15,7,5,4
2026-09-23,PHC-050,Madurai PHC-2,Madurai,Tamil Nadu,20.4961,78.7782,ORS Sachets,packets,331.8,15,8,5,4
2026-09-24,PHC-050,Madurai PHC-2,Madurai,Tamil Nadu,20.4961,78.7782,ORS Sachets,packets,334.9,15,8,5,4
2026-09-25,PHC-050,Madurai PHC-2,Madurai,Tamil Nadu,20.4961,78.7782,ORS Sachets,packets,334.0,15,8,5,4
2026-09-26,PHC-050,Madurai PHC-2,Madurai,Tamil Nadu,20.4961,78.7782,ORS Sachets,packets,329.9,15,10,5,4
2026-08-28,PHC-050,Madurai PHC-2,Madurai,Tamil Nadu,20.4961,78.7782,Insulin,vials,136.7,15,9,5,3
2026-08-29,PHC-050,Madurai PHC-2,Madurai,Tamil Nadu,20.4961,78.7782,Insulin,vials,132.8,15,9,5,4
2026-08-30,PHC-050,Madurai PHC-2,Madurai,Tamil Nadu,20.4961,78.7782,Insulin,vials,129.4,15,5,5,3
2026-08-31,PHC-050,Madurai PHC-2,Madurai,Tamil Nadu,20.4961,78.7782,Insulin,vials,126.8,15,10,5,2
2026-09-01,PHC-050,Madurai PHC-2,Madurai,Tamil Nadu,20.4961,78.7782,Insulin,vials,123.5,15,9,5,3
2026-09-02,PHC-050,Madurai PHC-2,Madurai,Tamil Nadu,20.4961,78.7782,Insulin,vials,121.0,15,7,5,4
2026-09-03,PHC-050,Madurai PHC-2,Madurai,Tamil Nadu,20.4961,78.7782,Insulin,vials,117.2,15,11,5,2
2026-09-04,PHC-050,Madurai PHC-2,Madurai,Tamil Nadu,20.4961,78.7782,Insulin,vials,114.8,15,4,5,4
2026-09-05,PHC-050,Madurai PHC-2,Madurai,Tamil Nadu,20.4961,78.7782,Insulin,vials,111.4,15,12,5,2
2026-09-06,PHC-050,Madurai PHC-2,Madurai,Tamil Nadu,20.4961,78.7782,Insulin,vials,109.6,15,9,5,2
2026-09-07,PHC-050,Madurai PHC-2,Madurai,Tamil Nadu,20.4961,78.7782,Insulin,vials,106.0,15,10,5,2
2026-09-08,PHC-050,Madurai PHC-2,Madurai,Tamil Nadu,20.4961,78.7782,Insulin,vials,102.4,15,6,5,5
2026-09-09,PHC-050,Madurai PHC-2,Madurai,Tamil Nadu,20.4961,78.7782,Insulin,vials,100.4,15,7,5,2
2026-09-10,PHC-050,Madurai PHC-2,Madurai,Tamil Nadu,20.4961,78.7782,Insulin,vials,97.4,15,12,5,3
2026-09-11,PHC-050,Madurai PHC-2,Madurai,Tamil Nadu,20.4961,78.7782,Insulin,vials,94.0,15,7,5,5
2026-09-12,PHC-050,Madurai PHC-2,Madurai,Tamil Nadu,20.4961,78.7782,Insulin,vials,90.5,15,11,5,3
2026-09-13,PHC-050,Madurai PHC-2,Madurai,Tamil Nadu,20.4961,78.7782,Insulin,vials,87.2,15,8,5,4
2026-09-14,PHC-050,Madurai PHC-2,Madurai,Tamil Nadu,20.4961,78.7782,Insulin,vials,85.1,15,11,5,5
2026-09-15,PHC-050,Madurai PHC-2,Madurai,Tamil Nadu,20.4961,78.7782,Insulin,vials,83.3,15,10,5,3
2026-09-16,PHC-050,Madurai PHC-2,Madurai,Tamil Nadu,20.4961,78.7782,Insulin,vials,79.7,15,12,5,3
2026-09-17,PHC-050,Madurai PHC-2,Madurai,Tamil Nadu,20.4961,78.7782,Insulin,vials,76.2,15,10,5,4
2026-09-18,PHC-050,Madurai PHC-2,Madurai,Tamil Nadu,20.4961,78.7782,Insulin,vials,74.0,15,9,5,2
2026-09-19,PHC-050,Madurai PHC-2,Madurai,Tamil Nadu,20.4961,78.7782,Insulin,vials,71.6,15,6,5,3
2026-09-20,PHC-050,Madurai PHC-2,Madurai,Tamil Nadu,20.4961,78.7782,Insulin,vials,70.0,15,10,5,2
2026-09-21,PHC-050,Madurai PHC-2,Madurai,Tamil Nadu,20.4961,78.7782,Insulin,vials,67.3,15,9,5,5
2026-09-22,PHC-050,Madurai PHC-2,Madurai,Tamil Nadu,20.4961,78.7782,Insulin,vials,64.0,15,6,5,4
2026-09-23,PHC-050,Madurai PHC-2,Madurai,Tamil Nadu,20.4961,78.7782,Insulin,vials,60.8,15,9,5,3
2026-09-24,PHC-050,Madurai PHC-2,Madurai,Tamil Nadu,20.4961,78.7782,Insulin,vials,57.0,15,8,5,4
2026-09-25,PHC-050,Madurai PHC-2,Madurai,Tamil Nadu,20.4961,78.7782,Insulin,vials,54.6,15,11,5,4
2026-09-26,PHC-050,Madurai PHC-2,Madurai,Tamil Nadu,20.4961,78.7782,Insulin,vials,51.6,15,6,5,5
2026-08-28,PHC-050,Madurai PHC-2,Madurai,Tamil Nadu,20.4961,78.7782,Amoxicillin,strips,346.9,15,8,5,5
2026-08-29,PHC-050,Madurai PHC-2,Madurai,Tamil Nadu,20.4961,78.7782,Amoxicillin,strips,340.1,15,8,5,3
2026-08-30,PHC-050,Madurai PHC-2,Madurai,Tamil Nadu,20.4961,78.7782,Amoxicillin,strips,332.9,15,7,5,4
2026-08-31,PHC-050,Madurai PHC-2,Madurai,Tamil Nadu,20.4961,78.7782,Amoxicillin,strips,335.4,15,12,5,4
2026-09-01,PHC-050,Madurai PHC-2,Madurai,Tamil Nadu,20.4961,78.7782,Amoxicillin,strips,338.9,15,5,5,2
2026-09-02,PHC-050,Madurai PHC-2,Madurai,Tamil Nadu,20.4961,78.7782,Amoxicillin,strips,340.0,15,11,5,3
2026-09-03,PHC-050,Madurai PHC-2,Madurai,Tamil Nadu,20.4961,78.7782,Amoxicillin,strips,342.0,15,8,5,4
2026-09-04,PHC-050,Madurai PHC-2,Madurai,Tamil Nadu,20.4961,78.7782,Amoxicillin,strips,337.4,15,8,5,4
2026-09-05,PHC-050,Madurai PHC-2,Madurai,Tamil Nadu,20.4961,78.7782,Amoxicillin,strips,333.5,15,9,5,5
2026-09-06,PHC-050,Madurai PHC-2,Madurai,Tamil Nadu,20.4961,78.7782,Amoxicillin,strips,336.6,15,10,5,5
2026-09-07,PHC-050,Madurai PHC-2,Madurai,Tamil Nadu,20.4961,78.7782,Amoxicillin,strips,330.1,15,11,5,3
2026-09-08,PHC-050,Madurai PHC-2,Madurai,Tamil Nadu,20.4961,78.7782,Amoxicillin,strips,324.9,15,14,5,4
2026-09-09,PHC-050,Madurai PHC-2,Madurai,Tamil Nadu,20.4961,78.7782,Amoxicillin,strips,322.1,15,8,5,4
2026-09-10,PHC-050,Madurai PHC-2,Madurai,Tamil Nadu,20.4961,78.7782,Amoxicillin,strips,317.8,15,9,5,3
2026-09-11,PHC-050,Madurai PHC-2,Madurai,Tamil Nadu,20.4961,78.7782,Amoxicillin,strips,318.0,15,7,5,5
2026-09-12,PHC-050,Madurai PHC-2,Madurai,Tamil Nadu,20.4961,78.7782,Amoxicillin,strips,315.9,15,10,5,5
2026-09-13,PHC-050,Madurai PHC-2,Madurai,Tamil Nadu,20.4961,78.7782,Amoxicillin,strips,318.0,15,8,5,2
2026-09-14,PHC-050,Madurai PHC-2,Madurai,Tamil Nadu,20.4961,78.7782,Amoxicillin,strips,319.5,15,9,5,0
2026-09-15,PHC-050,Madurai PHC-2,Madurai,Tamil Nadu,20.4961,78.7782,Amoxicillin,strips,317.1,15,10,5,5
2026-09-16,PHC-050,Madurai PHC-2,Madurai,Tamil Nadu,20.4961,78.7782,Amoxicillin,strips,318.4,15,9,5,4
2026-09-17,PHC-050,Madurai PHC-2,Madurai,Tamil Nadu,20.4961,78.7782,Amoxicillin,strips,316.9,15,6,5,5
2026-09-18,PHC-050,Madurai PHC-2,Madurai,Tamil Nadu,20.4961,78.7782,Amoxicillin,strips,320.3,15,9,5,5
2026-09-19,PHC-050,Madurai PHC-2,Madurai,Tamil Nadu,20.4961,78.7782,Amoxicillin,strips,320.5,15,10,5,5
2026-09-20,PHC-050,Madurai PHC-2,Madurai,Tamil Nadu,20.4961,78.7782,Amoxicillin,strips,322.1,15,7,5,2
2026-09-21,PHC-050,Madurai PHC-2,Madurai,Tamil Nadu,20.4961,78.7782,Amoxicillin,strips,320.3,15,2,5,3
2026-09-22,PHC-050,Madurai PHC-2,Madurai,Tamil Nadu,20.4961,78.7782,Amoxicillin,strips,320.6,15,8,5,2
2026-09-23,PHC-050,Madurai PHC-2,Madurai,Tamil Nadu,20.4961,78.7782,Amoxicillin,strips,322.1,15,8,5,1
2026-09-24,PHC-050,Madurai PHC-2,Madurai,Tamil Nadu,20.4961,78.7782,Amoxicillin,strips,324.5,15,8,5,4
2026-09-25,PHC-050,Madurai PHC-2,Madurai,Tamil Nadu,20.4961,78.7782,Amoxicillin,strips,325.0,15,10,5,3
2026-09-26,PHC-050,Madurai PHC-2,Madurai,Tamil Nadu,20.4961,78.7782,Amoxicillin,strips,326.6,15,10,5,4
2026-08-28,PHC-050,Madurai PHC-2,Madurai,Tamil Nadu,20.4961,78.7782,Iron Folic Acid Tablets,strips,321.0,15,9,5,4
2026-08-29,PHC-050,Madurai PHC-2,Madurai,Tamil Nadu,20.4961,78.7782,Iron Folic Acid Tablets,strips,299.3,15,6,5,5
2026-08-30,PHC-050,Madurai PHC-2,Madurai,Tamil Nadu,20.4961,78.7782,Iron Folic Acid Tablets,strips,272.8,15,9,5,2
2026-08-31,PHC-050,Madurai PHC-2,Madurai,Tamil Nadu,20.4961,78.7782,Iron Folic Acid Tablets,strips,226.4,15,11,5,4
2026-09-01,PHC-050,Madurai PHC-2,Madurai,Tamil Nadu,20.4961,78.7782,Iron Folic Acid Tablets,strips,179.3,15,8,5,1
2026-09-02,PHC-050,Madurai PHC-2,Madurai,Tamil Nadu,20.4961,78.7782,Iron Folic Acid Tablets,strips,137.2,15,9,5,3
2026-09-03,PHC-050,Madurai PHC-2,Madurai,Tamil Nadu,20.4961,78.7782,Iron Folic Acid Tablets,strips,118.1,15,9,5,3
2026-09-04,PHC-050,Madurai PHC-2,Madurai,Tamil Nadu,20.4961,78.7782,Iron Folic Acid Tablets,strips,97.2,15,11,5,5
2026-09-05,PHC-050,Madurai PHC-2,Madurai,Tamil Nadu,20.4961,78.7782,Iron Folic Acid Tablets,strips,66.4,15,9,5,4
2026-09-06,PHC-050,Madurai PHC-2,Madurai,Tamil Nadu,20.4961,78.7782,Iron Folic Acid Tablets,strips,33.3,15,7,5,5
2026-09-07,PHC-050,Madurai PHC-2,Madurai,Tamil Nadu,20.4961,78.7782,Iron Folic Acid Tablets,strips,0.1,15,9,5,3
2026-09-08,PHC-050,Madurai PHC-2,Madurai,Tamil Nadu,20.4961,78.7782,Iron Folic Acid Tablets,strips,0.0,15,8,5,5
2026-09-09,PHC-050,Madurai PHC-2,Madurai,Tamil Nadu,20.4961,78.7782,Iron Folic Acid Tablets,strips,0.0,15,7,5,5
2026-09-10,PHC-050,Madurai PHC-2,Madurai,Tamil Nadu,20.4961,78.7782,Iron Folic Acid Tablets,strips,0.0,15,5,5,3
2026-09-11,PHC-050,Madurai PHC-2,Madurai,Tamil Nadu,20.4961,78.7782,Iron Folic Acid Tablets,strips,0.0,15,10,5,3
2026-09-12,PHC-050,Madurai PHC-2,Madurai,Tamil Nadu,20.4961,78.7782,Iron Folic Acid Tablets,strips,0.0,15,10,5,5
2026-09-13,PHC-050,Madurai PHC-2,Madurai,Tamil Nadu,20.4961,78.7782,Iron Folic Acid Tablets,strips,0.0,15,10,5,4
2026-09-14,PHC-050,Madurai PHC-2,Madurai,Tamil Nadu,20.4961,78.7782,Iron Folic Acid Tablets,strips,0.0,15,10,5,5
2026-09-15,PHC-050,Madurai PHC-2,Madurai,Tamil Nadu,20.4961,78.7782,Iron Folic Acid Tablets,strips,0.0,15,7,5,3
2026-09-16,PHC-050,Madurai PHC-2,Madurai,Tamil Nadu,20.4961,78.7782,Iron Folic Acid Tablets,strips,0.0,15,8,5,4
2026-09-17,PHC-050,Madurai PHC-2,Madurai,Tamil Nadu,20.4961,78.7782,Iron Folic Acid Tablets,strips,0.0,15,9,5,4
2026-09-18,PHC-050,Madurai PHC-2,Madurai,Tamil Nadu,20.4961,78.7782,Iron Folic Acid Tablets,strips,0.0,15,6,5,4
2026-09-19,PHC-050,Madurai PHC-2,Madurai,Tamil Nadu,20.4961,78.7782,Iron Folic Acid Tablets,strips,0.0,15,9,5,4
2026-09-20,PHC-050,Madurai PHC-2,Madurai,Tamil Nadu,20.4961,78.7782,Iron Folic Acid Tablets,strips,0.0,15,8,5,3
2026-09-21,PHC-050,Madurai PHC-2,Madurai,Tamil Nadu,20.4961,78.7782,Iron Folic Acid Tablets,strips,0.0,15,12,5,2
2026-09-22,PHC-050,Madurai PHC-2,Madurai,Tamil Nadu,20.4961,78.7782,Iron Folic Acid Tablets,strips,0.0,15,9,5,3
2026-09-23,PHC-050,Madurai PHC-2,Madurai,Tamil Nadu,20.4961,78.7782,Iron Folic Acid Tablets,strips,0.0,15,8,5,4
2026-09-24,PHC-050,Madurai PHC-2,Madurai,Tamil Nadu,20.4961,78.7782,Iron Folic Acid Tablets,strips,0.0,15,8,5,2
2026-09-25,PHC-050,Madurai PHC-2,Madurai,Tamil Nadu,20.4961,78.7782,Iron Folic Acid Tablets,strips,0.0,15,5,5,3
2026-09-26,PHC-050,Madurai PHC-2,Madurai,Tamil Nadu,20.4961,78.7782,Iron Folic Acid Tablets,strips,0.0,15,11,5,5
2026-08-28,PHC-051,Madurai PHC-3,Madurai,Tamil Nadu,27.831,87.9232,Paracetamol,units,356.8,20,16,6,3
2026-08-29,PHC-051,Madurai PHC-3,Madurai,Tamil Nadu,27.831,87.9232,Paracetamol,units,362.6,20,14,6,5
2026-08-30,PHC-051,Madurai PHC-3,Madurai,Tamil Nadu,27.831,87.9232,Paracetamol,units,364.5,20,14,6,3
2026-08-31,PHC-051,Madurai PHC-3,Madurai,Tamil Nadu,27.831,87.9232,Paracetamol,units,369.2,20,9,6,6
2026-09-01,PHC-051,Madurai PHC-3,Madurai,Tamil Nadu,27.831,87.9232,Paracetamol,units,371.9,20,16,6,5
2026-09-02,PHC-051,Madurai PHC-3,Madurai,Tamil Nadu,27.831,87.9232,Paracetamol,units,352.8,20,15,6,6
2026-09-03,PHC-051,Madurai PHC-3,Madurai,Tamil Nadu,27.831,87.9232,Paracetamol,units,346.5,20,14,6,6
2026-09-04,PHC-051,Madurai PHC-3,Madurai,Tamil Nadu,27.831,87.9232,Paracetamol,units,352.1,20,13,6,3
2026-09-05,PHC-051,Madurai PHC-3,Madurai,Tamil Nadu,27.831,87.9232,Paracetamol,units,349.6,20,6,6,5
2026-09-06,PHC-051,Madurai PHC-3,Madurai,Tamil Nadu,27.831,87.9232,Paracetamol,units,358.5,20,12,6,6
2026-09-07,PHC-051,Madurai PHC-3,Madurai,Tamil Nadu,27.831,87.9232,Paracetamol,units,362.5,20,9,6,5
2026-09-08,PHC-051,Madurai PHC-3,Madurai,Tamil Nadu,27.831,87.9232,Paracetamol,units,366.7,20,12,6,4
2026-09-09,PHC-051,Madurai PHC-3,Madurai,Tamil Nadu,27.831,87.9232,Paracetamol,units,377.2,20,6,6,5
2026-09-10,PHC-051,Madurai PHC-3,Madurai,Tamil Nadu,27.831,87.9232,Paracetamol,units,380.5,20,17,6,6
2026-09-11,PHC-051,Madurai PHC-3,Madurai,Tamil Nadu,27.831,87.9232,Paracetamol,units,377.8,20,13,6,5
2026-09-12,PHC-051,Madurai PHC-3,Madurai,Tamil Nadu,27.831,87.9232,Paracetamol,units,375.9,20,8,6,5
2026-09-13,PHC-051,Madurai PHC-3,Madurai,Tamil Nadu,27.831,87.9232,Paracetamol,units,372.4,20,4,6,6
2026-09-14,PHC-051,Madurai PHC-3,Madurai,Tamil Nadu,27.831,87.9232,Paracetamol,units,372.9,20,17,6,6
2026-09-15,PHC-051,Madurai PHC-3,Madurai,Tamil Nadu,27.831,87.9232,Paracetamol,units,372.6,20,10,6,5
2026-09-16,PHC-051,Madurai PHC-3,Madurai,Tamil Nadu,27.831,87.9232,Paracetamol,units,376.4,20,13,6,4
2026-09-17,PHC-051,Madurai PHC-3,Madurai,Tamil Nadu,27.831,87.9232,Paracetamol,units,374.9,20,12,6,3
2026-09-18,PHC-051,Madurai PHC-3,Madurai,Tamil Nadu,27.831,87.9232,Paracetamol,units,387.4,20,9,6,5
2026-09-19,PHC-051,Madurai PHC-3,Madurai,Tamil Nadu,27.831,87.9232,Paracetamol,units,374.6,20,13,6,4
2026-09-20,PHC-051,Madurai PHC-3,Madurai,Tamil Nadu,27.831,87.9232,Paracetamol,units,379.7,20,12,6,5
2026-09-21,PHC-051,Madurai PHC-3,Madurai,Tamil Nadu,27.831,87.9232,Paracetamol,units,382.0,20,11,6,2
2026-09-22,PHC-051,Madurai PHC-3,Madurai,Tamil Nadu,27.831,87.9232,Paracetamol,units,388.6,20,16,6,6
2026-09-23,PHC-051,Madurai PHC-3,Madurai,Tamil Nadu,27.831,87.9232,Paracetamol,units,391.0,20,15,6,4
2026-09-24,PHC-051,Madurai PHC-3,Madurai,Tamil Nadu,27.831,87.9232,Paracetamol,units,387.6,20,15,6,4
2026-09-25,PHC-051,Madurai PHC-3,Madurai,Tamil Nadu,27.831,87.9232,Paracetamol,units,390.2,20,12,6,3
2026-09-26,PHC-051,Madurai PHC-3,Madurai,Tamil Nadu,27.831,87.9232,Paracetamol,units,387.3,20,17,6,6
2026-08-28,PHC-051,Madurai PHC-3,Madurai,Tamil Nadu,27.831,87.9232,ORS Sachets,packets,321.5,20,11,6,6
2026-08-29,PHC-051,Madurai PHC-3,Madurai,Tamil Nadu,27.831,87.9232,ORS Sachets,packets,321.3,20,7,6,3
2026-08-30,PHC-051,Madurai PHC-3,Madurai,Tamil Nadu,27.831,87.9232,ORS Sachets,packets,321.1,20,9,6,3
2026-08-31,PHC-051,Madurai PHC-3,Madurai,Tamil Nadu,27.831,87.9232,ORS Sachets,packets,326.9,20,17,6,5
2026-09-01,PHC-051,Madurai PHC-3,Madurai,Tamil Nadu,27.831,87.9232,ORS Sachets,packets,330.9,20,8,6,4
2026-09-02,PHC-051,Madurai PHC-3,Madurai,Tamil Nadu,27.831,87.9232,ORS Sachets,packets,328.4,20,14,6,6
2026-09-03,PHC-051,Madurai PHC-3,Madurai,Tamil Nadu,27.831,87.9232,ORS Sachets,packets,327.7,20,11,6,4
2026-09-04,PHC-051,Madurai PHC-3,Madurai,Tamil Nadu,27.831,87.9232,ORS Sachets,packets,326.0,20,11,6,5
2026-09-05,PHC-051,Madurai PHC-3,Madurai,Tamil Nadu,27.831,87.9232,ORS Sachets,packets,325.9,20,15,6,4
2026-09-06,PHC-051,Madurai PHC-3,Madurai,Tamil Nadu,27.831,87.9232,ORS Sachets,packets,324.7,20,13,6,6
2026-09-07,PHC-051,Madurai PHC-3,Madurai,Tamil Nadu,27.831,87.9232,ORS Sachets,packets,325.8,20,14,6,6
2026-09-08,PHC-051,Madurai PHC-3,Madurai,Tamil Nadu,27.831,87.9232,ORS Sachets,packets,324.8,20,20,6,6
2026-09-09,PHC-051,Madurai PHC-3,Madurai,Tamil Nadu,27.831,87.9232,ORS Sachets,packets,327.1,20,7,6,4
2026-09-10,PHC-051,Madurai PHC-3,Madurai,Tamil Nadu,27.831,87.9232,ORS Sachets,packets,328.1,20,10,6,5
2026-09-11,PHC-051,Madurai PHC-3,Madurai,Tamil Nadu,27.831,87.9232,ORS Sachets,packets,325.5,20,14,6,2
2026-09-12,PHC-051,Madurai PHC-3,Madurai,Tamil Nadu,27.831,87.9232,ORS Sachets,packets,319.7,20,9,6,5
2026-09-13,PHC-051,Madurai PHC-3,Madurai,Tamil Nadu,27.831,87.9232,ORS Sachets,packets,314.5,20,10,6,3
2026-09-14,PHC-051,Madurai PHC-3,Madurai,Tamil Nadu,27.831,87.9232,ORS Sachets,packets,314.6,20,14,6,2
2026-09-15,PHC-051,Madurai PHC-3,Madurai,Tamil Nadu,27.831,87.9232,ORS Sachets,packets,312.5,20,8,6,5
2026-09-16,PHC-051,Madurai PHC-3,Madurai,Tamil Nadu,27.831,87.9232,ORS Sachets,packets,312.1,20,8,6,4
2026-09-17,PHC-051,Madurai PHC-3,Madurai,Tamil Nadu,27.831,87.9232,ORS Sachets,packets,313.5,20,15,6,6
2026-09-18,PHC-051,Madurai PHC-3,Madurai,Tamil Nadu,27.831,87.9232,ORS Sachets,packets,316.1,20,8,6,6
2026-09-19,PHC-051,Madurai PHC-3,Madurai,Tamil Nadu,27.831,87.9232,ORS Sachets,packets,311.1,20,16,6,4
2026-09-20,PHC-051,Madurai PHC-3,Madurai,Tamil Nadu,27.831,87.9232,ORS Sachets,packets,308.7,20,19,6,6
2026-09-21,PHC-051,Madurai PHC-3,Madurai,Tamil Nadu,27.831,87.9232,ORS Sachets,packets,309.1,20,14,6,5
2026-09-22,PHC-051,Madurai PHC-3,Madurai,Tamil Nadu,27.831,87.9232,ORS Sachets,packets,307.8,20,16,6,4
2026-09-23,PHC-051,Madurai PHC-3,Madurai,Tamil Nadu,27.831,87.9232,ORS Sachets,packets,306.9,20,12,6,4
2026-09-24,PHC-051,Madurai PHC-3,Madurai,Tamil Nadu,27.831,87.9232,ORS Sachets,packets,306.1,20,14,6,6
2026-09-25,PHC-051,Madurai PHC-3,Madurai,Tamil Nadu,27.831,87.9232,ORS Sachets,packets,312.0,20,15,6,6
2026-09-26,PHC-051,Madurai PHC-3,Madurai,Tamil Nadu,27.831,87.9232,ORS Sachets,packets,306.3,20,9,6,4
2026-08-28,PHC-051,Madurai PHC-3,Madurai,Tamil Nadu,27.831,87.9232,Insulin,vials,94.7,20,6,6,6
2026-08-29,PHC-051,Madurai PHC-3,Madurai,Tamil Nadu,27.831,87.9232,Insulin,vials,91.2,20,9,6,5
2026-08-30,PHC-051,Madurai PHC-3,Madurai,Tamil Nadu,27.831,87.9232,Insulin,vials,89.5,20,14,6,3
2026-08-31,PHC-051,Madurai PHC-3,Madurai,Tamil Nadu,27.831,87.9232,Insulin,vials,87.6,20,15,6,5
2026-09-01,PHC-051,Madurai PHC-3,Madurai,Tamil Nadu,27.831,87.9232,Insulin,vials,85.0,20,15,6,3
2026-09-02,PHC-051,Madurai PHC-3,Madurai,Tamil Nadu,27.831,87.9232,Insulin,vials,81.4,20,13,6,5
2026-09-03,PHC-051,Madurai PHC-3,Madurai,Tamil Nadu,27.831,87.9232,Insulin,vials,79.2,20,14,6,4
2026-09-04,PHC-051,Madurai PHC-3,Madurai,Tamil Nadu,27.831,87.9232,Insulin,vials,75.9,20,12,6,5
2026-09-05,PHC-051,Madurai PHC-3,Madurai,Tamil Nadu,27.831,87.9232,Insulin,vials,73.0,20,10,6,5
2026-09-06,PHC-051,Madurai PHC-3,Madurai,Tamil Nadu,27.831,87.9232,Insulin,vials,71.3,20,6,6,6
2026-09-07,PHC-051,Madurai PHC-3,Madurai,Tamil Nadu,27.831,87.9232,Insulin,vials,68.5,20,12,6,4
2026-09-08,PHC-051,Madurai PHC-3,Madurai,Tamil Nadu,27.831,87.9232,Insulin,vials,66.7,20,8,6,6
2026-09-09,PHC-051,Madurai PHC-3,Madurai,Tamil Nadu,27.831,87.9232,Insulin,vials,64.9,20,12,6,4
2026-09-10,PHC-051,Madurai PHC-3,Madurai,Tamil Nadu,27.831,87.9232,Insulin,vials,62.4,20,14,6,4
2026-09-11,PHC-051,Madurai PHC-3,Madurai,Tamil Nadu,27.831,87.9232,Insulin,vials,60.5,20,12,6,4
2026-09-12,PHC-051,Madurai PHC-3,Madurai,Tamil Nadu,27.831,87.9232,Insulin,vials,58.4,20,7,6,5
2026-09-13,PHC-051,Madurai PHC-3,Madurai,Tamil Nadu,27.831,87.9232,Insulin,vials,56.8,20,13,6,5
2026-09-14,PHC-051,Madurai PHC-3,Madurai,Tamil Nadu,27.831,87.9232,Insulin,vials,53.5,20,9,6,5
2026-09-15,PHC-051,Madurai PHC-3,Madurai,Tamil Nadu,27.831,87.9232,Insulin,vials,51.1,20,10,6,6
2026-09-16,PHC-051,Madurai PHC-3,Madurai,Tamil Nadu,27.831,87.9232,Insulin,vials,47.5,20,9,6,3
2026-09-17,PHC-051,Madurai PHC-3,Madurai,Tamil Nadu,27.831,87.9232,Insulin,vials,44.4,20,11,6,6
2026-09-18,PHC-051,Madurai PHC-3,Madurai,Tamil Nadu,27.831,87.9232,Insulin,vials,43.0,20,10,6,3
2026-09-19,PHC-051,Madurai PHC-3,Madurai,Tamil Nadu,27.831,87.9232,Insulin,vials,40.2,20,12,6,6
2026-09-20,PHC-051,Madurai PHC-3,Madurai,Tamil Nadu,27.831,87.9232,Insulin,vials,38.4,20,15,6,3
2026-09-21,PHC-051,Madurai PHC-3,Madurai,Tamil Nadu,27.831,87.9232,Insulin,vials,36.4,20,8,6,4
2026-09-22,PHC-051,Madurai PHC-3,Madurai,Tamil Nadu,27.831,87.9232,Insulin,vials,32.5,20,12,6,2
2026-09-23,PHC-051,Madurai PHC-3,Madurai,Tamil Nadu,27.831,87.9232,Insulin,vials,29.4,20,17,6,4
2026-09-24,PHC-051,Madurai PHC-3,Madurai,Tamil Nadu,27.831,87.9232,Insulin,vials,26.6,20,14,6,6
2026-09-25,PHC-051,Madurai PHC-3,Madurai,Tamil Nadu,27.831,87.9232,Insulin,vials,24.9,20,7,6,6
2026-09-26,PHC-051,Madurai PHC-3,Madurai,Tamil Nadu,27.831,87.9232,Insulin,vials,22.8,20,9,6,6
2026-08-28,PHC-051,Madurai PHC-3,Madurai,Tamil Nadu,27.831,87.9232,Amoxicillin,strips,265.3,20,9,6,5
2026-08-29,PHC-051,Madurai PHC-3,Madurai,Tamil Nadu,27.831,87.9232,Amoxicillin,strips,256.8,20,7,6,6
2026-08-30,PHC-051,Madurai PHC-3,Madurai,Tamil Nadu,27.831,87.9232,Amoxicillin,strips,260.9,20,9,6,5
2026-08-31,PHC-051,Madurai PHC-3,Madurai,Tamil Nadu,27.831,87.9232,Amoxicillin,strips,261.6,20,6,6,6
2026-09-01,PHC-051,Madurai PHC-3,Madurai,Tamil Nadu,27.831,87.9232,Amoxicillin,strips,256.7,20,12,6,5
2026-09-02,PHC-051,Madurai PHC-3,Madurai,Tamil Nadu,27.831,87.9232,Amoxicillin,strips,258.9,20,11,6,3
2026-09-03,PHC-051,Madurai PHC-3,Madurai,Tamil Nadu,27.831,87.9232,Amoxicillin,strips,254.3,20,15,6,4
2026-09-04,PHC-051,Madurai PHC-3,Madurai,Tamil Nadu,27.831,87.9232,Amoxicillin,strips,252.4,20,10,6,4
2026-09-05,PHC-051,Madurai PHC-3,Madurai,Tamil Nadu,27.831,87.9232,Amoxicillin,strips,249.5,20,14,6,4
2026-09-06,PHC-051,Madurai PHC-3,Madurai,Tamil Nadu,27.831,87.9232,Amoxicillin,strips,249.6,20,12,6,3
2026-09-07,PHC-051,Madurai PHC-3,Madurai,Tamil Nadu,27.831,87.9232,Amoxicillin,strips,249.0,20,13,6,5
2026-09-08,PHC-051,Madurai PHC-3,Madurai,Tamil Nadu,27.831,87.9232,Amoxicillin,strips,247.5,20,9,6,5
2026-09-09,PHC-051,Madurai PHC-3,Madurai,Tamil Nadu,27.831,87.9232,Amoxicillin,strips,250.8,20,12,6,3
2026-09-10,PHC-051,Madurai PHC-3,Madurai,Tamil Nadu,27.831,87.9232,Amoxicillin,strips,246.2,20,15,6,6
2026-09-11,PHC-051,Madurai PHC-3,Madurai,Tamil Nadu,27.831,87.9232,Amoxicillin,strips,247.5,20,11,6,6
2026-09-12,PHC-051,Madurai PHC-3,Madurai,Tamil Nadu,27.831,87.9232,Amoxicillin,strips,249.1,20,11,6,4
2026-09-13,PHC-051,Madurai PHC-3,Madurai,Tamil Nadu,27.831,87.9232,Amoxicillin,strips,258.1,20,15,6,6
2026-09-14,PHC-051,Madurai PHC-3,Madurai,Tamil Nadu,27.831,87.9232,Amoxicillin,strips,252.7,20,9,6,6
2026-09-15,PHC-051,Madurai PHC-3,Madurai,Tamil Nadu,27.831,87.9232,Amoxicillin,strips,259.1,20,9,6,6
2026-09-16,PHC-051,Madurai PHC-3,Madurai,Tamil Nadu,27.831,87.9232,Amoxicillin,strips,262.0,20,19,6,4
2026-09-17,PHC-051,Madurai PHC-3,Madurai,Tamil Nadu,27.831,87.9232,Amoxicillin,strips,259.1,20,8,6,4
2026-09-18,PHC-051,Madurai PHC-3,Madurai,Tamil Nadu,27.831,87.9232,Amoxicillin,strips,251.8,20,11,6,5
2026-09-19,PHC-051,Madurai PHC-3,Madurai,Tamil Nadu,27.831,87.9232,Amoxicillin,strips,251.1,20,16,6,3
2026-09-20,PHC-051,Madurai PHC-3,Madurai,Tamil Nadu,27.831,87.9232,Amoxicillin,strips,247.8,20,12,6,6
2026-09-21,PHC-051,Madurai PHC-3,Madurai,Tamil Nadu,27.831,87.9232,Amoxicillin,strips,250.3,20,9,6,4
2026-09-22,PHC-051,Madurai PHC-3,Madurai,Tamil Nadu,27.831,87.9232,Amoxicillin,strips,261.1,20,10,6,5
2026-09-23,PHC-051,Madurai PHC-3,Madurai,Tamil Nadu,27.831,87.9232,Amoxicillin,strips,256.6,20,12,6,4
2026-09-24,PHC-051,Madurai PHC-3,Madurai,Tamil Nadu,27.831,87.9232,Amoxicillin,strips,249.1,20,11,6,6
2026-09-25,PHC-051,Madurai PHC-3,Madurai,Tamil Nadu,27.831,87.9232,Amoxicillin,strips,252.1,20,1,6,4
2026-09-26,PHC-051,Madurai PHC-3,Madurai,Tamil Nadu,27.831,87.9232,Amoxicillin,strips,258.7,20,14,6,3
2026-08-28,PHC-051,Madurai PHC-3,Madurai,Tamil Nadu,27.831,87.9232,Iron Folic Acid Tablets,strips,377.1,20,5,6,4
2026-08-29,PHC-051,Madurai PHC-3,Madurai,Tamil Nadu,27.831,87.9232,Iron Folic Acid Tablets,strips,389.0,20,11,6,4
2026-08-30,PHC-051,Madurai PHC-3,Madurai,Tamil Nadu,27.831,87.9232,Iron Folic Acid Tablets,strips,390.8,20,8,6,4
2026-08-31,PHC-051,Madurai PHC-3,Madurai,Tamil Nadu,27.831,87.9232,Iron Folic Acid Tablets,strips,390.2,20,14,6,3
2026-09-01,PHC-051,Madurai PHC-3,Madurai,Tamil Nadu,27.831,87.9232,Iron Folic Acid Tablets,strips,383.7,20,11,6,5
2026-09-02,PHC-051,Madurai PHC-3,Madurai,Tamil Nadu,27.831,87.9232,Iron Folic Acid Tablets,strips,391.7,20,9,6,4
2026-09-03,PHC-051,Madurai PHC-3,Madurai,Tamil Nadu,27.831,87.9232,Iron Folic Acid Tablets,strips,400.5,20,15,6,4
2026-09-04,PHC-051,Madurai PHC-3,Madurai,Tamil Nadu,27.831,87.9232,Iron Folic Acid Tablets,strips,396.4,20,15,6,6
2026-09-05,PHC-051,Madurai PHC-3,Madurai,Tamil Nadu,27.831,87.9232,Iron Folic Acid Tablets,strips,398.8,20,3,6,6
2026-09-06,PHC-051,Madurai PHC-3,Madurai,Tamil Nadu,27.831,87.9232,Iron Folic Acid Tablets,strips,401.5,20,14,6,6
2026-09-07,PHC-051,Madurai PHC-3,Madurai,Tamil Nadu,27.831,87.9232,Iron Folic Acid Tablets,strips,402.0,20,10,6,5
2026-09-08,PHC-051,Madurai PHC-3,Madurai,Tamil Nadu,27.831,87.9232,Iron Folic Acid Tablets,strips,400.8,20,11,6,4
2026-09-09,PHC-051,Madurai PHC-3,Madurai,Tamil Nadu,27.831,87.9232,Iron Folic Acid Tablets,strips,395.2,20,2,6,4
2026-09-10,PHC-051,Madurai PHC-3,Madurai,Tamil Nadu,27.831,87.9232,Iron Folic Acid Tablets,strips,380.3,20,12,6,4
2026-09-11,PHC-051,Madurai PHC-3,Madurai,Tamil Nadu,27.831,87.9232,Iron Folic Acid Tablets,strips,377.2,20,15,6,3
2026-09-12,PHC-051,Madurai PHC-3,Madurai,Tamil Nadu,27.831,87.9232,Iron Folic Acid Tablets,strips,380.1,20,9,6,6
2026-09-13,PHC-051,Madurai PHC-3,Madurai,Tamil Nadu,27.831,87.9232,Iron Folic Acid Tablets,strips,378.7,20,19,6,6
2026-09-14,PHC-051,Madurai PHC-3,Madurai,Tamil Nadu,27.831,87.9232,Iron Folic Acid Tablets,strips,376.2,20,19,6,3
2026-09-15,PHC-051,Madurai PHC-3,Madurai,Tamil Nadu,27.831,87.9232,Iron Folic Acid Tablets,strips,386.5,20,13,6,6
2026-09-16,PHC-051,Madurai PHC-3,Madurai,Tamil Nadu,27.831,87.9232,Iron Folic Acid Tablets,strips,386.6,20,9,6,5
2026-09-17,PHC-051,Madurai PHC-3,Madurai,Tamil Nadu,27.831,87.9232,Iron Folic Acid Tablets,strips,384.7,20,16,6,4
2026-09-18,PHC-051,Madurai PHC-3,Madurai,Tamil Nadu,27.831,87.9232,Iron Folic Acid Tablets,strips,386.8,20,11,6,2
2026-09-19,PHC-051,Madurai PHC-3,Madurai,Tamil Nadu,27.831,87.9232,Iron Folic Acid Tablets,strips,386.7,20,5,6,6
2026-09-20,PHC-051,Madurai PHC-3,Madurai,Tamil Nadu,27.831,87.9232,Iron Folic Acid Tablets,strips,381.1,20,14,6,2
2026-09-21,PHC-051,Madurai PHC-3,Madurai,Tamil Nadu,27.831,87.9232,Iron Folic Acid Tablets,strips,379.0,20,14,6,6
2026-09-22,PHC-051,Madurai PHC-3,Madurai,Tamil Nadu,27.831,87.9232,Iron Folic Acid Tablets,strips,380.8,20,20,6,5
2026-09-23,PHC-051,Madurai PHC-3,Madurai,Tamil Nadu,27.831,87.9232,Iron Folic Acid Tablets,strips,373.8,20,17,6,4
2026-09-24,PHC-051,Madurai PHC-3,Madurai,Tamil Nadu,27.831,87.9232,Iron Folic Acid Tablets,strips,375.5,20,12,6,4
2026-09-25,PHC-051,Madurai PHC-3,Madurai,Tamil Nadu,27.831,87.9232,Iron Folic Acid Tablets,strips,390.2,20,18,6,4
2026-09-26,PHC-051,Madurai PHC-3,Madurai,Tamil Nadu,27.831,87.9232,Iron Folic Acid Tablets,strips,383.3,20,20,6,5
2026-08-28,PHC-052,Coimbatore PHC-1,Coimbatore,Tamil Nadu,21.2969,72.1715,Paracetamol,units,540.6,23,12,11,8
2026-08-29,PHC-052,Coimbatore PHC-1,Coimbatore,Tamil Nadu,21.2969,72.1715,Paracetamol,units,544.8,23,15,11,11
2026-08-30,PHC-052,Coimbatore PHC-1,Coimbatore,Tamil Nadu,21.2969,72.1715,Paracetamol,units,555.1,23,14,11,10
2026-08-31,PHC-052,Coimbatore PHC-1,Coimbatore,Tamil Nadu,21.2969,72.1715,Paracetamol,units,553.0,23,13,11,8
2026-09-01,PHC-052,Coimbatore PHC-1,Coimbatore,Tamil Nadu,21.2969,72.1715,Paracetamol,units,550.3,23,15,11,9
2026-09-02,PHC-052,Coimbatore PHC-1,Coimbatore,Tamil Nadu,21.2969,72.1715,Paracetamol,units,551.0,23,11,11,9
2026-09-03,PHC-052,Coimbatore PHC-1,Coimbatore,Tamil Nadu,21.2969,72.1715,Paracetamol,units,550.2,23,10,11,9
2026-09-04,PHC-052,Coimbatore PHC-1,Coimbatore,Tamil Nadu,21.2969,72.1715,Paracetamol,units,541.5,23,21,11,9
2026-09-05,PHC-052,Coimbatore PHC-1,Coimbatore,Tamil Nadu,21.2969,72.1715,Paracetamol,units,537.9,23,19,11,7
2026-09-06,PHC-052,Coimbatore PHC-1,Coimbatore,Tamil Nadu,21.2969,72.1715,Paracetamol,units,535.1,23,22,11,9
2026-09-07,PHC-052,Coimbatore PHC-1,Coimbatore,Tamil Nadu,21.2969,72.1715,Paracetamol,units,536.9,23,13,11,9
2026-09-08,PHC-052,Coimbatore PHC-1,Coimbatore,Tamil Nadu,21.2969,72.1715,Paracetamol,units,538.8,23,14,11,9
2026-09-09,PHC-052,Coimbatore PHC-1,Coimbatore,Tamil Nadu,21.2969,72.1715,Paracetamol,units,536.5,23,7,11,8
2026-09-10,PHC-052,Coimbatore PHC-1,Coimbatore,Tamil Nadu,21.2969,72.1715,Paracetamol,units,533.4,23,10,11,9
2026-09-11,PHC-052,Coimbatore PHC-1,Coimbatore,Tamil Nadu,21.2969,72.1715,Paracetamol,units,534.3,23,11,11,10
2026-09-12,PHC-052,Coimbatore PHC-1,Coimbatore,Tamil Nadu,21.2969,72.1715,Paracetamol,units,541.5,23,16,11,8
2026-09-13,PHC-052,Coimbatore PHC-1,Coimbatore,Tamil Nadu,21.2969,72.1715,Paracetamol,units,542.6,23,16,11,10
2026-09-14,PHC-052,Coimbatore PHC-1,Coimbatore,Tamil Nadu,21.2969,72.1715,Paracetamol,units,543.2,23,13,11,8
2026-09-15,PHC-052,Coimbatore PHC-1,Coimbatore,Tamil Nadu,21.2969,72.1715,Paracetamol,units,540.6,23,14,11,10
2026-09-16,PHC-052,Coimbatore PHC-1,Coimbatore,Tamil Nadu,21.2969,72.1715,Paracetamol,units,539.2,23,11,11,9
2026-09-17,PHC-052,Coimbatore PHC-1,Coimbatore,Tamil Nadu,21.2969,72.1715,Paracetamol,units,530.9,23,8,11,10
2026-09-18,PHC-052,Coimbatore PHC-1,Coimbatore,Tamil Nadu,21.2969,72.1715,Paracetamol,units,535.1,23,13,11,7
2026-09-19,PHC-052,Coimbatore PHC-1,Coimbatore,Tamil Nadu,21.2969,72.1715,Paracetamol,units,538.8,23,16,11,10
2026-09-20,PHC-052,Coimbatore PHC-1,Coimbatore,Tamil Nadu,21.2969,72.1715,Paracetamol,units,545.7,23,12,11,11
2026-09-21,PHC-052,Coimbatore PHC-1,Coimbatore,Tamil Nadu,21.2969,72.1715,Paracetamol,units,539.9,23,14,11,10
2026-09-22,PHC-052,Coimbatore PHC-1,Coimbatore,Tamil Nadu,21.2969,72.1715,Paracetamol,units,536.5,23,21,11,8
2026-09-23,PHC-052,Coimbatore PHC-1,Coimbatore,Tamil Nadu,21.2969,72.1715,Paracetamol,units,546.8,23,16,11,10
2026-09-24,PHC-052,Coimbatore PHC-1,Coimbatore,Tamil Nadu,21.2969,72.1715,Paracetamol,units,543.2,23,14,11,7
2026-09-25,PHC-052,Coimbatore PHC-1,Coimbatore,Tamil Nadu,21.2969,72.1715,Paracetamol,units,545.0,23,17,11,9
2026-09-26,PHC-052,Coimbatore PHC-1,Coimbatore,Tamil Nadu,21.2969,72.1715,Paracetamol,units,542.0,23,17,11,10
2026-08-28,PHC-052,Coimbatore PHC-1,Coimbatore,Tamil Nadu,21.2969,72.1715,ORS Sachets,packets,172.8,23,14,11,8
2026-08-29,PHC-052,Coimbatore PHC-1,Coimbatore,Tamil Nadu,21.2969,72.1715,ORS Sachets,packets,151.1,23,15,11,8
2026-08-30,PHC-052,Coimbatore PHC-1,Coimbatore,Tamil Nadu,21.2969,72.1715,ORS Sachets,packets,127.3,23,15,11,10
2026-08-31,PHC-052,Coimbatore PHC-1,Coimbatore,Tamil Nadu,21.2969,72.1715,ORS Sachets,packets,107.8,23,16,11,7
2026-09-01,PHC-052,Coimbatore PHC-1,Coimbatore,Tamil Nadu,21.2969,72.1715,ORS Sachets,packets,92.1,23,17,11,6
2026-09-02,PHC-052,Coimbatore PHC-1,Coimbatore,Tamil Nadu,21.2969,72.1715,ORS Sachets,packets,77.4,23,12,11,10
2026-09-03,PHC-052,Coimbatore PHC-1,Coimbatore,Tamil Nadu,21.2969,72.1715,ORS Sachets,packets,66.3,23,13,11,10
2026-09-04,PHC-052,Coimbatore PHC-1,Coimbatore,Tamil Nadu,21.2969,72.1715,ORS Sachets,packets,48.6,23,16,11,10
2026-09-05,PHC-052,Coimbatore PHC-1,Coimbatore,Tamil Nadu,21.2969,72.1715,ORS Sachets,packets,24.3,23,9,11,8
2026-09-06,PHC-052,Coimbatore PHC-1,Coimbatore,Tamil Nadu,21.2969,72.1715,ORS Sachets,packets,4.2,23,12,11,9
2026-09-07,PHC-052,Coimbatore PHC-1,Coimbatore,Tamil Nadu,21.2969,72.1715,ORS Sachets,packets,0.0,23,17,11,9
2026-09-08,PHC-052,Coimbatore PHC-1,Coimbatore,Tamil Nadu,21.2969,72.1715,ORS Sachets,packets,0.0,23,12,11,10
2026-09-09,PHC-052,Coimbatore PHC-1,Coimbatore,Tamil Nadu,21.2969,72.1715,ORS Sachets,packets,0.0,23,12,11,10
2026-09-10,PHC-052,Coimbatore PHC-1,Coimbatore,Tamil Nadu,21.2969,72.1715,ORS Sachets,packets,0.0,23,15,11,11
2026-09-11,PHC-052,Coimbatore PHC-1,Coimbatore,Tamil Nadu,21.2969,72.1715,ORS Sachets,packets,0.0,23,12,11,8
2026-09-12,PHC-052,Coimbatore PHC-1,Coimbatore,Tamil Nadu,21.2969,72.1715,ORS Sachets,packets,0.0,23,12,11,8
2026-09-13,PHC-052,Coimbatore PHC-1,Coimbatore,Tamil Nadu,21.2969,72.1715,ORS Sachets,packets,0.0,23,20,11,8
2026-09-14,PHC-052,Coimbatore PHC-1,Coimbatore,Tamil Nadu,21.2969,72.1715,ORS Sachets,packets,0.0,23,20,11,9
2026-09-15,PHC-052,Coimbatore PHC-1,Coimbatore,Tamil Nadu,21.2969,72.1715,ORS Sachets,packets,0.0,23,14,11,8
2026-09-16,PHC-052,Coimbatore PHC-1,Coimbatore,Tamil Nadu,21.2969,72.1715,ORS Sachets,packets,0.0,23,16,11,8
2026-09-17,PHC-052,Coimbatore PHC-1,Coimbatore,Tamil Nadu,21.2969,72.1715,ORS Sachets,packets,0.0,23,13,11,8
2026-09-18,PHC-052,Coimbatore PHC-1,Coimbatore,Tamil Nadu,21.2969,72.1715,ORS Sachets,packets,0.0,23,15,11,9
2026-09-19,PHC-052,Coimbatore PHC-1,Coimbatore,Tamil Nadu,21.2969,72.1715,ORS Sachets,packets,0.0,23,7,11,8
2026-09-20,PHC-052,Coimbatore PHC-1,Coimbatore,Tamil Nadu,21.2969,72.1715,ORS Sachets,packets,0.0,23,14,11,9
2026-09-21,PHC-052,Coimbatore PHC-1,Coimbatore,Tamil Nadu,21.2969,72.1715,ORS Sachets,packets,0.0,23,17,11,7
2026-09-22,PHC-052,Coimbatore PHC-1,Coimbatore,Tamil Nadu,21.2969,72.1715,ORS Sachets,packets,0.0,23,15,11,9
2026-09-23,PHC-052,Coimbatore PHC-1,Coimbatore,Tamil Nadu,21.2969,72.1715,ORS Sachets,packets,0.0,23,17,11,11
2026-09-24,PHC-052,Coimbatore PHC-1,Coimbatore,Tamil Nadu,21.2969,72.1715,ORS Sachets,packets,0.0,23,8,11,9
2026-09-25,PHC-052,Coimbatore PHC-1,Coimbatore,Tamil Nadu,21.2969,72.1715,ORS Sachets,packets,0.0,23,12,11,10
2026-09-26,PHC-052,Coimbatore PHC-1,Coimbatore,Tamil Nadu,21.2969,72.1715,ORS Sachets,packets,0.0,23,21,11,10
2026-08-28,PHC-052,Coimbatore PHC-1,Coimbatore,Tamil Nadu,21.2969,72.1715,Insulin,vials,90.4,23,16,11,9
2026-08-29,PHC-052,Coimbatore PHC-1,Coimbatore,Tamil Nadu,21.2969,72.1715,Insulin,vials,91.6,23,9,11,6
2026-08-30,PHC-052,Coimbatore PHC-1,Coimbatore,Tamil Nadu,21.2969,72.1715,Insulin,vials,92.1,23,12,11,8
2026-08-31,PHC-052,Coimbatore PHC-1,Coimbatore,Tamil Nadu,21.2969,72.1715,Insulin,vials,93.2,23,13,11,11
2026-09-01,PHC-052,Coimbatore PHC-1,Coimbatore,Tamil Nadu,21.2969,72.1715,Insulin,vials,94.5,23,10,11,7
2026-09-02,PHC-052,Coimbatore PHC-1,Coimbatore,Tamil Nadu,21.2969,72.1715,Insulin,vials,95.4,23,17,11,8
2026-09-03,PHC-052,Coimbatore PHC-1,Coimbatore,Tamil Nadu,21.2969,72.1715,Insulin,vials,96.8,23,19,11,7
2026-09-04,PHC-052,Coimbatore PHC-1,Coimbatore,Tamil Nadu,21.2969,72.1715,Insulin,vials,97.6,23,11,11,9
2026-09-05,PHC-052,Coimbatore PHC-1,Coimbatore,Tamil Nadu,21.2969,72.1715,Insulin,vials,98.7,23,15,11,8
2026-09-06,PHC-052,Coimbatore PHC-1,Coimbatore,Tamil Nadu,21.2969,72.1715,Insulin,vials,99.9,23,14,11,11
2026-09-07,PHC-052,Coimbatore PHC-1,Coimbatore,Tamil Nadu,21.2969,72.1715,Insulin,vials,101.3,23,7,11,10
2026-09-08,PHC-052,Coimbatore PHC-1,Coimbatore,Tamil Nadu,21.2969,72.1715,Insulin,vials,102.0,23,16,11,8
2026-09-09,PHC-052,Coimbatore PHC-1,Coimbatore,Tamil Nadu,21.2969,72.1715,Insulin,vials,103.3,23,15,11,8
2026-09-10,PHC-052,Coimbatore PHC-1,Coimbatore,Tamil Nadu,21.2969,72.1715,Insulin,vials,103.9,23,9,11,9
2026-09-11,PHC-052,Coimbatore PHC-1,Coimbatore,Tamil Nadu,21.2969,72.1715,Insulin,vials,104.8,23,9,11,7
2026-09-12,PHC-052,Coimbatore PHC-1,Coimbatore,Tamil Nadu,21.2969,72.1715,Insulin,vials,106.1,23,9,11,10
2026-09-13,PHC-052,Coimbatore PHC-1,Coimbatore,Tamil Nadu,21.2969,72.1715,Insulin,vials,107.5,23,12,11,11
2026-09-14,PHC-052,Coimbatore PHC-1,Coimbatore,Tamil Nadu,21.2969,72.1715,Insulin,vials,108.6,23,14,11,6
2026-09-15,PHC-052,Coimbatore PHC-1,Coimbatore,Tamil Nadu,21.2969,72.1715,Insulin,vials,109.1,23,10,11,9
2026-09-16,PHC-052,Coimbatore PHC-1,Coimbatore,Tamil Nadu,21.2969,72.1715,Insulin,vials,109.6,23,20,11,9
2026-09-17,PHC-052,Coimbatore PHC-1,Coimbatore,Tamil Nadu,21.2969,72.1715,Insulin,vials,110.5,23,18,11,10
2026-09-18,PHC-052,Coimbatore PHC-1,Coimbatore,Tamil Nadu,21.2969,72.1715,Insulin,vials,111.1,23,18,11,11
2026-09-19,PHC-052,Coimbatore PHC-1,Coimbatore,Tamil Nadu,21.2969,72.1715,Insulin,vials,111.8,23,9,11,10
2026-09-20,PHC-052,Coimbatore PHC-1,Coimbatore,Tamil Nadu,21.2969,72.1715,Insulin,vials,113.0,23,13,11,8
2026-09-21,PHC-052,Coimbatore PHC-1,Coimbatore,Tamil Nadu,21.2969,72.1715,Insulin,vials,113.6,23,15,11,9
2026-09-22,PHC-052,Coimbatore PHC-1,Coimbatore,Tamil Nadu,21.2969,72.1715,Insulin,vials,115.1,23,17,11,9
2026-09-23,PHC-052,Coimbatore PHC-1,Coimbatore,Tamil Nadu,21.2969,72.1715,Insulin,vials,116.2,23,6,11,9
2026-09-24,PHC-052,Coimbatore PHC-1,Coimbatore,Tamil Nadu,21.2969,72.1715,Insulin,vials,117.5,23,13,11,10
2026-09-25,PHC-052,Coimbatore PHC-1,Coimbatore,Tamil Nadu,21.2969,72.1715,Insulin,vials,118.7,23,13,11,9
2026-09-26,PHC-052,Coimbatore PHC-1,Coimbatore,Tamil Nadu,21.2969,72.1715,Insulin,vials,119.7,23,10,11,10
2026-08-28,PHC-052,Coimbatore PHC-1,Coimbatore,Tamil Nadu,21.2969,72.1715,Amoxicillin,strips,470.5,23,14,11,8
2026-08-29,PHC-052,Coimbatore PHC-1,Coimbatore,Tamil Nadu,21.2969,72.1715,Amoxicillin,strips,472.4,23,6,11,10
2026-08-30,PHC-052,Coimbatore PHC-1,Coimbatore,Tamil Nadu,21.2969,72.1715,Amoxicillin,strips,472.2,23,13,11,9
2026-08-31,PHC-052,Coimbatore PHC-1,Coimbatore,Tamil Nadu,21.2969,72.1715,Amoxicillin,strips,472.8,23,15,11,6
2026-09-01,PHC-052,Coimbatore PHC-1,Coimbatore,Tamil Nadu,21.2969,72.1715,Amoxicillin,strips,478.1,23,16,11,9
2026-09-02,PHC-052,Coimbatore PHC-1,Coimbatore,Tamil Nadu,21.2969,72.1715,Amoxicillin,strips,480.3,23,9,11,9
2026-09-03,PHC-052,Coimbatore PHC-1,Coimbatore,Tamil Nadu,21.2969,72.1715,Amoxicillin,strips,479.6,23,10,11,10
2026-09-04,PHC-052,Coimbatore PHC-1,Coimbatore,Tamil Nadu,21.2969,72.1715,Amoxicillin,strips,478.1,23,17,11,8
2026-09-05,PHC-052,Coimbatore PHC-1,Coimbatore,Tamil Nadu,21.2969,72.1715,Amoxicillin,strips,476.6,23,16,11,10
2026-09-06,PHC-052,Coimbatore PHC-1,Coimbatore,Tamil Nadu,21.2969,72.1715,Amoxicillin,strips,475.4,23,18,11,9
2026-09-07,PHC-052,Coimbatore PHC-1,Coimbatore,Tamil Nadu,21.2969,72.1715,Amoxicillin,strips,473.2,23,19,11,8
2026-09-08,PHC-052,Coimbatore PHC-1,Coimbatore,Tamil Nadu,21.2969,72.1715,Amoxicillin,strips,475.7,23,15,11,8
2026-09-09,PHC-052,Coimbatore PHC-1,Coimbatore,Tamil Nadu,21.2969,72.1715,Amoxicillin,strips,479.1,23,12,11,8
2026-09-10,PHC-052,Coimbatore PHC-1,Coimbatore,Tamil Nadu,21.2969,72.1715,Amoxicillin,strips,479.3,23,9,11,9
2026-09-11,PHC-052,Coimbatore PHC-1,Coimbatore,Tamil Nadu,21.2969,72.1715,Amoxicillin,strips,485.4,23,16,11,9
2026-09-12,PHC-052,Coimbatore PHC-1,Coimbatore,Tamil Nadu,21.2969,72.1715,Amoxicillin,strips,491.0,23,13,11,10
2026-09-13,PHC-052,Coimbatore PHC-1,Coimbatore,Tamil Nadu,21.2969,72.1715,Amoxicillin,strips,488.8,23,19,11,10
2026-09-14,PHC-052,Coimbatore PHC-1,Coimbatore,Tamil Nadu,21.2969,72.1715,Amoxicillin,strips,486.7,23,14,11,9
2026-09-15,PHC-052,Coimbatore PHC-1,Coimbatore,Tamil Nadu,21.2969,72.1715,Amoxicillin,strips,488.5,23,10,11,8
2026-09-16,PHC-052,Coimbatore PHC-1,Coimbatore,Tamil Nadu,21.2969,72.1715,Amoxicillin,strips,485.0,23,16,11,9
2026-09-17,PHC-052,Coimbatore PHC-1,Coimbatore,Tamil Nadu,21.2969,72.1715,Amoxicillin,strips,484.4,23,12,11,8
2026-09-18,PHC-052,Coimbatore PHC-1,Coimbatore,Tamil Nadu,21.2969,72.1715,Amoxicillin,strips,484.5,23,16,11,9
2026-09-19,PHC-052,Coimbatore PHC-1,Coimbatore,Tamil Nadu,21.2969,72.1715,Amoxicillin,strips,486.6,23,10,11,8
2026-09-20,PHC-052,Coimbatore PHC-1,Coimbatore,Tamil Nadu,21.2969,72.1715,Amoxicillin,strips,483.9,23,15,11,10
2026-09-21,PHC-052,Coimbatore PHC-1,Coimbatore,Tamil Nadu,21.2969,72.1715,Amoxicillin,strips,479.2,23,16,11,9
2026-09-22,PHC-052,Coimbatore PHC-1,Coimbatore,Tamil Nadu,21.2969,72.1715,Amoxicillin,strips,478.6,23,15,11,8
2026-09-23,PHC-052,Coimbatore PHC-1,Coimbatore,Tamil Nadu,21.2969,72.1715,Amoxicillin,strips,484.5,23,17,11,9
2026-09-24,PHC-052,Coimbatore PHC-1,Coimbatore,Tamil Nadu,21.2969,72.1715,Amoxicillin,strips,481.8,23,12,11,7
2026-09-25,PHC-052,Coimbatore PHC-1,Coimbatore,Tamil Nadu,21.2969,72.1715,Amoxicillin,strips,483.3,23,13,11,8
2026-09-26,PHC-052,Coimbatore PHC-1,Coimbatore,Tamil Nadu,21.2969,72.1715,Amoxicillin,strips,490.7,23,16,11,9
2026-08-28,PHC-052,Coimbatore PHC-1,Coimbatore,Tamil Nadu,21.2969,72.1715,Iron Folic Acid Tablets,strips,522.6,23,12,11,10
2026-08-29,PHC-052,Coimbatore PHC-1,Coimbatore,Tamil Nadu,21.2969,72.1715,Iron Folic Acid Tablets,strips,511.9,23,16,11,9
2026-08-30,PHC-052,Coimbatore PHC-1,Coimbatore,Tamil Nadu,21.2969,72.1715,Iron Folic Acid Tablets,strips,499.4,23,11,11,8
2026-08-31,PHC-052,Coimbatore PHC-1,Coimbatore,Tamil Nadu,21.2969,72.1715,Iron Folic Acid Tablets,strips,487.7,23,18,11,10
2026-09-01,PHC-052,Coimbatore PHC-1,Coimbatore,Tamil Nadu,21.2969,72.1715,Iron Folic Acid Tablets,strips,474.7,23,15,11,6
2026-09-02,PHC-052,Coimbatore PHC-1,Coimbatore,Tamil Nadu,21.2969,72.1715,Iron Folic Acid Tablets,strips,466.4,23,12,11,8
2026-09-03,PHC-052,Coimbatore PHC-1,Coimbatore,Tamil Nadu,21.2969,72.1715,Iron Folic Acid Tablets,strips,451.3,23,10,11,9
2026-09-04,PHC-052,Coimbatore PHC-1,Coimbatore,Tamil Nadu,21.2969,72.1715,Iron Folic Acid Tablets,strips,437.2,23,11,11,10
2026-09-05,PHC-052,Coimbatore PHC-1,Coimbatore,Tamil Nadu,21.2969,72.1715,Iron Folic Acid Tablets,strips,417.8,23,16,11,9
2026-09-06,PHC-052,Coimbatore PHC-1,Coimbatore,Tamil Nadu,21.2969,72.1715,Iron Folic Acid Tablets,strips,408.6,23,8,11,6
2026-09-07,PHC-052,Coimbatore PHC-1,Coimbatore,Tamil Nadu,21.2969,72.1715,Iron Folic Acid Tablets,strips,397.1,23,16,11,9
2026-09-08,PHC-052,Coimbatore PHC-1,Coimbatore,Tamil Nadu,21.2969,72.1715,Iron Folic Acid Tablets,strips,384.2,23,11,11,7
2026-09-09,PHC-052,Coimbatore PHC-1,Coimbatore,Tamil Nadu,21.2969,72.1715,Iron Folic Acid Tablets,strips,375.3,23,19,11,9
2026-09-10,PHC-052,Coimbatore PHC-1,Coimbatore,Tamil Nadu,21.2969,72.1715,Iron Folic Acid Tablets,strips,362.1,23,10,11,9
2026-09-11,PHC-052,Coimbatore PHC-1,Coimbatore,Tamil Nadu,21.2969,72.1715,Iron Folic Acid Tablets,strips,344.2,23,16,11,9
2026-09-12,PHC-052,Coimbatore PHC-1,Coimbatore,Tamil Nadu,21.2969,72.1715,Iron Folic Acid Tablets,strips,325.4,23,15,11,8
2026-09-13,PHC-052,Coimbatore PHC-1,Coimbatore,Tamil Nadu,21.2969,72.1715,Iron Folic Acid Tablets,strips,306.8,23,13,11,8
2026-09-14,PHC-052,Coimbatore PHC-1,Coimbatore,Tamil Nadu,21.2969,72.1715,Iron Folic Acid Tablets,strips,296.6,23,16,11,8
2026-09-15,PHC-052,Coimbatore PHC-1,Coimbatore,Tamil Nadu,21.2969,72.1715,Iron Folic Acid Tablets,strips,274.6,23,9,11,7
2026-09-16,PHC-052,Coimbatore PHC-1,Coimbatore,Tamil Nadu,21.2969,72.1715,Iron Folic Acid Tablets,strips,256.6,23,16,11,8
2026-09-17,PHC-052,Coimbatore PHC-1,Coimbatore,Tamil Nadu,21.2969,72.1715,Iron Folic Acid Tablets,strips,237.3,23,13,11,9
2026-09-18,PHC-052,Coimbatore PHC-1,Coimbatore,Tamil Nadu,21.2969,72.1715,Iron Folic Acid Tablets,strips,228.9,23,17,11,8
2026-09-19,PHC-052,Coimbatore PHC-1,Coimbatore,Tamil Nadu,21.2969,72.1715,Iron Folic Acid Tablets,strips,211.2,23,11,11,8
2026-09-20,PHC-052,Coimbatore PHC-1,Coimbatore,Tamil Nadu,21.2969,72.1715,Iron Folic Acid Tablets,strips,199.4,23,13,11,10
2026-09-21,PHC-052,Coimbatore PHC-1,Coimbatore,Tamil Nadu,21.2969,72.1715,Iron Folic Acid Tablets,strips,178.0,23,15,11,9
2026-09-22,PHC-052,Coimbatore PHC-1,Coimbatore,Tamil Nadu,21.2969,72.1715,Iron Folic Acid Tablets,strips,155.1,23,12,11,8
2026-09-23,PHC-052,Coimbatore PHC-1,Coimbatore,Tamil Nadu,21.2969,72.1715,Iron Folic Acid Tablets,strips,136.6,23,12,11,9
2026-09-24,PHC-052,Coimbatore PHC-1,Coimbatore,Tamil Nadu,21.2969,72.1715,Iron Folic Acid Tablets,strips,119.1,23,10,11,11
2026-09-25,PHC-052,Coimbatore PHC-1,Coimbatore,Tamil Nadu,21.2969,72.1715,Iron Folic Acid Tablets,strips,96.8,23,18,11,10
2026-09-26,PHC-052,Coimbatore PHC-1,Coimbatore,Tamil Nadu,21.2969,72.1715,Iron Folic Acid Tablets,strips,88.1,23,13,11,9
2026-08-28,PHC-053,Coimbatore PHC-2,Coimbatore,Tamil Nadu,14.7496,83.1885,Paracetamol,units,502.8,24,15,12,8
2026-08-29,PHC-053,Coimbatore PHC-2,Coimbatore,Tamil Nadu,14.7496,83.1885,Paracetamol,units,508.4,24,18,12,11
2026-08-30,PHC-053,Coimbatore PHC-2,Coimbatore,Tamil Nadu,14.7496,83.1885,Paracetamol,units,513.4,24,23,12,9
2026-08-31,PHC-053,Coimbatore PHC-2,Coimbatore,Tamil Nadu,14.7496,83.1885,Paracetamol,units,516.7,24,9,12,9
2026-09-01,PHC-053,Coimbatore PHC-2,Coimbatore,Tamil Nadu,14.7496,83.1885,Paracetamol,units,519.7,24,13,12,8
2026-09-02,PHC-053,Coimbatore PHC-2,Coimbatore,Tamil Nadu,14.7496,83.1885,Paracetamol,units,523.9,24,15,12,11
2026-09-03,PHC-053,Coimbatore PHC-2,Coimbatore,Tamil Nadu,14.7496,83.1885,Paracetamol,units,527.2,24,10,12,9
2026-09-04,PHC-053,Coimbatore PHC-2,Coimbatore,Tamil Nadu,14.7496,83.1885,Paracetamol,units,532.1,24,14,12,10
2026-09-05,PHC-053,Coimbatore PHC-2,Coimbatore,Tamil Nadu,14.7496,83.1885,Paracetamol,units,539.1,24,15,12,10
2026-09-06,PHC-053,Coimbatore PHC-2,Coimbatore,Tamil Nadu,14.7496,83.1885,Paracetamol,units,546.3,24,14,12,9
2026-09-07,PHC-053,Coimbatore PHC-2,Coimbatore,Tamil Nadu,14.7496,83.1885,Paracetamol,units,549.3,24,17,12,10
2026-09-08,PHC-053,Coimbatore PHC-2,Coimbatore,Tamil Nadu,14.7496,83.1885,Paracetamol,units,552.4,24,10,12,9
2026-09-09,PHC-053,Coimbatore PHC-2,Coimbatore,Tamil Nadu,14.7496,83.1885,Paracetamol,units,558.3,24,12,12,11
2026-09-10,PHC-053,Coimbatore PHC-2,Coimbatore,Tamil Nadu,14.7496,83.1885,Paracetamol,units,563.6,24,12,12,10
2026-09-11,PHC-053,Coimbatore PHC-2,Coimbatore,Tamil Nadu,14.7496,83.1885,Paracetamol,units,570.7,24,14,12,11
2026-09-12,PHC-053,Coimbatore PHC-2,Coimbatore,Tamil Nadu,14.7496,83.1885,Paracetamol,units,577.6,24,14,12,8
2026-09-13,PHC-053,Coimbatore PHC-2,Coimbatore,Tamil Nadu,14.7496,83.1885,Paracetamol,units,584.9,24,9,12,9
2026-09-14,PHC-053,Coimbatore PHC-2,Coimbatore,Tamil Nadu,14.7496,83.1885,Paracetamol,units,588.1,24,13,12,9
2026-09-15,PHC-053,Coimbatore PHC-2,Coimbatore,Tamil Nadu,14.7496,83.1885,Paracetamol,units,593.8,24,20,12,8
2026-09-16,PHC-053,Coimbatore PHC-2,Coimbatore,Tamil Nadu,14.7496,83.1885,Paracetamol,units,601.2,24,11,12,10
2026-09-17,PHC-053,Coimbatore PHC-2,Coimbatore,Tamil Nadu,14.7496,83.1885,Paracetamol,units,607.7,24,16,12,11
2026-09-18,PHC-053,Coimbatore PHC-2,Coimbatore,Tamil Nadu,14.7496,83.1885,Paracetamol,units,612.7,24,12,12,12
2026-09-19,PHC-053,Coimbatore PHC-2,Coimbatore,Tamil Nadu,14.7496,83.1885,Paracetamol,units,617.7,24,14,12,10
2026-09-20,PHC-053,Coimbatore PHC-2,Coimbatore,Tamil Nadu,14.7496,83.1885,Paracetamol,units,623.3,24,8,12,9
2026-09-21,PHC-053,Coimbatore PHC-2,Coimbatore,Tamil Nadu,14.7496,83.1885,Paracetamol,units,627.6,24,7,12,9
2026-09-22,PHC-053,Coimbatore PHC-2,Coimbatore,Tamil Nadu,14.7496,83.1885,Paracetamol,units,631.8,24,18,12,9
2026-09-23,PHC-053,Coimbatore PHC-2,Coimbatore,Tamil Nadu,14.7496,83.1885,Paracetamol,units,636.9,24,13,12,10
2026-09-24,PHC-053,Coimbatore PHC-2,Coimbatore,Tamil Nadu,14.7496,83.1885,Paracetamol,units,640.4,24,13,12,11
2026-09-25,PHC-053,Coimbatore PHC-2,Coimbatore,Tamil Nadu,14.7496,83.1885,Paracetamol,units,645.1,24,16,12,11
2026-09-26,PHC-053,Coimbatore PHC-2,Coimbatore,Tamil Nadu,14.7496,83.1885,Paracetamol,units,649.8,24,10,12,9
2026-08-28,PHC-053,Coimbatore PHC-2,Coimbatore,Tamil Nadu,14.7496,83.1885,ORS Sachets,packets,295.1,24,19,12,8
2026-08-29,PHC-053,Coimbatore PHC-2,Coimbatore,Tamil Nadu,14.7496,83.1885,ORS Sachets,packets,273.2,24,8,12,10
2026-08-30,PHC-053,Coimbatore PHC-2,Coimbatore,Tamil Nadu,14.7496,83.1885,ORS Sachets,packets,249.6,24,24,12,11
2026-08-31,PHC-053,Coimbatore PHC-2,Coimbatore,Tamil Nadu,14.7496,83.1885,ORS Sachets,packets,225.8,24,15,12,9
2026-09-01,PHC-053,Coimbatore PHC-2,Coimbatore,Tamil Nadu,14.7496,83.1885,ORS Sachets,packets,212.0,24,15,12,7
2026-09-02,PHC-053,Coimbatore PHC-2,Coimbatore,Tamil Nadu,14.7496,83.1885,ORS Sachets,packets,200.4,24,14,12,12
2026-09-03,PHC-053,Coimbatore PHC-2,Coimbatore,Tamil Nadu,14.7496,83.1885,ORS Sachets,packets,175.3,24,11,12,10
2026-09-04,PHC-053,Coimbatore PHC-2,Coimbatore,Tamil Nadu,14.7496,83.1885,ORS Sachets,packets,161.7,24,13,12,8
2026-09-05,PHC-053,Coimbatore PHC-2,Coimbatore,Tamil Nadu,14.7496,83.1885,ORS Sachets,packets,150.4,24,12,12,9
2026-09-06,PHC-053,Coimbatore PHC-2,Coimbatore,Tamil Nadu,14.7496,83.1885,ORS Sachets,packets,140.8,24,11,12,9
2026-09-07,PHC-053,Coimbatore PHC-2,Coimbatore,Tamil Nadu,14.7496,83.1885,ORS Sachets,packets,122.3,24,13,12,12
2026-09-08,PHC-053,Coimbatore PHC-2,Coimbatore,Tamil Nadu,14.7496,83.1885,ORS Sachets,packets,103.8,24,9,12,9
2026-09-09,PHC-053,Coimbatore PHC-2,Coimbatore,Tamil Nadu,14.7496,83.1885,ORS Sachets,packets,77.4,24,11,12,10
2026-09-10,PHC-053,Coimbatore PHC-2,Coimbatore,Tamil Nadu,14.7496,83.1885,ORS Sachets,packets,53.0,24,13,12,11
2026-09-11,PHC-053,Coimbatore PHC-2,Coimbatore,Tamil Nadu,14.7496,83.1885,ORS Sachets,packets,36.3,24,16,12,8
2026-09-12,PHC-053,Coimbatore PHC-2,Coimbatore,Tamil Nadu,14.7496,83.1885,ORS Sachets,packets,21.4,24,11,12,10
2026-09-13,PHC-053,Coimbatore PHC-2,Coimbatore,Tamil Nadu,14.7496,83.1885,ORS Sachets,packets,2.3,24,21,12,8
2026-09-14,PHC-053,Coimbatore PHC-2,Coimbatore,Tamil Nadu,14.7496,83.1885,ORS Sachets,packets,0.0,24,17,12,10
2026-09-15,PHC-053,Coimbatore PHC-2,Coimbatore,Tamil Nadu,14.7496,83.1885,ORS Sachets,packets,0.0,24,21,12,12
2026-09-16,PHC-053,Coimbatore PHC-2,Coimbatore,Tamil Nadu,14.7496,83.1885,ORS Sachets,packets,0.0,24,14,12,9
2026-09-17,PHC-053,Coimbatore PHC-2,Coimbatore,Tamil Nadu,14.7496,83.1885,ORS Sachets,packets,0.0,24,16,12,10
2026-09-18,PHC-053,Coimbatore PHC-2,Coimbatore,Tamil Nadu,14.7496,83.1885,ORS Sachets,packets,0.0,24,16,12,10
2026-09-19,PHC-053,Coimbatore PHC-2,Coimbatore,Tamil Nadu,14.7496,83.1885,ORS Sachets,packets,0.0,24,12,12,10
2026-09-20,PHC-053,Coimbatore PHC-2,Coimbatore,Tamil Nadu,14.7496,83.1885,ORS Sachets,packets,0.0,24,15,12,11
2026-09-21,PHC-053,Coimbatore PHC-2,Coimbatore,Tamil Nadu,14.7496,83.1885,ORS Sachets,packets,0.0,24,12,12,10
2026-09-22,PHC-053,Coimbatore PHC-2,Coimbatore,Tamil Nadu,14.7496,83.1885,ORS Sachets,packets,0.0,24,15,12,10
2026-09-23,PHC-053,Coimbatore PHC-2,Coimbatore,Tamil Nadu,14.7496,83.1885,ORS Sachets,packets,0.0,24,15,12,10
2026-09-24,PHC-053,Coimbatore PHC-2,Coimbatore,Tamil Nadu,14.7496,83.1885,ORS Sachets,packets,0.0,24,10,12,10
2026-09-25,PHC-053,Coimbatore PHC-2,Coimbatore,Tamil Nadu,14.7496,83.1885,ORS Sachets,packets,0.0,24,18,12,9
2026-09-26,PHC-053,Coimbatore PHC-2,Coimbatore,Tamil Nadu,14.7496,83.1885,ORS Sachets,packets,0.0,24,12,12,9
2026-08-28,PHC-053,Coimbatore PHC-2,Coimbatore,Tamil Nadu,14.7496,83.1885,Insulin,vials,139.0,24,11,12,10
2026-08-29,PHC-053,Coimbatore PHC-2,Coimbatore,Tamil Nadu,14.7496,83.1885,Insulin,vials,139.5,24,13,12,8
2026-08-30,PHC-053,Coimbatore PHC-2,Coimbatore,Tamil Nadu,14.7496,83.1885,Insulin,vials,140.7,24,22,12,10
2026-08-31,PHC-053,Coimbatore PHC-2,Coimbatore,Tamil Nadu,14.7496,83.1885,Insulin,vials,141.5,24,14,12,10
2026-09-01,PHC-053,Coimbatore PHC-2,Coimbatore,Tamil Nadu,14.7496,83.1885,Insulin,vials,142.6,24,14,12,11
2026-09-02,PHC-053,Coimbatore PHC-2,Coimbatore,Tamil Nadu,14.7496,83.1885,Insulin,vials,143.7,24,2,12,10
2026-09-03,PHC-053,Coimbatore PHC-2,Coimbatore,Tamil Nadu,14.7496,83.1885,Insulin,vials,145.1,24,11,12,9
2026-09-04,PHC-053,Coimbatore PHC-2,Coimbatore,Tamil Nadu,14.7496,83.1885,Insulin,vials,145.9,24,12,12,11
2026-09-05,PHC-053,Coimbatore PHC-2,Coimbatore,Tamil Nadu,14.7496,83.1885,Insulin,vials,146.7,24,13,12,9
2026-09-06,PHC-053,Coimbatore PHC-2,Coimbatore,Tamil Nadu,14.7496,83.1885,Insulin,vials,147.4,24,13,12,8
2026-09-07,PHC-053,Coimbatore PHC-2,Coimbatore,Tamil Nadu,14.7496,83.1885,Insulin,vials,148.9,24,16,12,9
2026-09-08,PHC-053,Coimbatore PHC-2,Coimbatore,Tamil Nadu,14.7496,83.1885,Insulin,vials,149.5,24,13,12,9
2026-09-09,PHC-053,Coimbatore PHC-2,Coimbatore,Tamil Nadu,14.7496,83.1885,Insulin,vials,150.4,24,6,12,9
2026-09-10,PHC-053,Coimbatore PHC-2,Coimbatore,Tamil Nadu,14.7496,83.1885,Insulin,vials,151.1,24,13,12,9
2026-09-11,PHC-053,Coimbatore PHC-2,Coimbatore,Tamil Nadu,14.7496,83.1885,Insulin,vials,151.8,24,19,12,9
2026-09-12,PHC-053,Coimbatore PHC-2,Coimbatore,Tamil Nadu,14.7496,83.1885,Insulin,vials,152.6,24,8,12,9
2026-09-13,PHC-053,Coimbatore PHC-2,Coimbatore,Tamil Nadu,14.7496,83.1885,Insulin,vials,153.9,24,17,12,10
2026-09-14,PHC-053,Coimbatore PHC-2,Coimbatore,Tamil Nadu,14.7496,83.1885,Insulin,vials,154.6,24,19,12,9
2026-09-15,PHC-053,Coimbatore PHC-2,Coimbatore,Tamil Nadu,14.7496,83.1885,Insulin,vials,155.3,24,19,12,10
2026-09-16,PHC-053,Coimbatore PHC-2,Coimbatore,Tamil Nadu,14.7496,83.1885,Insulin,vials,156.3,24,18,12,11
2026-09-17,PHC-053,Coimbatore PHC-2,Coimbatore,Tamil Nadu,14.7496,83.1885,Insulin,vials,157.1,24,19,12,10
2026-09-18,PHC-053,Coimbatore PHC-2,Coimbatore,Tamil Nadu,14.7496,83.1885,Insulin,vials,158.2,24,13,12,11
2026-09-19,PHC-053,Coimbatore PHC-2,Coimbatore,Tamil Nadu,14.7496,83.1885,Insulin,vials,159.4,24,8,12,10
2026-09-20,PHC-053,Coimbatore PHC-2,Coimbatore,Tamil Nadu,14.7496,83.1885,Insulin,vials,160.8,24,10,12,11
2026-09-21,PHC-053,Coimbatore PHC-2,Coimbatore,Tamil Nadu,14.7496,83.1885,Insulin,vials,161.7,24,13,12,6
2026-09-22,PHC-053,Coimbatore PHC-2,Coimbatore,Tamil Nadu,14.7496,83.1885,Insulin,vials,162.4,24,16,12,10
2026-09-23,PHC-053,Coimbatore PHC-2,Coimbatore,Tamil Nadu,14.7496,83.1885,Insulin,vials,163.6,24,13,12,9
2026-09-24,PHC-053,Coimbatore PHC-2,Coimbatore,Tamil Nadu,14.7496,83.1885,Insulin,vials,165.1,24,11,12,10
2026-09-25,PHC-053,Coimbatore PHC-2,Coimbatore,Tamil Nadu,14.7496,83.1885,Insulin,vials,166.2,24,17,12,8
2026-09-26,PHC-053,Coimbatore PHC-2,Coimbatore,Tamil Nadu,14.7496,83.1885,Insulin,vials,167.6,24,13,12,8
2026-08-28,PHC-053,Coimbatore PHC-2,Coimbatore,Tamil Nadu,14.7496,83.1885,Amoxicillin,strips,387.0,24,11,12,12
2026-08-29,PHC-053,Coimbatore PHC-2,Coimbatore,Tamil Nadu,14.7496,83.1885,Amoxicillin,strips,389.2,24,10,12,12
2026-08-30,PHC-053,Coimbatore PHC-2,Coimbatore,Tamil Nadu,14.7496,83.1885,Amoxicillin,strips,395.0,24,14,12,10
2026-08-31,PHC-053,Coimbatore PHC-2,Coimbatore,Tamil Nadu,14.7496,83.1885,Amoxicillin,strips,400.3,24,16,12,9
2026-09-01,PHC-053,Coimbatore PHC-2,Coimbatore,Tamil Nadu,14.7496,83.1885,Amoxicillin,strips,403.4,24,14,12,10
2026-09-02,PHC-053,Coimbatore PHC-2,Coimbatore,Tamil Nadu,14.7496,83.1885,Amoxicillin,strips,405.7,24,14,12,9
2026-09-03,PHC-053,Coimbatore PHC-2,Coimbatore,Tamil Nadu,14.7496,83.1885,Amoxicillin,strips,408.8,24,10,12,10
2026-09-04,PHC-053,Coimbatore PHC-2,Coimbatore,Tamil Nadu,14.7496,83.1885,Amoxicillin,strips,412.0,24,13,12,10
2026-09-05,PHC-053,Coimbatore PHC-2,Coimbatore,Tamil Nadu,14.7496,83.1885,Amoxicillin,strips,416.5,24,14,12,9
2026-09-06,PHC-053,Coimbatore PHC-2,Coimbatore,Tamil Nadu,14.7496,83.1885,Amoxicillin,strips,422.1,24,13,12,10
2026-09-07,PHC-053,Coimbatore PHC-2,Coimbatore,Tamil Nadu,14.7496,83.1885,Amoxicillin,strips,425.0,24,16,12,9
2026-09-08,PHC-053,Coimbatore PHC-2,Coimbatore,Tamil Nadu,14.7496,83.1885,Amoxicillin,strips,430.6,24,20,12,9
2026-09-09,PHC-053,Coimbatore PHC-2,Coimbatore,Tamil Nadu,14.7496,83.1885,Amoxicillin,strips,434.1,24,16,12,10
2026-09-10,PHC-053,Coimbatore PHC-2,Coimbatore,Tamil Nadu,14.7496,83.1885,Amoxicillin,strips,438.2,24,11,12,10
2026-09-11,PHC-053,Coimbatore PHC-2,Coimbatore,Tamil Nadu,14.7496,83.1885,Amoxicillin,strips,442.0,24,19,12,8
2026-09-12,PHC-053,Coimbatore PHC-2,Coimbatore,Tamil Nadu,14.7496,83.1885,Amoxicillin,strips,445.0,24,13,12,11
2026-09-13,PHC-053,Coimbatore PHC-2,Coimbatore,Tamil Nadu,14.7496,83.1885,Amoxicillin,strips,448.3,24,8,12,8
2026-09-14,PHC-053,Coimbatore PHC-2,Coimbatore,Tamil Nadu,14.7496,83.1885,Amoxicillin,strips,452.1,24,16,12,10
2026-09-15,PHC-053,Coimbatore PHC-2,Coimbatore,Tamil Nadu,14.7496,83.1885,Amoxicillin,strips,454.6,24,18,12,10
2026-09-16,PHC-053,Coimbatore PHC-2,Coimbatore,Tamil Nadu,14.7496,83.1885,Amoxicillin,strips,456.8,24,24,12,10
2026-09-17,PHC-053,Coimbatore PHC-2,Coimbatore,Tamil Nadu,14.7496,83.1885,Amoxicillin,strips,460.0,24,16,12,11
2026-09-18,PHC-053,Coimbatore PHC-2,Coimbatore,Tamil Nadu,14.7496,83.1885,Amoxicillin,strips,462.6,24,14,12,11
2026-09-19,PHC-053,Coimbatore PHC-2,Coimbatore,Tamil Nadu,14.7496,83.1885,Amoxicillin,strips,467.4,24,13,12,9
2026-09-20,PHC-053,Coimbatore PHC-2,Coimbatore,Tamil Nadu,14.7496,83.1885,Amoxicillin,strips,470.1,24,12,12,11
2026-09-21,PHC-053,Coimbatore PHC-2,Coimbatore,Tamil Nadu,14.7496,83.1885,Amoxicillin,strips,473.7,24,24,12,11
2026-09-22,PHC-053,Coimbatore PHC-2,Coimbatore,Tamil Nadu,14.7496,83.1885,Amoxicillin,strips,477.1,24,12,12,7
2026-09-23,PHC-053,Coimbatore PHC-2,Coimbatore,Tamil Nadu,14.7496,83.1885,Amoxicillin,strips,480.4,24,14,12,8
2026-09-24,PHC-053,Coimbatore PHC-2,Coimbatore,Tamil Nadu,14.7496,83.1885,Amoxicillin,strips,485.8,24,18,12,9
2026-09-25,PHC-053,Coimbatore PHC-2,Coimbatore,Tamil Nadu,14.7496,83.1885,Amoxicillin,strips,489.0,24,19,12,12
2026-09-26,PHC-053,Coimbatore PHC-2,Coimbatore,Tamil Nadu,14.7496,83.1885,Amoxicillin,strips,492.8,24,10,12,9
2026-08-28,PHC-053,Coimbatore PHC-2,Coimbatore,Tamil Nadu,14.7496,83.1885,Iron Folic Acid Tablets,strips,567.3,24,21,12,8
2026-08-29,PHC-053,Coimbatore PHC-2,Coimbatore,Tamil Nadu,14.7496,83.1885,Iron Folic Acid Tablets,strips,573.8,24,9,12,9
2026-08-30,PHC-053,Coimbatore PHC-2,Coimbatore,Tamil Nadu,14.7496,83.1885,Iron Folic Acid Tablets,strips,580.7,24,11,12,10
2026-08-31,PHC-053,Coimbatore PHC-2,Coimbatore,Tamil Nadu,14.7496,83.1885,Iron Folic Acid Tablets,strips,585.3,24,15,12,9
2026-09-01,PHC-053,Coimbatore PHC-2,Coimbatore,Tamil Nadu,14.7496,83.1885,Iron Folic Acid Tablets,strips,593.1,24,13,12,9
2026-09-02,PHC-053,Coimbatore PHC-2,Coimbatore,Tamil Nadu,14.7496,83.1885,Iron Folic Acid Tablets,strips,601.6,24,7,12,10
2026-09-03,PHC-053,Coimbatore PHC-2,Coimbatore,Tamil Nadu,14.7496,83.1885,Iron Folic Acid Tablets,strips,608.8,24,13,12,8
2026-09-04,PHC-053,Coimbatore PHC-2,Coimbatore,Tamil Nadu,14.7496,83.1885,Iron Folic Acid Tablets,strips,615.2,24,15,12,10
2026-09-05,PHC-053,Coimbatore PHC-2,Coimbatore,Tamil Nadu,14.7496,83.1885,Iron Folic Acid Tablets,strips,622.3,24,15,12,11
2026-09-06,PHC-053,Coimbatore PHC-2,Coimbatore,Tamil Nadu,14.7496,83.1885,Iron Folic Acid Tablets,strips,628.1,24,14,12,7
2026-09-07,PHC-053,Coimbatore PHC-2,Coimbatore,Tamil Nadu,14.7496,83.1885,Iron Folic Acid Tablets,strips,632.2,24,15,12,11
2026-09-08,PHC-053,Coimbatore PHC-2,Coimbatore,Tamil Nadu,14.7496,83.1885,Iron Folic Acid Tablets,strips,636.1,24,24,12,10
2026-09-09,PHC-053,Coimbatore PHC-2,Coimbatore,Tamil Nadu,14.7496,83.1885,Iron Folic Acid Tablets,strips,643.6,24,19,12,8
2026-09-10,PHC-053,Coimbatore PHC-2,Coimbatore,Tamil Nadu,14.7496,83.1885,Iron Folic Acid Tablets,strips,649.9,24,11,12,8
2026-09-11,PHC-053,Coimbatore PHC-2,Coimbatore,Tamil Nadu,14.7496,83.1885,Iron Folic Acid Tablets,strips,653.6,24,13,12,12
2026-09-12,PHC-053,Coimbatore PHC-2,Coimbatore,Tamil Nadu,14.7496,83.1885,Iron Folic Acid Tablets,strips,657.2,24,8,12,9
2026-09-13,PHC-053,Coimbatore PHC-2,Coimbatore,Tamil Nadu,14.7496,83.1885,Iron Folic Acid Tablets,strips,664.5,24,17,12,10
2026-09-14,PHC-053,Coimbatore PHC-2,Coimbatore,Tamil Nadu,14.7496,83.1885,Iron Folic Acid Tablets,strips,673.0,24,12,12,12
2026-09-15,PHC-053,Coimbatore PHC-2,Coimbatore,Tamil Nadu,14.7496,83.1885,Iron Folic Acid Tablets,strips,676.1,24,15,12,11
2026-09-16,PHC-053,Coimbatore PHC-2,Coimbatore,Tamil Nadu,14.7496,83.1885,Iron Folic Acid Tablets,strips,682.7,24,11,12,9
2026-09-17,PHC-053,Coimbatore PHC-2,Coimbatore,Tamil Nadu,14.7496,83.1885,Iron Folic Acid Tablets,strips,686.7,24,9,12,10
2026-09-18,PHC-053,Coimbatore PHC-2,Coimbatore,Tamil Nadu,14.7496,83.1885,Iron Folic Acid Tablets,strips,691.3,24,8,12,9
2026-09-19,PHC-053,Coimbatore PHC-2,Coimbatore,Tamil Nadu,14.7496,83.1885,Iron Folic Acid Tablets,strips,699.8,24,9,12,11
2026-09-20,PHC-053,Coimbatore PHC-2,Coimbatore,Tamil Nadu,14.7496,83.1885,Iron Folic Acid Tablets,strips,703.8,24,15,12,10
2026-09-21,PHC-053,Coimbatore PHC-2,Coimbatore,Tamil Nadu,14.7496,83.1885,Iron Folic Acid Tablets,strips,708.8,24,12,12,10
2026-09-22,PHC-053,Coimbatore PHC-2,Coimbatore,Tamil Nadu,14.7496,83.1885,Iron Folic Acid Tablets,strips,716.5,24,15,12,9
2026-09-23,PHC-053,Coimbatore PHC-2,Coimbatore,Tamil Nadu,14.7496,83.1885,Iron Folic Acid Tablets,strips,721.1,24,16,12,8
2026-09-24,PHC-053,Coimbatore PHC-2,Coimbatore,Tamil Nadu,14.7496,83.1885,Iron Folic Acid Tablets,strips,725.0,24,8,12,7
2026-09-25,PHC-053,Coimbatore PHC-2,Coimbatore,Tamil Nadu,14.7496,83.1885,Iron Folic Acid Tablets,strips,733.7,24,24,12,11
2026-09-26,PHC-053,Coimbatore PHC-2,Coimbatore,Tamil Nadu,14.7496,83.1885,Iron Folic Acid Tablets,strips,741.0,24,16,12,10
2026-08-28,PHC-054,Coimbatore PHC-3,Coimbatore,Tamil Nadu,26.4475,72.1548,Paracetamol,units,373.2,22,15,14,13
2026-08-29,PHC-054,Coimbatore PHC-3,Coimbatore,Tamil Nadu,26.4475,72.1548,Paracetamol,units,383.0,22,12,14,14
2026-08-30,PHC-054,Coimbatore PHC-3,Coimbatore,Tamil Nadu,26.4475,72.1548,Paracetamol,units,381.9,22,9,14,10
2026-08-31,PHC-054,Coimbatore PHC-3,Coimbatore,Tamil Nadu,26.4475,72.1548,Paracetamol,units,381.4,22,8,14,13
2026-09-01,PHC-054,Coimbatore PHC-3,Coimbatore,Tamil Nadu,26.4475,72.1548,Paracetamol,units,381.6,22,9,14,10
2026-09-02,PHC-054,Coimbatore PHC-3,Coimbatore,Tamil Nadu,26.4475,72.1548,Paracetamol,units,387.6,22,8,14,10
2026-09-03,PHC-054,Coimbatore PHC-3,Coimbatore,Tamil Nadu,26.4475,72.1548,Paracetamol,units,389.7,22,13,14,12
2026-09-04,PHC-054,Coimbatore PHC-3,Coimbatore,Tamil Nadu,26.4475,72.1548,Paracetamol,units,390.2,22,8,14,12
2026-09-05,PHC-054,Coimbatore PHC-3,Coimbatore,Tamil Nadu,26.4475,72.1548,Paracetamol,units,398.7,22,9,14,11
2026-09-06,PHC-054,Coimbatore PHC-3,Coimbatore,Tamil Nadu,26.4475,72.1548,Paracetamol,units,396.2,22,5,14,12
2026-09-07,PHC-054,Coimbatore PHC-3,Coimbatore,Tamil Nadu,26.4475,72.1548,Paracetamol,units,395.8,22,15,14,12
2026-09-08,PHC-054,Coimbatore PHC-3,Coimbatore,Tamil Nadu,26.4475,72.1548,Paracetamol,units,396.8,22,17,14,10
2026-09-09,PHC-054,Coimbatore PHC-3,Coimbatore,Tamil Nadu,26.4475,72.1548,Paracetamol,units,388.8,22,10,14,13
2026-09-10,PHC-054,Coimbatore PHC-3,Coimbatore,Tamil Nadu,26.4475,72.1548,Paracetamol,units,387.7,22,20,14,13
2026-09-11,PHC-054,Coimbatore PHC-3,Coimbatore,Tamil Nadu,26.4475,72.1548,Paracetamol,units,383.7,22,12,14,13
2026-09-12,PHC-054,Coimbatore PHC-3,Coimbatore,Tamil Nadu,26.4475,72.1548,Paracetamol,units,376.6,22,15,14,9
2026-09-13,PHC-054,Coimbatore PHC-3,Coimbatore,Tamil Nadu,26.4475,72.1548,Paracetamol,units,376.3,22,13,14,10
2026-09-14,PHC-054,Coimbatore PHC-3,Coimbatore,Tamil Nadu,26.4475,72.1548,Paracetamol,units,378.2,22,11,14,13
2026-09-15,PHC-054,Coimbatore PHC-3,Coimbatore,Tamil Nadu,26.4475,72.1548,Paracetamol,units,371.2,22,18,14,11
2026-09-16,PHC-054,Coimbatore PHC-3,Coimbatore,Tamil Nadu,26.4475,72.1548,Paracetamol,units,368.4,22,15,14,11
2026-09-17,PHC-054,Coimbatore PHC-3,Coimbatore,Tamil Nadu,26.4475,72.1548,Paracetamol,units,367.3,22,11,14,13
2026-09-18,PHC-054,Coimbatore PHC-3,Coimbatore,Tamil Nadu,26.4475,72.1548,Paracetamol,units,367.1,22,13,14,11
2026-09-19,PHC-054,Coimbatore PHC-3,Coimbatore,Tamil Nadu,26.4475,72.1548,Paracetamol,units,360.6,22,15,14,10
2026-09-20,PHC-054,Coimbatore PHC-3,Coimbatore,Tamil Nadu,26.4475,72.1548,Paracetamol,units,354.0,22,12,14,11
2026-09-21,PHC-054,Coimbatore PHC-3,Coimbatore,Tamil Nadu,26.4475,72.1548,Paracetamol,units,354.9,22,14,14,10
2026-09-22,PHC-054,Coimbatore PHC-3,Coimbatore,Tamil Nadu,26.4475,72.1548,Paracetamol,units,364.9,22,16,14,10
2026-09-23,PHC-054,Coimbatore PHC-3,Coimbatore,Tamil Nadu,26.4475,72.1548,Paracetamol,units,365.5,22,11,14,14
2026-09-24,PHC-054,Coimbatore PHC-3,Coimbatore,Tamil Nadu,26.4475,72.1548,Paracetamol,units,365.3,22,11,14,12
2026-09-25,PHC-054,Coimbatore PHC-3,Coimbatore,Tamil Nadu,26.4475,72.1548,Paracetamol,units,365.9,22,12,14,10
2026-09-26,PHC-054,Coimbatore PHC-3,Coimbatore,Tamil Nadu,26.4475,72.1548,Paracetamol,units,365.1,22,12,14,9
2026-08-28,PHC-054,Coimbatore PHC-3,Coimbatore,Tamil Nadu,26.4475,72.1548,ORS Sachets,packets,356.6,22,11,14,14
2026-08-29,PHC-054,Coimbatore PHC-3,Coimbatore,Tamil Nadu,26.4475,72.1548,ORS Sachets,packets,354.7,22,17,14,13
2026-08-30,PHC-054,Coimbatore PHC-3,Coimbatore,Tamil Nadu,26.4475,72.1548,ORS Sachets,packets,352.6,22,6,14,12
2026-08-31,PHC-054,Coimbatore PHC-3,Coimbatore,Tamil Nadu,26.4475,72.1548,ORS Sachets,packets,354.3,22,11,14,10
2026-09-01,PHC-054,Coimbatore PHC-3,Coimbatore,Tamil Nadu,26.4475,72.1548,ORS Sachets,packets,350.3,22,11,14,11
2026-09-02,PHC-054,Coimbatore PHC-3,Coimbatore,Tamil Nadu,26.4475,72.1548,ORS Sachets,packets,350.5,22,9,14,13
2026-09-03,PHC-054,Coimbatore PHC-3,Coimbatore,Tamil Nadu,26.4475,72.1548,ORS Sachets,packets,354.1,22,13,14,11
2026-09-04,PHC-054,Coimbatore PHC-3,Coimbatore,Tamil Nadu,26.4475,72.1548,ORS Sachets,packets,356.7,22,13,14,12
2026-09-05,PHC-054,Coimbatore PHC-3,Coimbatore,Tamil Nadu,26.4475,72.1548,ORS Sachets,packets,354.0,22,15,14,12
2026-09-06,PHC-054,Coimbatore PHC-3,Coimbatore,Tamil Nadu,26.4475,72.1548,ORS Sachets,packets,353.2,22,11,14,11
2026-09-07,PHC-054,Coimbatore PHC-3,Coimbatore,Tamil Nadu,26.4475,72.1548,ORS Sachets,packets,350.8,22,12,14,10
2026-09-08,PHC-054,Coimbatore PHC-3,Coimbatore,Tamil Nadu,26.4475,72.1548,ORS Sachets,packets,351.0,22,13,14,11
2026-09-09,PHC-054,Coimbatore PHC-3,Coimbatore,Tamil Nadu,26.4475,72.1548,ORS Sachets,packets,349.9,22,15,14,11
2026-09-10,PHC-054,Coimbatore PHC-3,Coimbatore,Tamil Nadu,26.4475,72.1548,ORS Sachets,packets,344.5,22,15,14,11
2026-09-11,PHC-054,Coimbatore PHC-3,Coimbatore,Tamil Nadu,26.4475,72.1548,ORS Sachets,packets,340.3,22,9,14,11
2026-09-12,PHC-054,Coimbatore PHC-3,Coimbatore,Tamil Nadu,26.4475,72.1548,ORS Sachets,packets,338.9,22,5,14,12
2026-09-13,PHC-054,Coimbatore PHC-3,Coimbatore,Tamil Nadu,26.4475,72.1548,ORS Sachets,packets,341.2,22,11,14,11
2026-09-14,PHC-054,Coimbatore PHC-3,Coimbatore,Tamil Nadu,26.4475,72.1548,ORS Sachets,packets,343.9,22,9,14,10
2026-09-15,PHC-054,Coimbatore PHC-3,Coimbatore,Tamil Nadu,26.4475,72.1548,ORS Sachets,packets,354.5,22,10,14,13
2026-09-16,PHC-054,Coimbatore PHC-3,Coimbatore,Tamil Nadu,26.4475,72.1548,ORS Sachets,packets,350.7,22,13,14,11
2026-09-17,PHC-054,Coimbatore PHC-3,Coimbatore,Tamil Nadu,26.4475,72.1548,ORS Sachets,packets,353.6,22,11,14,10
2026-09-18,PHC-054,Coimbatore PHC-3,Coimbatore,Tamil Nadu,26.4475,72.1548,ORS Sachets,packets,349.5,22,12,14,11
2026-09-19,PHC-054,Coimbatore PHC-3,Coimbatore,Tamil Nadu,26.4475,72.1548,ORS Sachets,packets,344.4,22,13,14,11
2026-09-20,PHC-054,Coimbatore PHC-3,Coimbatore,Tamil Nadu,26.4475,72.1548,ORS Sachets,packets,343.0,22,14,14,11
2026-09-21,PHC-054,Coimbatore PHC-3,Coimbatore,Tamil Nadu,26.4475,72.1548,ORS Sachets,packets,337.9,22,13,14,12
2026-09-22,PHC-054,Coimbatore PHC-3,Coimbatore,Tamil Nadu,26.4475,72.1548,ORS Sachets,packets,341.6,22,13,14,11
2026-09-23,PHC-054,Coimbatore PHC-3,Coimbatore,Tamil Nadu,26.4475,72.1548,ORS Sachets,packets,346.6,22,14,14,9
2026-09-24,PHC-054,Coimbatore PHC-3,Coimbatore,Tamil Nadu,26.4475,72.1548,ORS Sachets,packets,344.2,22,6,14,13
2026-09-25,PHC-054,Coimbatore PHC-3,Coimbatore,Tamil Nadu,26.4475,72.1548,ORS Sachets,packets,340.3,22,10,14,12
2026-09-26,PHC-054,Coimbatore PHC-3,Coimbatore,Tamil Nadu,26.4475,72.1548,ORS Sachets,packets,339.9,22,10,14,11
2026-08-28,PHC-054,Coimbatore PHC-3,Coimbatore,Tamil Nadu,26.4475,72.1548,Insulin,vials,66.2,22,13,14,12
2026-08-29,PHC-054,Coimbatore PHC-3,Coimbatore,Tamil Nadu,26.4475,72.1548,Insulin,vials,68.0,22,8,14,12
2026-08-30,PHC-054,Coimbatore PHC-3,Coimbatore,Tamil Nadu,26.4475,72.1548,Insulin,vials,67.4,22,20,14,14
2026-08-31,PHC-054,Coimbatore PHC-3,Coimbatore,Tamil Nadu,26.4475,72.1548,Insulin,vials,67.6,22,11,14,11
2026-09-01,PHC-054,Coimbatore PHC-3,Coimbatore,Tamil Nadu,26.4475,72.1548,Insulin,vials,66.7,22,19,14,11
2026-09-02,PHC-054,Coimbatore PHC-3,Coimbatore,Tamil Nadu,26.4475,72.1548,Insulin,vials,65.9,22,13,14,10
2026-09-03,PHC-054,Coimbatore PHC-3,Coimbatore,Tamil Nadu,26.4475,72.1548,Insulin,vials,65.2,22,17,14,9
2026-09-04,PHC-054,Coimbatore PHC-3,Coimbatore,Tamil Nadu,26.4475,72.1548,Insulin,vials,62.9,22,10,14,11
2026-09-05,PHC-054,Coimbatore PHC-3,Coimbatore,Tamil Nadu,26.4475,72.1548,Insulin,vials,62.8,22,11,14,12
2026-09-06,PHC-054,Coimbatore PHC-3,Coimbatore,Tamil Nadu,26.4475,72.1548,Insulin,vials,65.0,22,11,14,12
2026-09-07,PHC-054,Coimbatore PHC-3,Coimbatore,Tamil Nadu,26.4475,72.1548,Insulin,vials,64.4,22,13,14,11
2026-09-08,PHC-054,Coimbatore PHC-3,Coimbatore,Tamil Nadu,26.4475,72.1548,Insulin,vials,64.5,22,12,14,10
2026-09-09,PHC-054,Coimbatore PHC-3,Coimbatore,Tamil Nadu,26.4475,72.1548,Insulin,vials,64.9,22,7,14,11
2026-09-10,PHC-054,Coimbatore PHC-3,Coimbatore,Tamil Nadu,26.4475,72.1548,Insulin,vials,65.4,22,13,14,11
2026-09-11,PHC-054,Coimbatore PHC-3,Coimbatore,Tamil Nadu,26.4475,72.1548,Insulin,vials,65.3,22,15,14,13
2026-09-12,PHC-054,Coimbatore PHC-3,Coimbatore,Tamil Nadu,26.4475,72.1548,Insulin,vials,63.2,22,12,14,12
2026-09-13,PHC-054,Coimbatore PHC-3,Coimbatore,Tamil Nadu,26.4475,72.1548,Insulin,vials,61.8,22,8,14,13
2026-09-14,PHC-054,Coimbatore PHC-3,Coimbatore,Tamil Nadu,26.4475,72.1548,Insulin,vials,61.9,22,12,14,11
2026-09-15,PHC-054,Coimbatore PHC-3,Coimbatore,Tamil Nadu,26.4475,72.1548,Insulin,vials,63.0,22,13,14,11
2026-09-16,PHC-054,Coimbatore PHC-3,Coimbatore,Tamil Nadu,26.4475,72.1548,Insulin,vials,62.7,22,13,14,10
2026-09-17,PHC-054,Coimbatore PHC-3,Coimbatore,Tamil Nadu,26.4475,72.1548,Insulin,vials,62.3,22,11,14,12
2026-09-18,PHC-054,Coimbatore PHC-3,Coimbatore,Tamil Nadu,26.4475,72.1548,Insulin,vials,61.8,22,17,14,10
2026-09-19,PHC-054,Coimbatore PHC-3,Coimbatore,Tamil Nadu,26.4475,72.1548,Insulin,vials,62.8,22,14,14,13
2026-09-20,PHC-054,Coimbatore PHC-3,Coimbatore,Tamil Nadu,26.4475,72.1548,Insulin,vials,65.2,22,11,14,10
2026-09-21,PHC-054,Coimbatore PHC-3,Coimbatore,Tamil Nadu,26.4475,72.1548,Insulin,vials,65.9,22,10,14,12
2026-09-22,PHC-054,Coimbatore PHC-3,Coimbatore,Tamil Nadu,26.4475,72.1548,Insulin,vials,66.0,22,16,14,13
2026-09-23,PHC-054,Coimbatore PHC-3,Coimbatore,Tamil Nadu,26.4475,72.1548,Insulin,vials,66.1,22,17,14,10
2026-09-24,PHC-054,Coimbatore PHC-3,Coimbatore,Tamil Nadu,26.4475,72.1548,Insulin,vials,65.7,22,6,14,9
2026-09-25,PHC-054,Coimbatore PHC-3,Coimbatore,Tamil Nadu,26.4475,72.1548,Insulin,vials,66.3,22,9,14,13
2026-09-26,PHC-054,Coimbatore PHC-3,Coimbatore,Tamil Nadu,26.4475,72.1548,Insulin,vials,66.6,22,11,14,12
2026-08-28,PHC-054,Coimbatore PHC-3,Coimbatore,Tamil Nadu,26.4475,72.1548,Amoxicillin,strips,375.4,22,15,14,10
2026-08-29,PHC-054,Coimbatore PHC-3,Coimbatore,Tamil Nadu,26.4475,72.1548,Amoxicillin,strips,380.2,22,9,14,11
2026-08-30,PHC-054,Coimbatore PHC-3,Coimbatore,Tamil Nadu,26.4475,72.1548,Amoxicillin,strips,384.3,22,14,14,11
2026-08-31,PHC-054,Coimbatore PHC-3,Coimbatore,Tamil Nadu,26.4475,72.1548,Amoxicillin,strips,389.9,22,18,14,10
2026-09-01,PHC-054,Coimbatore PHC-3,Coimbatore,Tamil Nadu,26.4475,72.1548,Amoxicillin,strips,393.4,22,9,14,12
2026-09-02,PHC-054,Coimbatore PHC-3,Coimbatore,Tamil Nadu,26.4475,72.1548,Amoxicillin,strips,398.7,22,13,14,10
2026-09-03,PHC-054,Coimbatore PHC-3,Coimbatore,Tamil Nadu,26.4475,72.1548,Amoxicillin,strips,402.5,22,13,14,12
2026-09-04,PHC-054,Coimbatore PHC-3,Coimbatore,Tamil Nadu,26.4475,72.1548,Amoxicillin,strips,406.9,22,9,14,11
2026-09-05,PHC-054,Coimbatore PHC-3,Coimbatore,Tamil Nadu,26.4475,72.1548,Amoxicillin,strips,411.5,22,7,14,9
2026-09-06,PHC-054,Coimbatore PHC-3,Coimbatore,Tamil Nadu,26.4475,72.1548,Amoxicillin,strips,414.8,22,9,14,11
2026-09-07,PHC-054,Coimbatore PHC-3,Coimbatore,Tamil Nadu,26.4475,72.1548,Amoxicillin,strips,419.4,22,15,14,14
2026-09-08,PHC-054,Coimbatore PHC-3,Coimbatore,Tamil Nadu,26.4475,72.1548,Amoxicillin,strips,424.0,22,13,14,11
2026-09-09,PHC-054,Coimbatore PHC-3,Coimbatore,Tamil Nadu,26.4475,72.1548,Amoxicillin,strips,428.1,22,14,14,13
2026-09-10,PHC-054,Coimbatore PHC-3,Coimbatore,Tamil Nadu,26.4475,72.1548,Amoxicillin,strips,432.9,22,14,14,13
2026-09-11,PHC-054,Coimbatore PHC-3,Coimbatore,Tamil Nadu,26.4475,72.1548,Amoxicillin,strips,434.9,22,11,14,11
2026-09-12,PHC-054,Coimbatore PHC-3,Coimbatore,Tamil Nadu,26.4475,72.1548,Amoxicillin,strips,440.5,22,9,14,11
2026-09-13,PHC-054,Coimbatore PHC-3,Coimbatore,Tamil Nadu,26.4475,72.1548,Amoxicillin,strips,444.4,22,14,14,12
2026-09-14,PHC-054,Coimbatore PHC-3,Coimbatore,Tamil Nadu,26.4475,72.1548,Amoxicillin,strips,447.2,22,11,14,14
2026-09-15,PHC-054,Coimbatore PHC-3,Coimbatore,Tamil Nadu,26.4475,72.1548,Amoxicillin,strips,449.4,22,14,14,11
2026-09-16,PHC-054,Coimbatore PHC-3,Coimbatore,Tamil Nadu,26.4475,72.1548,Amoxicillin,strips,452.5,22,13,14,10
2026-09-17,PHC-054,Coimbatore PHC-3,Coimbatore,Tamil Nadu,26.4475,72.1548,Amoxicillin,strips,455.1,22,11,14,10
2026-09-18,PHC-054,Coimbatore PHC-3,Coimbatore,Tamil Nadu,26.4475,72.1548,Amoxicillin,strips,460.4,22,12,14,10
2026-09-19,PHC-054,Coimbatore PHC-3,Coimbatore,Tamil Nadu,26.4475,72.1548,Amoxicillin,strips,463.9,22,16,14,11
2026-09-20,PHC-054,Coimbatore PHC-3,Coimbatore,Tamil Nadu,26.4475,72.1548,Amoxicillin,strips,467.4,22,15,14,14
2026-09-21,PHC-054,Coimbatore PHC-3,Coimbatore,Tamil Nadu,26.4475,72.1548,Amoxicillin,strips,472.2,22,16,14,12
2026-09-22,PHC-054,Coimbatore PHC-3,Coimbatore,Tamil Nadu,26.4475,72.1548,Amoxicillin,strips,474.4,22,13,14,10
2026-09-23,PHC-054,Coimbatore PHC-3,Coimbatore,Tamil Nadu,26.4475,72.1548,Amoxicillin,strips,479.0,22,15,14,11
2026-09-24,PHC-054,Coimbatore PHC-3,Coimbatore,Tamil Nadu,26.4475,72.1548,Amoxicillin,strips,481.3,22,10,14,11
2026-09-25,PHC-054,Coimbatore PHC-3,Coimbatore,Tamil Nadu,26.4475,72.1548,Amoxicillin,strips,486.0,22,14,14,11
2026-09-26,PHC-054,Coimbatore PHC-3,Coimbatore,Tamil Nadu,26.4475,72.1548,Amoxicillin,strips,488.2,22,13,14,9
2026-08-28,PHC-054,Coimbatore PHC-3,Coimbatore,Tamil Nadu,26.4475,72.1548,Iron Folic Acid Tablets,strips,397.6,22,16,14,12
2026-08-29,PHC-054,Coimbatore PHC-3,Coimbatore,Tamil Nadu,26.4475,72.1548,Iron Folic Acid Tablets,strips,379.1,22,10,14,10
2026-08-30,PHC-054,Coimbatore PHC-3,Coimbatore,Tamil Nadu,26.4475,72.1548,Iron Folic Acid Tablets,strips,367.8,22,13,14,12
2026-08-31,PHC-054,Coimbatore PHC-3,Coimbatore,Tamil Nadu,26.4475,72.1548,Iron Folic Acid Tablets,strips,346.6,22,9,14,11
2026-09-01,PHC-054,Coimbatore PHC-3,Coimbatore,Tamil Nadu,26.4475,72.1548,Iron Folic Acid Tablets,strips,330.5,22,13,14,12
2026-09-02,PHC-054,Coimbatore PHC-3,Coimbatore,Tamil Nadu,26.4475,72.1548,Iron Folic Acid Tablets,strips,312.2,22,7,14,10
2026-09-03,PHC-054,Coimbatore PHC-3,Coimbatore,Tamil Nadu,26.4475,72.1548,Iron Folic Acid Tablets,strips,290.4,22,11,14,11
2026-09-04,PHC-054,Coimbatore PHC-3,Coimbatore,Tamil Nadu,26.4475,72.1548,Iron Folic Acid Tablets,strips,268.7,22,10,14,12
2026-09-05,PHC-054,Coimbatore PHC-3,Coimbatore,Tamil Nadu,26.4475,72.1548,Iron Folic Acid Tablets,strips,258.4,22,13,14,12
2026-09-06,PHC-054,Coimbatore PHC-3,Coimbatore,Tamil Nadu,26.4475,72.1548,Iron Folic Acid Tablets,strips,237.1,22,11,14,12
2026-09-07,PHC-054,Coimbatore PHC-3,Coimbatore,Tamil Nadu,26.4475,72.1548,Iron Folic Acid Tablets,strips,225.6,22,9,14,11
2026-09-08,PHC-054,Coimbatore PHC-3,Coimbatore,Tamil Nadu,26.4475,72.1548,Iron Folic Acid Tablets,strips,210.0,22,11,14,14
2026-09-09,PHC-054,Coimbatore PHC-3,Coimbatore,Tamil Nadu,26.4475,72.1548,Iron Folic Acid Tablets,strips,194.1,22,10,14,10
2026-09-10,PHC-054,Coimbatore PHC-3,Coimbatore,Tamil Nadu,26.4475,72.1548,Iron Folic Acid Tablets,strips,186.0,22,10,14,14
2026-09-11,PHC-054,Coimbatore PHC-3,Coimbatore,Tamil Nadu,26.4475,72.1548,Iron Folic Acid Tablets,strips,173.5,22,15,14,12
2026-09-12,PHC-054,Coimbatore PHC-3,Coimbatore,Tamil Nadu,26.4475,72.1548,Iron Folic Acid Tablets,strips,163.8,22,14,14,13
2026-09-13,PHC-054,Coimbatore PHC-3,Coimbatore,Tamil Nadu,26.4475,72.1548,Iron Folic Acid Tablets,strips,142.6,22,9,14,13
2026-09-14,PHC-054,Coimbatore PHC-3,Coimbatore,Tamil Nadu,26.4475,72.1548,Iron Folic Acid Tablets,strips,123.6,22,9,14,9
2026-09-15,PHC-054,Coimbatore PHC-3,Coimbatore,Tamil Nadu,26.4475,72.1548,Iron Folic Acid Tablets,strips,113.6,22,14,14,12
2026-09-16,PHC-054,Coimbatore PHC-3,Coimbatore,Tamil Nadu,26.4475,72.1548,Iron Folic Acid Tablets,strips,92.0,22,7,14,11
2026-09-17,PHC-054,Coimbatore PHC-3,Coimbatore,Tamil Nadu,26.4475,72.1548,Iron Folic Acid Tablets,strips,76.2,22,11,14,9
2026-09-18,PHC-054,Coimbatore PHC-3,Coimbatore,Tamil Nadu,26.4475,72.1548,Iron Folic Acid Tablets,strips,56.2,22,16,14,10
2026-09-19,PHC-054,Coimbatore PHC-3,Coimbatore,Tamil Nadu,26.4475,72.1548,Iron Folic Acid Tablets,strips,42.4,22,11,14,11
2026-09-20,PHC-054,Coimbatore PHC-3,Coimbatore,Tamil Nadu,26.4475,72.1548,Iron Folic Acid Tablets,strips,32.1,22,14,14,13
2026-09-21,PHC-054,Coimbatore PHC-3,Coimbatore,Tamil Nadu,26.4475,72.1548,Iron Folic Acid Tablets,strips,11.3,22,12,14,14
2026-09-22,PHC-054,Coimbatore PHC-3,Coimbatore,Tamil Nadu,26.4475,72.1548,Iron Folic Acid Tablets,strips,2.2,22,11,14,12
2026-09-23,PHC-054,Coimbatore PHC-3,Coimbatore,Tamil Nadu,26.4475,72.1548,Iron Folic Acid Tablets,strips,0.0,22,13,14,13
2026-09-24,PHC-054,Coimbatore PHC-3,Coimbatore,Tamil Nadu,26.4475,72.1548,Iron Folic Acid Tablets,strips,0.0,22,12,14,12
2026-09-25,PHC-054,Coimbatore PHC-3,Coimbatore,Tamil Nadu,26.4475,72.1548,Iron Folic Acid Tablets,strips,0.0,22,19,14,10
2026-09-26,PHC-054,Coimbatore PHC-3,Coimbatore,Tamil Nadu,26.4475,72.1548,Iron Folic Acid Tablets,strips,0.0,22,12,14,10
2026-08-28,PHC-055,Guwahati PHC-1,Guwahati,Assam,13.5251,70.7483,Paracetamol,units,679.8,12,7,10,9
2026-08-29,PHC-055,Guwahati PHC-1,Guwahati,Assam,13.5251,70.7483,Paracetamol,units,684.8,12,9,10,7
2026-08-30,PHC-055,Guwahati PHC-1,Guwahati,Assam,13.5251,70.7483,Paracetamol,units,671.9,12,6,10,8
2026-08-31,PHC-055,Guwahati PHC-1,Guwahati,Assam,13.5251,70.7483,Paracetamol,units,660.3,12,6,10,8
2026-09-01,PHC-055,Guwahati PHC-1,Guwahati,Assam,13.5251,70.7483,Paracetamol,units,662.7,12,6,10,8
2026-09-02,PHC-055,Guwahati PHC-1,Guwahati,Assam,13.5251,70.7483,Paracetamol,units,666.2,12,9,10,8
2026-09-03,PHC-055,Guwahati PHC-1,Guwahati,Assam,13.5251,70.7483,Paracetamol,units,662.4,12,9,10,7
2026-09-04,PHC-055,Guwahati PHC-1,Guwahati,Assam,13.5251,70.7483,Paracetamol,units,665.1,12,5,10,8
2026-09-05,PHC-055,Guwahati PHC-1,Guwahati,Assam,13.5251,70.7483,Paracetamol,units,662.8,12,7,10,8
2026-09-06,PHC-055,Guwahati PHC-1,Guwahati,Assam,13.5251,70.7483,Paracetamol,units,652.0,12,8,10,8
2026-09-07,PHC-055,Guwahati PHC-1,Guwahati,Assam,13.5251,70.7483,Paracetamol,units,653.1,12,7,10,8
2026-09-08,PHC-055,Guwahati PHC-1,Guwahati,Assam,13.5251,70.7483,Paracetamol,units,663.5,12,6,10,8
2026-09-09,PHC-055,Guwahati PHC-1,Guwahati,Assam,13.5251,70.7483,Paracetamol,units,665.3,12,6,10,8
2026-09-10,PHC-055,Guwahati PHC-1,Guwahati,Assam,13.5251,70.7483,Paracetamol,units,664.9,12,8,10,6
2026-09-11,PHC-055,Guwahati PHC-1,Guwahati,Assam,13.5251,70.7483,Paracetamol,units,668.5,12,8,10,5
2026-09-12,PHC-055,Guwahati PHC-1,Guwahati,Assam,13.5251,70.7483,Paracetamol,units,664.6,12,9,10,8
2026-09-13,PHC-055,Guwahati PHC-1,Guwahati,Assam,13.5251,70.7483,Paracetamol,units,657.2,12,7,10,8
2026-09-14,PHC-055,Guwahati PHC-1,Guwahati,Assam,13.5251,70.7483,Paracetamol,units,661.5,12,9,10,10
2026-09-15,PHC-055,Guwahati PHC-1,Guwahati,Assam,13.5251,70.7483,Paracetamol,units,661.3,12,6,10,8
2026-09-16,PHC-055,Guwahati PHC-1,Guwahati,Assam,13.5251,70.7483,Paracetamol,units,661.3,12,7,10,8
2026-09-17,PHC-055,Guwahati PHC-1,Guwahati,Assam,13.5251,70.7483,Paracetamol,units,660.7,12,4,10,10
2026-09-18,PHC-055,Guwahati PHC-1,Guwahati,Assam,13.5251,70.7483,Paracetamol,units,646.4,12,6,10,9
2026-09-19,PHC-055,Guwahati PHC-1,Guwahati,Assam,13.5251,70.7483,Paracetamol,units,641.7,12,5,10,8
2026-09-20,PHC-055,Guwahati PHC-1,Guwahati,Assam,13.5251,70.7483,Paracetamol,units,636.8,12,7,10,6
2026-09-21,PHC-055,Guwahati PHC-1,Guwahati,Assam,13.5251,70.7483,Paracetamol,units,641.9,12,5,10,7
2026-09-22,PHC-055,Guwahati PHC-1,Guwahati,Assam,13.5251,70.7483,Paracetamol,units,641.7,12,7,10,9
2026-09-23,PHC-055,Guwahati PHC-1,Guwahati,Assam,13.5251,70.7483,Paracetamol,units,645.9,12,7,10,6
2026-09-24,PHC-055,Guwahati PHC-1,Guwahati,Assam,13.5251,70.7483,Paracetamol,units,655.9,12,8,10,8
2026-09-25,PHC-055,Guwahati PHC-1,Guwahati,Assam,13.5251,70.7483,Paracetamol,units,656.7,12,7,10,8
2026-09-26,PHC-055,Guwahati PHC-1,Guwahati,Assam,13.5251,70.7483,Paracetamol,units,653.0,12,5,10,6
2026-08-28,PHC-055,Guwahati PHC-1,Guwahati,Assam,13.5251,70.7483,ORS Sachets,packets,195.7,12,7,10,7
2026-08-29,PHC-055,Guwahati PHC-1,Guwahati,Assam,13.5251,70.7483,ORS Sachets,packets,197.6,12,4,10,8
2026-08-30,PHC-055,Guwahati PHC-1,Guwahati,Assam,13.5251,70.7483,ORS Sachets,packets,194.9,12,7,10,9
2026-08-31,PHC-055,Guwahati PHC-1,Guwahati,Assam,13.5251,70.7483,ORS Sachets,packets,193.4,12,3,10,7
2026-09-01,PHC-055,Guwahati PHC-1,Guwahati,Assam,13.5251,70.7483,ORS Sachets,packets,188.9,12,9,10,7
2026-09-02,PHC-055,Guwahati PHC-1,Guwahati,Assam,13.5251,70.7483,ORS Sachets,packets,188.3,12,5,10,9
2026-09-03,PHC-055,Guwahati PHC-1,Guwahati,Assam,13.5251,70.7483,ORS Sachets,packets,186.9,12,2,10,10
2026-09-04,PHC-055,Guwahati PHC-1,Guwahati,Assam,13.5251,70.7483,ORS Sachets,packets,191.5,12,8,10,9
2026-09-05,PHC-055,Guwahati PHC-1,Guwahati,Assam,13.5251,70.7483,ORS Sachets,packets,186.2,12,8,10,8
2026-09-06,PHC-055,Guwahati PHC-1,Guwahati,Assam,13.5251,70.7483,ORS Sachets,packets,188.0,12,7,10,9
2026-09-07,PHC-055,Guwahati PHC-1,Guwahati,Assam,13.5251,70.7483,ORS Sachets,packets,190.4,12,7,10,9
2026-09-08,PHC-055,Guwahati PHC-1,Guwahati,Assam,13.5251,70.7483,ORS Sachets,packets,193.0,12,6,10,9
2026-09-09,PHC-055,Guwahati PHC-1,Guwahati,Assam,13.5251,70.7483,ORS Sachets,packets,195.3,12,7,10,9
2026-09-10,PHC-055,Guwahati PHC-1,Guwahati,Assam,13.5251,70.7483,ORS Sachets,packets,201.7,12,4,10,8
2026-09-11,PHC-055,Guwahati PHC-1,Guwahati,Assam,13.5251,70.7483,ORS Sachets,packets,199.1,12,7,10,7
2026-09-12,PHC-055,Guwahati PHC-1,Guwahati,Assam,13.5251,70.7483,ORS Sachets,packets,195.6,12,5,10,7
2026-09-13,PHC-055,Guwahati PHC-1,Guwahati,Assam,13.5251,70.7483,ORS Sachets,packets,199.1,12,8,10,10
2026-09-14,PHC-055,Guwahati PHC-1,Guwahati,Assam,13.5251,70.7483,ORS Sachets,packets,200.5,12,6,10,8
2026-09-15,PHC-055,Guwahati PHC-1,Guwahati,Assam,13.5251,70.7483,ORS Sachets,packets,195.4,12,10,10,8
2026-09-16,PHC-055,Guwahati PHC-1,Guwahati,Assam,13.5251,70.7483,ORS Sachets,packets,194.2,12,7,10,7
2026-09-17,PHC-055,Guwahati PHC-1,Guwahati,Assam,13.5251,70.7483,ORS Sachets,packets,194.5,12,5,10,9
2026-09-18,PHC-055,Guwahati PHC-1,Guwahati,Assam,13.5251,70.7483,ORS Sachets,packets,194.4,12,5,10,10
2026-09-19,PHC-055,Guwahati PHC-1,Guwahati,Assam,13.5251,70.7483,ORS Sachets,packets,195.1,12,8,10,6
2026-09-20,PHC-055,Guwahati PHC-1,Guwahati,Assam,13.5251,70.7483,ORS Sachets,packets,198.1,12,6,10,8
2026-09-21,PHC-055,Guwahati PHC-1,Guwahati,Assam,13.5251,70.7483,ORS Sachets,packets,203.1,12,6,10,6
2026-09-22,PHC-055,Guwahati PHC-1,Guwahati,Assam,13.5251,70.7483,ORS Sachets,packets,196.9,12,7,10,7
2026-09-23,PHC-055,Guwahati PHC-1,Guwahati,Assam,13.5251,70.7483,ORS Sachets,packets,192.4,12,6,10,9
2026-09-24,PHC-055,Guwahati PHC-1,Guwahati,Assam,13.5251,70.7483,ORS Sachets,packets,195.6,12,9,10,9
2026-09-25,PHC-055,Guwahati PHC-1,Guwahati,Assam,13.5251,70.7483,ORS Sachets,packets,196.5,12,9,10,6
2026-09-26,PHC-055,Guwahati PHC-1,Guwahati,Assam,13.5251,70.7483,ORS Sachets,packets,193.8,12,8,10,7
2026-08-28,PHC-055,Guwahati PHC-1,Guwahati,Assam,13.5251,70.7483,Insulin,vials,77.7,12,4,10,8
2026-08-29,PHC-055,Guwahati PHC-1,Guwahati,Assam,13.5251,70.7483,Insulin,vials,78.1,12,8,10,9
2026-08-30,PHC-055,Guwahati PHC-1,Guwahati,Assam,13.5251,70.7483,Insulin,vials,78.5,12,6,10,8
2026-08-31,PHC-055,Guwahati PHC-1,Guwahati,Assam,13.5251,70.7483,Insulin,vials,78.3,12,7,10,8
2026-09-01,PHC-055,Guwahati PHC-1,Guwahati,Assam,13.5251,70.7483,Insulin,vials,78.1,12,7,10,7
2026-09-02,PHC-055,Guwahati PHC-1,Guwahati,Assam,13.5251,70.7483,Insulin,vials,77.7,12,7,10,7
2026-09-03,PHC-055,Guwahati PHC-1,Guwahati,Assam,13.5251,70.7483,Insulin,vials,78.9,12,9,10,9
2026-09-04,PHC-055,Guwahati PHC-1,Guwahati,Assam,13.5251,70.7483,Insulin,vials,79.4,12,9,10,7
2026-09-05,PHC-055,Guwahati PHC-1,Guwahati,Assam,13.5251,70.7483,Insulin,vials,80.5,12,4,10,7
2026-09-06,PHC-055,Guwahati PHC-1,Guwahati,Assam,13.5251,70.7483,Insulin,vials,81.2,12,5,10,8
2026-09-07,PHC-055,Guwahati PHC-1,Guwahati,Assam,13.5251,70.7483,Insulin,vials,82.0,12,5,10,6
2026-09-08,PHC-055,Guwahati PHC-1,Guwahati,Assam,13.5251,70.7483,Insulin,vials,82.8,12,8,10,9
2026-09-09,PHC-055,Guwahati PHC-1,Guwahati,Assam,13.5251,70.7483,Insulin,vials,82.6,12,11,10,8
2026-09-10,PHC-055,Guwahati PHC-1,Guwahati,Assam,13.5251,70.7483,Insulin,vials,82.6,12,8,10,9
2026-09-11,PHC-055,Guwahati PHC-1,Guwahati,Assam,13.5251,70.7483,Insulin,vials,81.9,12,6,10,7
2026-09-12,PHC-055,Guwahati PHC-1,Guwahati,Assam,13.5251,70.7483,Insulin,vials,83.1,12,6,10,8
2026-09-13,PHC-055,Guwahati PHC-1,Guwahati,Assam,13.5251,70.7483,Insulin,vials,83.0,12,7,10,7
2026-09-14,PHC-055,Guwahati PHC-1,Guwahati,Assam,13.5251,70.7483,Insulin,vials,83.7,12,6,10,7
2026-09-15,PHC-055,Guwahati PHC-1,Guwahati,Assam,13.5251,70.7483,Insulin,vials,83.5,12,4,10,9
2026-09-16,PHC-055,Guwahati PHC-1,Guwahati,Assam,13.5251,70.7483,Insulin,vials,84.0,12,2,10,8
2026-09-17,PHC-055,Guwahati PHC-1,Guwahati,Assam,13.5251,70.7483,Insulin,vials,84.0,12,8,10,7
2026-09-18,PHC-055,Guwahati PHC-1,Guwahati,Assam,13.5251,70.7483,Insulin,vials,84.0,12,7,10,10
2026-09-19,PHC-055,Guwahati PHC-1,Guwahati,Assam,13.5251,70.7483,Insulin,vials,84.8,12,8,10,7
2026-09-20,PHC-055,Guwahati PHC-1,Guwahati,Assam,13.5251,70.7483,Insulin,vials,82.6,12,4,10,7
2026-09-21,PHC-055,Guwahati PHC-1,Guwahati,Assam,13.5251,70.7483,Insulin,vials,80.9,12,7,10,8
2026-09-22,PHC-055,Guwahati PHC-1,Guwahati,Assam,13.5251,70.7483,Insulin,vials,82.0,12,4,10,9
2026-09-23,PHC-055,Guwahati PHC-1,Guwahati,Assam,13.5251,70.7483,Insulin,vials,81.8,12,5,10,7
2026-09-24,PHC-055,Guwahati PHC-1,Guwahati,Assam,13.5251,70.7483,Insulin,vials,81.4,12,5,10,9
2026-09-25,PHC-055,Guwahati PHC-1,Guwahati,Assam,13.5251,70.7483,Insulin,vials,81.4,12,5,10,7
2026-09-26,PHC-055,Guwahati PHC-1,Guwahati,Assam,13.5251,70.7483,Insulin,vials,82.5,12,6,10,7
2026-08-28,PHC-055,Guwahati PHC-1,Guwahati,Assam,13.5251,70.7483,Amoxicillin,strips,244.8,12,7,10,9
2026-08-29,PHC-055,Guwahati PHC-1,Guwahati,Assam,13.5251,70.7483,Amoxicillin,strips,249.3,12,7,10,7
2026-08-30,PHC-055,Guwahati PHC-1,Guwahati,Assam,13.5251,70.7483,Amoxicillin,strips,249.1,12,6,10,9
2026-08-31,PHC-055,Guwahati PHC-1,Guwahati,Assam,13.5251,70.7483,Amoxicillin,strips,250.8,12,5,10,8
2026-09-01,PHC-055,Guwahati PHC-1,Guwahati,Assam,13.5251,70.7483,Amoxicillin,strips,249.9,12,6,10,7
2026-09-02,PHC-055,Guwahati PHC-1,Guwahati,Assam,13.5251,70.7483,Amoxicillin,strips,255.6,12,4,10,8
2026-09-03,PHC-055,Guwahati PHC-1,Guwahati,Assam,13.5251,70.7483,Amoxicillin,strips,253.1,12,7,10,6
2026-09-04,PHC-055,Guwahati PHC-1,Guwahati,Assam,13.5251,70.7483,Amoxicillin,strips,253.9,12,7,10,8
2026-09-05,PHC-055,Guwahati PHC-1,Guwahati,Assam,13.5251,70.7483,Amoxicillin,strips,255.4,12,6,10,9
2026-09-06,PHC-055,Guwahati PHC-1,Guwahati,Assam,13.5251,70.7483,Amoxicillin,strips,254.0,12,7,10,10
2026-09-07,PHC-055,Guwahati PHC-1,Guwahati,Assam,13.5251,70.7483,Amoxicillin,strips,254.6,12,7,10,10
2026-09-08,PHC-055,Guwahati PHC-1,Guwahati,Assam,13.5251,70.7483,Amoxicillin,strips,250.9,12,4,10,9
2026-09-09,PHC-055,Guwahati PHC-1,Guwahati,Assam,13.5251,70.7483,Amoxicillin,strips,250.2,12,6,10,8
2026-09-10,PHC-055,Guwahati PHC-1,Guwahati,Assam,13.5251,70.7483,Amoxicillin,strips,252.5,12,5,10,6
2026-09-11,PHC-055,Guwahati PHC-1,Guwahati,Assam,13.5251,70.7483,Amoxicillin,strips,248.6,12,4,10,10
2026-09-12,PHC-055,Guwahati PHC-1,Guwahati,Assam,13.5251,70.7483,Amoxicillin,strips,250.5,12,8,10,9
2026-09-13,PHC-055,Guwahati PHC-1,Guwahati,Assam,13.5251,70.7483,Amoxicillin,strips,257.1,12,10,10,8
2026-09-14,PHC-055,Guwahati PHC-1,Guwahati,Assam,13.5251,70.7483,Amoxicillin,strips,264.0,12,5,10,8
2026-09-15,PHC-055,Guwahati PHC-1,Guwahati,Assam,13.5251,70.7483,Amoxicillin,strips,266.6,12,3,10,10
2026-09-16,PHC-055,Guwahati PHC-1,Guwahati,Assam,13.5251,70.7483,Amoxicillin,strips,268.0,12,2,10,7
2026-09-17,PHC-055,Guwahati PHC-1,Guwahati,Assam,13.5251,70.7483,Amoxicillin,strips,267.5,12,4,10,8
2026-09-18,PHC-055,Guwahati PHC-1,Guwahati,Assam,13.5251,70.7483,Amoxicillin,strips,269.8,12,6,10,9
2026-09-19,PHC-055,Guwahati PHC-1,Guwahati,Assam,13.5251,70.7483,Amoxicillin,strips,271.8,12,7,10,8
2026-09-20,PHC-055,Guwahati PHC-1,Guwahati,Assam,13.5251,70.7483,Amoxicillin,strips,270.7,12,7,10,8
2026-09-21,PHC-055,Guwahati PHC-1,Guwahati,Assam,13.5251,70.7483,Amoxicillin,strips,268.6,12,10,10,7
2026-09-22,PHC-055,Guwahati PHC-1,Guwahati,Assam,13.5251,70.7483,Amoxicillin,strips,273.8,12,7,10,8
2026-09-23,PHC-055,Guwahati PHC-1,Guwahati,Assam,13.5251,70.7483,Amoxicillin,strips,270.8,12,7,10,8
2026-09-24,PHC-055,Guwahati PHC-1,Guwahati,Assam,13.5251,70.7483,Amoxicillin,strips,269.4,12,6,10,6
2026-09-25,PHC-055,Guwahati PHC-1,Guwahati,Assam,13.5251,70.7483,Amoxicillin,strips,271.4,12,8,10,9
2026-09-26,PHC-055,Guwahati PHC-1,Guwahati,Assam,13.5251,70.7483,Amoxicillin,strips,273.3,12,8,10,9
2026-08-28,PHC-055,Guwahati PHC-1,Guwahati,Assam,13.5251,70.7483,Iron Folic Acid Tablets,strips,693.4,12,9,10,7
2026-08-29,PHC-055,Guwahati PHC-1,Guwahati,Assam,13.5251,70.7483,Iron Folic Acid Tablets,strips,673.5,12,7,10,7
2026-08-30,PHC-055,Guwahati PHC-1,Guwahati,Assam,13.5251,70.7483,Iron Folic Acid Tablets,strips,653.4,12,3,10,7
2026-08-31,PHC-055,Guwahati PHC-1,Guwahati,Assam,13.5251,70.7483,Iron Folic Acid Tablets,strips,635.6,12,4,10,10
2026-09-01,PHC-055,Guwahati PHC-1,Guwahati,Assam,13.5251,70.7483,Iron Folic Acid Tablets,strips,619.8,12,9,10,8
2026-09-02,PHC-055,Guwahati PHC-1,Guwahati,Assam,13.5251,70.7483,Iron Folic Acid Tablets,strips,610.0,12,5,10,9
2026-09-03,PHC-055,Guwahati PHC-1,Guwahati,Assam,13.5251,70.7483,Iron Folic Acid Tablets,strips,597.4,12,10,10,9
2026-09-04,PHC-055,Guwahati PHC-1,Guwahati,Assam,13.5251,70.7483,Iron Folic Acid Tablets,strips,582.4,12,7,10,9
2026-09-05,PHC-055,Guwahati PHC-1,Guwahati,Assam,13.5251,70.7483,Iron Folic Acid Tablets,strips,565.2,12,9,10,8
2026-09-06,PHC-055,Guwahati PHC-1,Guwahati,Assam,13.5251,70.7483,Iron Folic Acid Tablets,strips,556.0,12,3,10,7
2026-09-07,PHC-055,Guwahati PHC-1,Guwahati,Assam,13.5251,70.7483,Iron Folic Acid Tablets,strips,533.1,12,9,10,10
2026-09-08,PHC-055,Guwahati PHC-1,Guwahati,Assam,13.5251,70.7483,Iron Folic Acid Tablets,strips,518.0,12,9,10,7
2026-09-09,PHC-055,Guwahati PHC-1,Guwahati,Assam,13.5251,70.7483,Iron Folic Acid Tablets,strips,503.1,12,5,10,6
2026-09-10,PHC-055,Guwahati PHC-1,Guwahati,Assam,13.5251,70.7483,Iron Folic Acid Tablets,strips,480.3,12,6,10,8
2026-09-11,PHC-055,Guwahati PHC-1,Guwahati,Assam,13.5251,70.7483,Iron Folic Acid Tablets,strips,464.5,12,5,10,9
2026-09-12,PHC-055,Guwahati PHC-1,Guwahati,Assam,13.5251,70.7483,Iron Folic Acid Tablets,strips,441.9,12,7,10,7
2026-09-13,PHC-055,Guwahati PHC-1,Guwahati,Assam,13.5251,70.7483,Iron Folic Acid Tablets,strips,428.4,12,7,10,9
2026-09-14,PHC-055,Guwahati PHC-1,Guwahati,Assam,13.5251,70.7483,Iron Folic Acid Tablets,strips,412.0,12,7,10,9
2026-09-15,PHC-055,Guwahati PHC-1,Guwahati,Assam,13.5251,70.7483,Iron Folic Acid Tablets,strips,396.9,12,9,10,7
2026-09-16,PHC-055,Guwahati PHC-1,Guwahati,Assam,13.5251,70.7483,Iron Folic Acid Tablets,strips,384.4,12,10,10,9
2026-09-17,PHC-055,Guwahati PHC-1,Guwahati,Assam,13.5251,70.7483,Iron Folic Acid Tablets,strips,361.8,12,6,10,9
2026-09-18,PHC-055,Guwahati PHC-1,Guwahati,Assam,13.5251,70.7483,Iron Folic Acid Tablets,strips,347.2,12,6,10,8
2026-09-19,PHC-055,Guwahati PHC-1,Guwahati,Assam,13.5251,70.7483,Iron Folic Acid Tablets,strips,330.3,12,4,10,9
2026-09-20,PHC-055,Guwahati PHC-1,Guwahati,Assam,13.5251,70.7483,Iron Folic Acid Tablets,strips,318.1,12,7,10,8
2026-09-21,PHC-055,Guwahati PHC-1,Guwahati,Assam,13.5251,70.7483,Iron Folic Acid Tablets,strips,307.8,12,7,10,10
2026-09-22,PHC-055,Guwahati PHC-1,Guwahati,Assam,13.5251,70.7483,Iron Folic Acid Tablets,strips,294.6,12,5,10,10
2026-09-23,PHC-055,Guwahati PHC-1,Guwahati,Assam,13.5251,70.7483,Iron Folic Acid Tablets,strips,276.7,12,7,10,9
2026-09-24,PHC-055,Guwahati PHC-1,Guwahati,Assam,13.5251,70.7483,Iron Folic Acid Tablets,strips,255.7,12,4,10,8
2026-09-25,PHC-055,Guwahati PHC-1,Guwahati,Assam,13.5251,70.7483,Iron Folic Acid Tablets,strips,235.8,12,10,10,7
2026-09-26,PHC-055,Guwahati PHC-1,Guwahati,Assam,13.5251,70.7483,Iron Folic Acid Tablets,strips,227.9,12,7,10,9
2026-08-28,PHC-056,Guwahati PHC-2,Guwahati,Assam,16.9021,86.5958,Paracetamol,units,636.4,19,13,13,12
2026-08-29,PHC-056,Guwahati PHC-2,Guwahati,Assam,16.9021,86.5958,Paracetamol,units,634.5,19,9,13,8
2026-08-30,PHC-056,Guwahati PHC-2,Guwahati,Assam,16.9021,86.5958,Paracetamol,units,634.8,19,9,13,9
2026-08-31,PHC-056,Guwahati PHC-2,Guwahati,Assam,16.9021,86.5958,Paracetamol,units,640.7,19,11,13,9
2026-09-01,PHC-056,Guwahati PHC-2,Guwahati,Assam,16.9021,86.5958,Paracetamol,units,636.4,19,15,13,10
2026-09-02,PHC-056,Guwahati PHC-2,Guwahati,Assam,16.9021,86.5958,Paracetamol,units,644.3,19,7,13,9
2026-09-03,PHC-056,Guwahati PHC-2,Guwahati,Assam,16.9021,86.5958,Paracetamol,units,643.3,19,18,13,9
2026-09-04,PHC-056,Guwahati PHC-2,Guwahati,Assam,16.9021,86.5958,Paracetamol,units,639.3,19,12,13,11
2026-09-05,PHC-056,Guwahati PHC-2,Guwahati,Assam,16.9021,86.5958,Paracetamol,units,639.3,19,16,13,11
2026-09-06,PHC-056,Guwahati PHC-2,Guwahati,Assam,16.9021,86.5958,Paracetamol,units,652.5,19,9,13,10
2026-09-07,PHC-056,Guwahati PHC-2,Guwahati,Assam,16.9021,86.5958,Paracetamol,units,649.7,19,6,13,11
2026-09-08,PHC-056,Guwahati PHC-2,Guwahati,Assam,16.9021,86.5958,Paracetamol,units,648.5,19,12,13,11
2026-09-09,PHC-056,Guwahati PHC-2,Guwahati,Assam,16.9021,86.5958,Paracetamol,units,650.3,19,12,13,9
2026-09-10,PHC-056,Guwahati PHC-2,Guwahati,Assam,16.9021,86.5958,Paracetamol,units,644.1,19,8,13,11
2026-09-11,PHC-056,Guwahati PHC-2,Guwahati,Assam,16.9021,86.5958,Paracetamol,units,646.7,19,12,13,10
2026-09-12,PHC-056,Guwahati PHC-2,Guwahati,Assam,16.9021,86.5958,Paracetamol,units,645.8,19,11,13,11
2026-09-13,PHC-056,Guwahati PHC-2,Guwahati,Assam,16.9021,86.5958,Paracetamol,units,644.9,19,6,13,12
2026-09-14,PHC-056,Guwahati PHC-2,Guwahati,Assam,16.9021,86.5958,Paracetamol,units,633.2,19,13,13,10
2026-09-15,PHC-056,Guwahati PHC-2,Guwahati,Assam,16.9021,86.5958,Paracetamol,units,628.8,19,9,13,9
2026-09-16,PHC-056,Guwahati PHC-2,Guwahati,Assam,16.9021,86.5958,Paracetamol,units,641.0,19,12,13,13
2026-09-17,PHC-056,Guwahati PHC-2,Guwahati,Assam,16.9021,86.5958,Paracetamol,units,644.3,19,8,13,10
2026-09-18,PHC-056,Guwahati PHC-2,Guwahati,Assam,16.9021,86.5958,Paracetamol,units,647.8,19,11,13,11
2026-09-19,PHC-056,Guwahati PHC-2,Guwahati,Assam,16.9021,86.5958,Paracetamol,units,646.7,19,10,13,10
2026-09-20,PHC-056,Guwahati PHC-2,Guwahati,Assam,16.9021,86.5958,Paracetamol,units,645.8,19,12,13,10
2026-09-21,PHC-056,Guwahati PHC-2,Guwahati,Assam,16.9021,86.5958,Paracetamol,units,639.6,19,12,13,9
2026-09-22,PHC-056,Guwahati PHC-2,Guwahati,Assam,16.9021,86.5958,Paracetamol,units,638.8,19,7,13,11
2026-09-23,PHC-056,Guwahati PHC-2,Guwahati,Assam,16.9021,86.5958,Paracetamol,units,638.2,19,11,13,11
2026-09-24,PHC-056,Guwahati PHC-2,Guwahati,Assam,16.9021,86.5958,Paracetamol,units,636.7,19,14,13,11
2026-09-25,PHC-056,Guwahati PHC-2,Guwahati,Assam,16.9021,86.5958,Paracetamol,units,635.0,19,9,13,9
2026-09-26,PHC-056,Guwahati PHC-2,Guwahati,Assam,16.9021,86.5958,Paracetamol,units,632.5,19,15,13,10
2026-08-28,PHC-056,Guwahati PHC-2,Guwahati,Assam,16.9021,86.5958,ORS Sachets,packets,294.5,19,13,13,12
2026-08-29,PHC-056,Guwahati PHC-2,Guwahati,Assam,16.9021,86.5958,ORS Sachets,packets,280.9,19,11,13,13
2026-08-30,PHC-056,Guwahati PHC-2,Guwahati,Assam,16.9021,86.5958,ORS Sachets,packets,254.3,19,13,13,12
2026-08-31,PHC-056,Guwahati PHC-2,Guwahati,Assam,16.9021,86.5958,ORS Sachets,packets,234.7,19,7,13,11
2026-09-01,PHC-056,Guwahati PHC-2,Guwahati,Assam,16.9021,86.5958,ORS Sachets,packets,212.7,19,13,13,10
2026-09-02,PHC-056,Guwahati PHC-2,Guwahati,Assam,16.9021,86.5958,ORS Sachets,packets,201.7,19,12,13,11
2026-09-03,PHC-056,Guwahati PHC-2,Guwahati,Assam,16.9021,86.5958,ORS Sachets,packets,191.1,19,12,13,11
2026-09-04,PHC-056,Guwahati PHC-2,Guwahati,Assam,16.9021,86.5958,ORS Sachets,packets,177.6,19,15,13,10
2026-09-05,PHC-056,Guwahati PHC-2,Guwahati,Assam,16.9021,86.5958,ORS Sachets,packets,163.8,19,15,13,10
2026-09-06,PHC-056,Guwahati PHC-2,Guwahati,Assam,16.9021,86.5958,ORS Sachets,packets,142.0,19,8,13,10
2026-09-07,PHC-056,Guwahati PHC-2,Guwahati,Assam,16.9021,86.5958,ORS Sachets,packets,131.4,19,9,13,12
2026-09-08,PHC-056,Guwahati PHC-2,Guwahati,Assam,16.9021,86.5958,ORS Sachets,packets,108.4,19,14,13,9
2026-09-09,PHC-056,Guwahati PHC-2,Guwahati,Assam,16.9021,86.5958,ORS Sachets,packets,91.9,19,11,13,12
2026-09-10,PHC-056,Guwahati PHC-2,Guwahati,Assam,16.9021,86.5958,ORS Sachets,packets,74.1,19,9,13,12
2026-09-11,PHC-056,Guwahati PHC-2,Guwahati,Assam,16.9021,86.5958,ORS Sachets,packets,47.6,19,13,13,9
2026-09-12,PHC-056,Guwahati PHC-2,Guwahati,Assam,16.9021,86.5958,ORS Sachets,packets,31.3,19,14,13,12
2026-09-13,PHC-056,Guwahati PHC-2,Guwahati,Assam,16.9021,86.5958,ORS Sachets,packets,18.3,19,10,13,11
2026-09-14,PHC-056,Guwahati PHC-2,Guwahati,Assam,16.9021,86.5958,ORS Sachets,packets,2.8,19,12,13,8
2026-09-15,PHC-056,Guwahati PHC-2,Guwahati,Assam,16.9021,86.5958,ORS Sachets,packets,0.0,19,15,13,11
2026-09-16,PHC-056,Guwahati PHC-2,Guwahati,Assam,16.9021,86.5958,ORS Sachets,packets,0.0,19,12,13,12
2026-09-17,PHC-056,Guwahati PHC-2,Guwahati,Assam,16.9021,86.5958,ORS Sachets,packets,0.0,19,10,13,11
2026-09-18,PHC-056,Guwahati PHC-2,Guwahati,Assam,16.9021,86.5958,ORS Sachets,packets,0.0,19,11,13,8
2026-09-19,PHC-056,Guwahati PHC-2,Guwahati,Assam,16.9021,86.5958,ORS Sachets,packets,0.0,19,14,13,12
2026-09-20,PHC-056,Guwahati PHC-2,Guwahati,Assam,16.9021,86.5958,ORS Sachets,packets,0.0,19,11,13,11
2026-09-21,PHC-056,Guwahati PHC-2,Guwahati,Assam,16.9021,86.5958,ORS Sachets,packets,0.0,19,13,13,12
2026-09-22,PHC-056,Guwahati PHC-2,Guwahati,Assam,16.9021,86.5958,ORS Sachets,packets,0.0,19,9,13,10
2026-09-23,PHC-056,Guwahati PHC-2,Guwahati,Assam,16.9021,86.5958,ORS Sachets,packets,0.0,19,7,13,11
2026-09-24,PHC-056,Guwahati PHC-2,Guwahati,Assam,16.9021,86.5958,ORS Sachets,packets,0.0,19,12,13,11
2026-09-25,PHC-056,Guwahati PHC-2,Guwahati,Assam,16.9021,86.5958,ORS Sachets,packets,0.0,19,10,13,10
2026-09-26,PHC-056,Guwahati PHC-2,Guwahati,Assam,16.9021,86.5958,ORS Sachets,packets,0.0,19,7,13,9
2026-08-28,PHC-056,Guwahati PHC-2,Guwahati,Assam,16.9021,86.5958,Insulin,vials,116.5,19,14,13,10
2026-08-29,PHC-056,Guwahati PHC-2,Guwahati,Assam,16.9021,86.5958,Insulin,vials,114.5,19,12,13,10
2026-08-30,PHC-056,Guwahati PHC-2,Guwahati,Assam,16.9021,86.5958,Insulin,vials,112.5,19,7,13,10
2026-08-31,PHC-056,Guwahati PHC-2,Guwahati,Assam,16.9021,86.5958,Insulin,vials,109.0,19,14,13,10
2026-09-01,PHC-056,Guwahati PHC-2,Guwahati,Assam,16.9021,86.5958,Insulin,vials,105.9,19,14,13,11
2026-09-02,PHC-056,Guwahati PHC-2,Guwahati,Assam,16.9021,86.5958,Insulin,vials,102.7,19,2,13,9
2026-09-03,PHC-056,Guwahati PHC-2,Guwahati,Assam,16.9021,86.5958,Insulin,vials,99.1,19,8,13,11
2026-09-04,PHC-056,Guwahati PHC-2,Guwahati,Assam,16.9021,86.5958,Insulin,vials,97.6,19,11,13,13
2026-09-05,PHC-056,Guwahati PHC-2,Guwahati,Assam,16.9021,86.5958,Insulin,vials,94.7,19,11,13,10
2026-09-06,PHC-056,Guwahati PHC-2,Guwahati,Assam,16.9021,86.5958,Insulin,vials,92.8,19,12,13,9
2026-09-07,PHC-056,Guwahati PHC-2,Guwahati,Assam,16.9021,86.5958,Insulin,vials,90.0,19,9,13,10
2026-09-08,PHC-056,Guwahati PHC-2,Guwahati,Assam,16.9021,86.5958,Insulin,vials,88.6,19,13,13,10
2026-09-09,PHC-056,Guwahati PHC-2,Guwahati,Assam,16.9021,86.5958,Insulin,vials,86.7,19,11,13,9
2026-09-10,PHC-056,Guwahati PHC-2,Guwahati,Assam,16.9021,86.5958,Insulin,vials,84.5,19,10,13,8
2026-09-11,PHC-056,Guwahati PHC-2,Guwahati,Assam,16.9021,86.5958,Insulin,vials,81.3,19,14,13,9
2026-09-12,PHC-056,Guwahati PHC-2,Guwahati,Assam,16.9021,86.5958,Insulin,vials,78.0,19,11,13,11
2026-09-13,PHC-056,Guwahati PHC-2,Guwahati,Assam,16.9021,86.5958,Insulin,vials,74.7,19,12,13,11
2026-09-14,PHC-056,Guwahati PHC-2,Guwahati,Assam,16.9021,86.5958,Insulin,vials,71.8,19,8,13,11
2026-09-15,PHC-056,Guwahati PHC-2,Guwahati,Assam,16.9021,86.5958,Insulin,vials,69.7,19,14,13,11
2026-09-16,PHC-056,Guwahati PHC-2,Guwahati,Assam,16.9021,86.5958,Insulin,vials,66.0,19,3,13,9
2026-09-17,PHC-056,Guwahati PHC-2,Guwahati,Assam,16.9021,86.5958,Insulin,vials,63.0,19,13,13,9
2026-09-18,PHC-056,Guwahati PHC-2,Guwahati,Assam,16.9021,86.5958,Insulin,vials,61.0,19,10,13,9
2026-09-19,PHC-056,Guwahati PHC-2,Guwahati,Assam,16.9021,86.5958,Insulin,vials,58.7,19,8,13,9
2026-09-20,PHC-056,Guwahati PHC-2,Guwahati,Assam,16.9021,86.5958,Insulin,vials,56.0,19,12,13,11
2026-09-21,PHC-056,Guwahati PHC-2,Guwahati,Assam,16.9021,86.5958,Insulin,vials,52.8,19,12,13,9
2026-09-22,PHC-056,Guwahati PHC-2,Guwahati,Assam,16.9021,86.5958,Insulin,vials,49.4,19,8,13,10
2026-09-23,PHC-056,Guwahati PHC-2,Guwahati,Assam,16.9021,86.5958,Insulin,vials,46.1,19,10,13,8
2026-09-24,PHC-056,Guwahati PHC-2,Guwahati,Assam,16.9021,86.5958,Insulin,vials,43.3,19,11,13,10
2026-09-25,PHC-056,Guwahati PHC-2,Guwahati,Assam,16.9021,86.5958,Insulin,vials,40.0,19,15,13,9
2026-09-26,PHC-056,Guwahati PHC-2,Guwahati,Assam,16.9021,86.5958,Insulin,vials,37.3,19,15,13,10
2026-08-28,PHC-056,Guwahati PHC-2,Guwahati,Assam,16.9021,86.5958,Amoxicillin,strips,236.8,19,10,13,12
2026-08-29,PHC-056,Guwahati PHC-2,Guwahati,Assam,16.9021,86.5958,Amoxicillin,strips,224.6,19,10,13,11
2026-08-30,PHC-056,Guwahati PHC-2,Guwahati,Assam,16.9021,86.5958,Amoxicillin,strips,219.3,19,11,13,8
2026-08-31,PHC-056,Guwahati PHC-2,Guwahati,Assam,16.9021,86.5958,Amoxicillin,strips,208.6,19,13,13,10
2026-09-01,PHC-056,Guwahati PHC-2,Guwahati,Assam,16.9021,86.5958,Amoxicillin,strips,195.0,19,12,13,10
2026-09-02,PHC-056,Guwahati PHC-2,Guwahati,Assam,16.9021,86.5958,Amoxicillin,strips,185.9,19,10,13,10
2026-09-03,PHC-056,Guwahati PHC-2,Guwahati,Assam,16.9021,86.5958,Amoxicillin,strips,171.4,19,11,13,11
2026-09-04,PHC-056,Guwahati PHC-2,Guwahati,Assam,16.9021,86.5958,Amoxicillin,strips,163.0,19,13,13,11
2026-09-05,PHC-056,Guwahati PHC-2,Guwahati,Assam,16.9021,86.5958,Amoxicillin,strips,150.3,19,18,13,10
2026-09-06,PHC-056,Guwahati PHC-2,Guwahati,Assam,16.9021,86.5958,Amoxicillin,strips,142.9,19,11,13,11
2026-09-07,PHC-056,Guwahati PHC-2,Guwahati,Assam,16.9021,86.5958,Amoxicillin,strips,131.7,19,9,13,10
2026-09-08,PHC-056,Guwahati PHC-2,Guwahati,Assam,16.9021,86.5958,Amoxicillin,strips,125.6,19,7,13,10
2026-09-09,PHC-056,Guwahati PHC-2,Guwahati,Assam,16.9021,86.5958,Amoxicillin,strips,120.3,19,17,13,9
2026-09-10,PHC-056,Guwahati PHC-2,Guwahati,Assam,16.9021,86.5958,Amoxicillin,strips,113.5,19,9,13,11
2026-09-11,PHC-056,Guwahati PHC-2,Guwahati,Assam,16.9021,86.5958,Amoxicillin,strips,107.0,19,8,13,12
2026-09-12,PHC-056,Guwahati PHC-2,Guwahati,Assam,16.9021,86.5958,Amoxicillin,strips,91.5,19,11,13,12
2026-09-13,PHC-056,Guwahati PHC-2,Guwahati,Assam,16.9021,86.5958,Amoxicillin,strips,76.3,19,15,13,10
2026-09-14,PHC-056,Guwahati PHC-2,Guwahati,Assam,16.9021,86.5958,Amoxicillin,strips,61.3,19,9,13,10
2026-09-15,PHC-056,Guwahati PHC-2,Guwahati,Assam,16.9021,86.5958,Amoxicillin,strips,49.8,19,8,13,10
2026-09-16,PHC-056,Guwahati PHC-2,Guwahati,Assam,16.9021,86.5958,Amoxicillin,strips,41.0,19,8,13,9
2026-09-17,PHC-056,Guwahati PHC-2,Guwahati,Assam,16.9021,86.5958,Amoxicillin,strips,34.9,19,12,13,11
2026-09-18,PHC-056,Guwahati PHC-2,Guwahati,Assam,16.9021,86.5958,Amoxicillin,strips,22.6,19,9,13,12
2026-09-19,PHC-056,Guwahati PHC-2,Guwahati,Assam,16.9021,86.5958,Amoxicillin,strips,9.6,19,14,13,9
2026-09-20,PHC-056,Guwahati PHC-2,Guwahati,Assam,16.9021,86.5958,Amoxicillin,strips,3.4,19,16,13,9
2026-09-21,PHC-056,Guwahati PHC-2,Guwahati,Assam,16.9021,86.5958,Amoxicillin,strips,0.0,19,12,13,10
2026-09-22,PHC-056,Guwahati PHC-2,Guwahati,Assam,16.9021,86.5958,Amoxicillin,strips,0.0,19,12,13,12
2026-09-23,PHC-056,Guwahati PHC-2,Guwahati,Assam,16.9021,86.5958,Amoxicillin,strips,0.0,19,7,13,10
2026-09-24,PHC-056,Guwahati PHC-2,Guwahati,Assam,16.9021,86.5958,Amoxicillin,strips,0.0,19,15,13,11
2026-09-25,PHC-056,Guwahati PHC-2,Guwahati,Assam,16.9021,86.5958,Amoxicillin,strips,0.0,19,3,13,10
2026-09-26,PHC-056,Guwahati PHC-2,Guwahati,Assam,16.9021,86.5958,Amoxicillin,strips,0.0,19,7,13,12
2026-08-28,PHC-056,Guwahati PHC-2,Guwahati,Assam,16.9021,86.5958,Iron Folic Acid Tablets,strips,821.0,19,17,13,8
2026-08-29,PHC-056,Guwahati PHC-2,Guwahati,Assam,16.9021,86.5958,Iron Folic Acid Tablets,strips,775.0,19,15,13,10
2026-08-30,PHC-056,Guwahati PHC-2,Guwahati,Assam,16.9021,86.5958,Iron Folic Acid Tablets,strips,754.3,19,9,13,12
2026-08-31,PHC-056,Guwahati PHC-2,Guwahati,Assam,16.9021,86.5958,Iron Folic Acid Tablets,strips,701.1,19,11,13,9
2026-09-01,PHC-056,Guwahati PHC-2,Guwahati,Assam,16.9021,86.5958,Iron Folic Acid Tablets,strips,679.0,19,4,13,11
2026-09-02,PHC-056,Guwahati PHC-2,Guwahati,Assam,16.9021,86.5958,Iron Folic Acid Tablets,strips,631.1,19,11,13,10
2026-09-03,PHC-056,Guwahati PHC-2,Guwahati,Assam,16.9021,86.5958,Iron Folic Acid Tablets,strips,586.8,19,12,13,10
2026-09-04,PHC-056,Guwahati PHC-2,Guwahati,Assam,16.9021,86.5958,Iron Folic Acid Tablets,strips,545.6,19,17,13,11
2026-09-05,PHC-056,Guwahati PHC-2,Guwahati,Assam,16.9021,86.5958,Iron Folic Acid Tablets,strips,508.4,19,11,13,11
2026-09-06,PHC-056,Guwahati PHC-2,Guwahati,Assam,16.9021,86.5958,Iron Folic Acid Tablets,strips,479.6,19,9,13,11
2026-09-07,PHC-056,Guwahati PHC-2,Guwahati,Assam,16.9021,86.5958,Iron Folic Acid Tablets,strips,449.6,19,13,13,10
2026-09-08,PHC-056,Guwahati PHC-2,Guwahati,Assam,16.9021,86.5958,Iron Folic Acid Tablets,strips,418.9,19,11,13,11
2026-09-09,PHC-056,Guwahati PHC-2,Guwahati,Assam,16.9021,86.5958,Iron Folic Acid Tablets,strips,395.6,19,5,13,7
2026-09-10,PHC-056,Guwahati PHC-2,Guwahati,Assam,16.9021,86.5958,Iron Folic Acid Tablets,strips,345.2,19,8,13,9
2026-09-11,PHC-056,Guwahati PHC-2,Guwahati,Assam,16.9021,86.5958,Iron Folic Acid Tablets,strips,303.1,19,14,13,11
2026-09-12,PHC-056,Guwahati PHC-2,Guwahati,Assam,16.9021,86.5958,Iron Folic Acid Tablets,strips,278.2,19,12,13,9
2026-09-13,PHC-056,Guwahati PHC-2,Guwahati,Assam,16.9021,86.5958,Iron Folic Acid Tablets,strips,249.2,19,13,13,10
2026-09-14,PHC-056,Guwahati PHC-2,Guwahati,Assam,16.9021,86.5958,Iron Folic Acid Tablets,strips,208.5,19,13,13,10
2026-09-15,PHC-056,Guwahati PHC-2,Guwahati,Assam,16.9021,86.5958,Iron Folic Acid Tablets,strips,168.5,19,13,13,11
2026-09-16,PHC-056,Guwahati PHC-2,Guwahati,Assam,16.9021,86.5958,Iron Folic Acid Tablets,strips,133.9,19,7,13,10
2026-09-17,PHC-056,Guwahati PHC-2,Guwahati,Assam,16.9021,86.5958,Iron Folic Acid Tablets,strips,99.0,19,12,13,12
2026-09-18,PHC-056,Guwahati PHC-2,Guwahati,Assam,16.9021,86.5958,Iron Folic Acid Tablets,strips,56.0,19,19,13,10
2026-09-19,PHC-056,Guwahati PHC-2,Guwahati,Assam,16.9021,86.5958,Iron Folic Acid Tablets,strips,14.4,19,11,13,11
2026-09-20,PHC-056,Guwahati PHC-2,Guwahati,Assam,16.9021,86.5958,Iron Folic Acid Tablets,strips,0.0,19,14,13,10
2026-09-21,PHC-056,Guwahati PHC-2,Guwahati,Assam,16.9021,86.5958,Iron Folic Acid Tablets,strips,0.0,19,8,13,12
2026-09-22,PHC-056,Guwahati PHC-2,Guwahati,Assam,16.9021,86.5958,Iron Folic Acid Tablets,strips,0.0,19,5,13,12
2026-09-23,PHC-056,Guwahati PHC-2,Guwahati,Assam,16.9021,86.5958,Iron Folic Acid Tablets,strips,0.0,19,11,13,9
2026-09-24,PHC-056,Guwahati PHC-2,Guwahati,Assam,16.9021,86.5958,Iron Folic Acid Tablets,strips,0.0,19,12,13,12
2026-09-25,PHC-056,Guwahati PHC-2,Guwahati,Assam,16.9021,86.5958,Iron Folic Acid Tablets,strips,0.0,19,10,13,9
2026-09-26,PHC-056,Guwahati PHC-2,Guwahati,Assam,16.9021,86.5958,Iron Folic Acid Tablets,strips,0.0,19,14,13,11
2026-08-28,PHC-057,Guwahati PHC-3,Guwahati,Assam,15.6113,89.058,Paracetamol,units,632.1,22,15,7,4
2026-08-29,PHC-057,Guwahati PHC-3,Guwahati,Assam,15.6113,89.058,Paracetamol,units,621.6,22,14,7,7
2026-08-30,PHC-057,Guwahati PHC-3,Guwahati,Assam,15.6113,89.058,Paracetamol,units,608.2,22,20,7,7
2026-08-31,PHC-057,Guwahati PHC-3,Guwahati,Assam,15.6113,89.058,Paracetamol,units,596.2,22,17,7,5
2026-09-01,PHC-057,Guwahati PHC-3,Guwahati,Assam,15.6113,89.058,Paracetamol,units,583.8,22,15,7,4
2026-09-02,PHC-057,Guwahati PHC-3,Guwahati,Assam,15.6113,89.058,Paracetamol,units,564.8,22,16,7,6
2026-09-03,PHC-057,Guwahati PHC-3,Guwahati,Assam,15.6113,89.058,Paracetamol,units,548.4,22,16,7,6
2026-09-04,PHC-057,Guwahati PHC-3,Guwahati,Assam,15.6113,89.058,Paracetamol,units,534.7,22,8,7,7
2026-09-05,PHC-057,Guwahati PHC-3,Guwahati,Assam,15.6113,89.058,Paracetamol,units,527.7,22,22,7,5
2026-09-06,PHC-057,Guwahati PHC-3,Guwahati,Assam,15.6113,89.058,Paracetamol,units,520.4,22,14,7,6
2026-09-07,PHC-057,Guwahati PHC-3,Guwahati,Assam,15.6113,89.058,Paracetamol,units,501.9,22,12,7,6
2026-09-08,PHC-057,Guwahati PHC-3,Guwahati,Assam,15.6113,89.058,Paracetamol,units,493.5,22,15,7,6
2026-09-09,PHC-057,Guwahati PHC-3,Guwahati,Assam,15.6113,89.058,Paracetamol,units,486.6,22,16,7,5
2026-09-10,PHC-057,Guwahati PHC-3,Guwahati,Assam,15.6113,89.058,Paracetamol,units,477.4,22,12,7,4
2026-09-11,PHC-057,Guwahati PHC-3,Guwahati,Assam,15.6113,89.058,Paracetamol,units,466.5,22,12,7,6
2026-09-12,PHC-057,Guwahati PHC-3,Guwahati,Assam,15.6113,89.058,Paracetamol,units,449.2,22,9,7,6
2026-09-13,PHC-057,Guwahati PHC-3,Guwahati,Assam,15.6113,89.058,Paracetamol,units,440.1,22,11,7,6
2026-09-14,PHC-057,Guwahati PHC-3,Guwahati,Assam,15.6113,89.058,Paracetamol,units,425.9,22,7,7,6
2026-09-15,PHC-057,Guwahati PHC-3,Guwahati,Assam,15.6113,89.058,Paracetamol,units,415.1,22,12,7,7
2026-09-16,PHC-057,Guwahati PHC-3,Guwahati,Assam,15.6113,89.058,Paracetamol,units,399.8,22,19,7,6
2026-09-17,PHC-057,Guwahati PHC-3,Guwahati,Assam,15.6113,89.058,Paracetamol,units,391.8,22,14,7,4
2026-09-18,PHC-057,Guwahati PHC-3,Guwahati,Assam,15.6113,89.058,Paracetamol,units,382.8,22,16,7,7
2026-09-19,PHC-057,Guwahati PHC-3,Guwahati,Assam,15.6113,89.058,Paracetamol,units,366.1,22,19,7,5
2026-09-20,PHC-057,Guwahati PHC-3,Guwahati,Assam,15.6113,89.058,Paracetamol,units,349.3,22,14,7,4
2026-09-21,PHC-057,Guwahati PHC-3,Guwahati,Assam,15.6113,89.058,Paracetamol,units,340.8,22,21,7,4
2026-09-22,PHC-057,Guwahati PHC-3,Guwahati,Assam,15.6113,89.058,Paracetamol,units,326.8,22,9,7,4
2026-09-23,PHC-057,Guwahati PHC-3,Guwahati,Assam,15.6113,89.058,Paracetamol,units,310.8,22,16,7,4
2026-09-24,PHC-057,Guwahati PHC-3,Guwahati,Assam,15.6113,89.058,Paracetamol,units,296.3,22,11,7,6
2026-09-25,PHC-057,Guwahati PHC-3,Guwahati,Assam,15.6113,89.058,Paracetamol,units,281.3,22,7,7,6
2026-09-26,PHC-057,Guwahati PHC-3,Guwahati,Assam,15.6113,89.058,Paracetamol,units,272.6,22,16,7,4
2026-08-28,PHC-057,Guwahati PHC-3,Guwahati,Assam,15.6113,89.058,ORS Sachets,packets,408.4,22,9,7,5
2026-08-29,PHC-057,Guwahati PHC-3,Guwahati,Assam,15.6113,89.058,ORS Sachets,packets,409.6,22,9,7,7
2026-08-30,PHC-057,Guwahati PHC-3,Guwahati,Assam,15.6113,89.058,ORS Sachets,packets,412.7,22,5,7,3
2026-08-31,PHC-057,Guwahati PHC-3,Guwahati,Assam,15.6113,89.058,ORS Sachets,packets,409.4,22,8,7,5
2026-09-01,PHC-057,Guwahati PHC-3,Guwahati,Assam,15.6113,89.058,ORS Sachets,packets,409.2,22,14,7,6
2026-09-02,PHC-057,Guwahati PHC-3,Guwahati,Assam,15.6113,89.058,ORS Sachets,packets,411.8,22,13,7,5
2026-09-03,PHC-057,Guwahati PHC-3,Guwahati,Assam,15.6113,89.058,ORS Sachets,packets,413.6,22,10,7,5
2026-09-04,PHC-057,Guwahati PHC-3,Guwahati,Assam,15.6113,89.058,ORS Sachets,packets,411.5,22,11,7,4
2026-09-05,PHC-057,Guwahati PHC-3,Guwahati,Assam,15.6113,89.058,ORS Sachets,packets,410.9,22,13,7,4
2026-09-06,PHC-057,Guwahati PHC-3,Guwahati,Assam,15.6113,89.058,ORS Sachets,packets,407.8,22,16,7,6
2026-09-07,PHC-057,Guwahati PHC-3,Guwahati,Assam,15.6113,89.058,ORS Sachets,packets,408.8,22,8,7,7
2026-09-08,PHC-057,Guwahati PHC-3,Guwahati,Assam,15.6113,89.058,ORS Sachets,packets,402.9,22,15,7,6
2026-09-09,PHC-057,Guwahati PHC-3,Guwahati,Assam,15.6113,89.058,ORS Sachets,packets,395.3,22,12,7,5
2026-09-10,PHC-057,Guwahati PHC-3,Guwahati,Assam,15.6113,89.058,ORS Sachets,packets,395.1,22,11,7,5
2026-09-11,PHC-057,Guwahati PHC-3,Guwahati,Assam,15.6113,89.058,ORS Sachets,packets,395.3,22,10,7,6
2026-09-12,PHC-057,Guwahati PHC-3,Guwahati,Assam,15.6113,89.058,ORS Sachets,packets,389.9,22,15,7,6
2026-09-13,PHC-057,Guwahati PHC-3,Guwahati,Assam,15.6113,89.058,ORS Sachets,packets,389.3,22,12,7,6
2026-09-14,PHC-057,Guwahati PHC-3,Guwahati,Assam,15.6113,89.058,ORS Sachets,packets,391.7,22,8,7,6
2026-09-15,PHC-057,Guwahati PHC-3,Guwahati,Assam,15.6113,89.058,ORS Sachets,packets,393.9,22,10,7,4
2026-09-16,PHC-057,Guwahati PHC-3,Guwahati,Assam,15.6113,89.058,ORS Sachets,packets,391.9,22,14,7,3
2026-09-17,PHC-057,Guwahati PHC-3,Guwahati,Assam,15.6113,89.058,ORS Sachets,packets,392.8,22,12,7,6
2026-09-18,PHC-057,Guwahati PHC-3,Guwahati,Assam,15.6113,89.058,ORS Sachets,packets,392.6,22,13,7,5
2026-09-19,PHC-057,Guwahati PHC-3,Guwahati,Assam,15.6113,89.058,ORS Sachets,packets,392.2,22,11,7,4
2026-09-20,PHC-057,Guwahati PHC-3,Guwahati,Assam,15.6113,89.058,ORS Sachets,packets,386.9,22,13,7,7
2026-09-21,PHC-057,Guwahati PHC-3,Guwahati,Assam,15.6113,89.058,ORS Sachets,packets,387.7,22,14,7,5
2026-09-22,PHC-057,Guwahati PHC-3,Guwahati,Assam,15.6113,89.058,ORS Sachets,packets,386.8,22,15,7,6
2026-09-23,PHC-057,Guwahati PHC-3,Guwahati,Assam,15.6113,89.058,ORS Sachets,packets,389.8,22,12,7,6
2026-09-24,PHC-057,Guwahati PHC-3,Guwahati,Assam,15.6113,89.058,ORS Sachets,packets,396.4,22,11,7,6
2026-09-25,PHC-057,Guwahati PHC-3,Guwahati,Assam,15.6113,89.058,ORS Sachets,packets,394.7,22,12,7,4
2026-09-26,PHC-057,Guwahati PHC-3,Guwahati,Assam,15.6113,89.058,ORS Sachets,packets,397.7,22,15,7,4
2026-08-28,PHC-057,Guwahati PHC-3,Guwahati,Assam,15.6113,89.058,Insulin,vials,139.0,22,16,7,4
2026-08-29,PHC-057,Guwahati PHC-3,Guwahati,Assam,15.6113,89.058,Insulin,vials,139.4,22,19,7,6
2026-08-30,PHC-057,Guwahati PHC-3,Guwahati,Assam,15.6113,89.058,Insulin,vials,139.2,22,19,7,5
2026-08-31,PHC-057,Guwahati PHC-3,Guwahati,Assam,15.6113,89.058,Insulin,vials,139.0,22,16,7,7
2026-09-01,PHC-057,Guwahati PHC-3,Guwahati,Assam,15.6113,89.058,Insulin,vials,138.5,22,11,7,3
2026-09-02,PHC-057,Guwahati PHC-3,Guwahati,Assam,15.6113,89.058,Insulin,vials,138.6,22,10,7,3
2026-09-03,PHC-057,Guwahati PHC-3,Guwahati,Assam,15.6113,89.058,Insulin,vials,138.9,22,14,7,4
2026-09-04,PHC-057,Guwahati PHC-3,Guwahati,Assam,15.6113,89.058,Insulin,vials,138.7,22,16,7,4
2026-09-05,PHC-057,Guwahati PHC-3,Guwahati,Assam,15.6113,89.058,Insulin,vials,139.8,22,13,7,6
2026-09-06,PHC-057,Guwahati PHC-3,Guwahati,Assam,15.6113,89.058,Insulin,vials,138.3,22,11,7,6
2026-09-07,PHC-057,Guwahati PHC-3,Guwahati,Assam,15.6113,89.058,Insulin,vials,137.2,22,18,7,5
2026-09-08,PHC-057,Guwahati PHC-3,Guwahati,Assam,15.6113,89.058,Insulin,vials,138.0,22,19,7,6
2026-09-09,PHC-057,Guwahati PHC-3,Guwahati,Assam,15.6113,89.058,Insulin,vials,137.3,22,11,7,4
2026-09-10,PHC-057,Guwahati PHC-3,Guwahati,Assam,15.6113,89.058,Insulin,vials,137.7,22,13,7,7
2026-09-11,PHC-057,Guwahati PHC-3,Guwahati,Assam,15.6113,89.058,Insulin,vials,137.6,22,10,7,7
2026-09-12,PHC-057,Guwahati PHC-3,Guwahati,Assam,15.6113,89.058,Insulin,vials,138.1,22,15,7,6
2026-09-13,PHC-057,Guwahati PHC-3,Guwahati,Assam,15.6113,89.058,Insulin,vials,137.4,22,13,7,5
2026-09-14,PHC-057,Guwahati PHC-3,Guwahati,Assam,15.6113,89.058,Insulin,vials,137.3,22,7,7,3
2026-09-15,PHC-057,Guwahati PHC-3,Guwahati,Assam,15.6113,89.058,Insulin,vials,136.6,22,12,7,5
2026-09-16,PHC-057,Guwahati PHC-3,Guwahati,Assam,15.6113,89.058,Insulin,vials,136.1,22,16,7,5
2026-09-17,PHC-057,Guwahati PHC-3,Guwahati,Assam,15.6113,89.058,Insulin,vials,137.1,22,14,7,6
2026-09-18,PHC-057,Guwahati PHC-3,Guwahati,Assam,15.6113,89.058,Insulin,vials,138.6,22,15,7,7
2026-09-19,PHC-057,Guwahati PHC-3,Guwahati,Assam,15.6113,89.058,Insulin,vials,139.0,22,7,7,7
2026-09-20,PHC-057,Guwahati PHC-3,Guwahati,Assam,15.6113,89.058,Insulin,vials,138.5,22,8,7,5
2026-09-21,PHC-057,Guwahati PHC-3,Guwahati,Assam,15.6113,89.058,Insulin,vials,141.1,22,16,7,5
2026-09-22,PHC-057,Guwahati PHC-3,Guwahati,Assam,15.6113,89.058,Insulin,vials,139.1,22,9,7,4
2026-09-23,PHC-057,Guwahati PHC-3,Guwahati,Assam,15.6113,89.058,Insulin,vials,138.9,22,13,7,4
2026-09-24,PHC-057,Guwahati PHC-3,Guwahati,Assam,15.6113,89.058,Insulin,vials,138.0,22,12,7,6
2026-09-25,PHC-057,Guwahati PHC-3,Guwahati,Assam,15.6113,89.058,Insulin,vials,138.2,22,6,7,3
2026-09-26,PHC-057,Guwahati PHC-3,Guwahati,Assam,15.6113,89.058,Insulin,vials,139.4,22,12,7,7
2026-08-28,PHC-057,Guwahati PHC-3,Guwahati,Assam,15.6113,89.058,Amoxicillin,strips,528.9,22,14,7,5
2026-08-29,PHC-057,Guwahati PHC-3,Guwahati,Assam,15.6113,89.058,Amoxicillin,strips,517.6,22,15,7,6
2026-08-30,PHC-057,Guwahati PHC-3,Guwahati,Assam,15.6113,89.058,Amoxicillin,strips,504.3,22,14,7,5
2026-08-31,PHC-057,Guwahati PHC-3,Guwahati,Assam,15.6113,89.058,Amoxicillin,strips,496.3,22,12,7,4
2026-09-01,PHC-057,Guwahati PHC-3,Guwahati,Assam,15.6113,89.058,Amoxicillin,strips,488.0,22,11,7,5
2026-09-02,PHC-057,Guwahati PHC-3,Guwahati,Assam,15.6113,89.058,Amoxicillin,strips,472.6,22,16,7,5
2026-09-03,PHC-057,Guwahati PHC-3,Guwahati,Assam,15.6113,89.058,Amoxicillin,strips,462.6,22,18,7,6
2026-09-04,PHC-057,Guwahati PHC-3,Guwahati,Assam,15.6113,89.058,Amoxicillin,strips,447.1,22,18,7,7
2026-09-05,PHC-057,Guwahati PHC-3,Guwahati,Assam,15.6113,89.058,Amoxicillin,strips,438.4,22,12,7,5
2026-09-06,PHC-057,Guwahati PHC-3,Guwahati,Assam,15.6113,89.058,Amoxicillin,strips,429.4,22,14,7,6
2026-09-07,PHC-057,Guwahati PHC-3,Guwahati,Assam,15.6113,89.058,Amoxicillin,strips,417.0,22,13,7,7
2026-09-08,PHC-057,Guwahati PHC-3,Guwahati,Assam,15.6113,89.058,Amoxicillin,strips,411.1,22,19,7,5
2026-09-09,PHC-057,Guwahati PHC-3,Guwahati,Assam,15.6113,89.058,Amoxicillin,strips,398.3,22,11,7,5
2026-09-10,PHC-057,Guwahati PHC-3,Guwahati,Assam,15.6113,89.058,Amoxicillin,strips,389.0,22,12,7,6
2026-09-11,PHC-057,Guwahati PHC-3,Guwahati,Assam,15.6113,89.058,Amoxicillin,strips,377.6,22,13,7,4
2026-09-12,PHC-057,Guwahati PHC-3,Guwahati,Assam,15.6113,89.058,Amoxicillin,strips,364.9,22,15,7,5
2026-09-13,PHC-057,Guwahati PHC-3,Guwahati,Assam,15.6113,89.058,Amoxicillin,strips,351.2,22,14,7,4
2026-09-14,PHC-057,Guwahati PHC-3,Guwahati,Assam,15.6113,89.058,Amoxicillin,strips,344.6,22,12,7,7
2026-09-15,PHC-057,Guwahati PHC-3,Guwahati,Assam,15.6113,89.058,Amoxicillin,strips,330.4,22,4,7,5
2026-09-16,PHC-057,Guwahati PHC-3,Guwahati,Assam,15.6113,89.058,Amoxicillin,strips,315.0,22,10,7,4
2026-09-17,PHC-057,Guwahati PHC-3,Guwahati,Assam,15.6113,89.058,Amoxicillin,strips,303.4,22,9,7,7
2026-09-18,PHC-057,Guwahati PHC-3,Guwahati,Assam,15.6113,89.058,Amoxicillin,strips,295.5,22,16,7,5
2026-09-19,PHC-057,Guwahati PHC-3,Guwahati,Assam,15.6113,89.058,Amoxicillin,strips,280.3,22,12,7,7
2026-09-20,PHC-057,Guwahati PHC-3,Guwahati,Assam,15.6113,89.058,Amoxicillin,strips,266.9,22,10,7,6
2026-09-21,PHC-057,Guwahati PHC-3,Guwahati,Assam,15.6113,89.058,Amoxicillin,strips,255.1,22,12,7,6
2026-09-22,PHC-057,Guwahati PHC-3,Guwahati,Assam,15.6113,89.058,Amoxicillin,strips,241.6,22,6,7,5
2026-09-23,PHC-057,Guwahati PHC-3,Guwahati,Assam,15.6113,89.058,Amoxicillin,strips,230.6,22,14,7,4
2026-09-24,PHC-057,Guwahati PHC-3,Guwahati,Assam,15.6113,89.058,Amoxicillin,strips,216.5,22,18,7,5
2026-09-25,PHC-057,Guwahati PHC-3,Guwahati,Assam,15.6113,89.058,Amoxicillin,strips,206.4,22,15,7,4
2026-09-26,PHC-057,Guwahati PHC-3,Guwahati,Assam,15.6113,89.058,Amoxicillin,strips,198.8,22,11,7,5
2026-08-28,PHC-057,Guwahati PHC-3,Guwahati,Assam,15.6113,89.058,Iron Folic Acid Tablets,strips,598.7,22,16,7,5
2026-08-29,PHC-057,Guwahati PHC-3,Guwahati,Assam,15.6113,89.058,Iron Folic Acid Tablets,strips,600.0,22,16,7,4
2026-08-30,PHC-057,Guwahati PHC-3,Guwahati,Assam,15.6113,89.058,Iron Folic Acid Tablets,strips,598.3,22,12,7,4
2026-08-31,PHC-057,Guwahati PHC-3,Guwahati,Assam,15.6113,89.058,Iron Folic Acid Tablets,strips,595.0,22,12,7,6
2026-09-01,PHC-057,Guwahati PHC-3,Guwahati,Assam,15.6113,89.058,Iron Folic Acid Tablets,strips,583.2,22,16,7,5
2026-09-02,PHC-057,Guwahati PHC-3,Guwahati,Assam,15.6113,89.058,Iron Folic Acid Tablets,strips,576.2,22,13,7,5
2026-09-03,PHC-057,Guwahati PHC-3,Guwahati,Assam,15.6113,89.058,Iron Folic Acid Tablets,strips,568.7,22,10,7,7
2026-09-04,PHC-057,Guwahati PHC-3,Guwahati,Assam,15.6113,89.058,Iron Folic Acid Tablets,strips,571.2,22,12,7,5
2026-09-05,PHC-057,Guwahati PHC-3,Guwahati,Assam,15.6113,89.058,Iron Folic Acid Tablets,strips,582.8,22,14,7,5
2026-09-06,PHC-057,Guwahati PHC-3,Guwahati,Assam,15.6113,89.058,Iron Folic Acid Tablets,strips,587.1,22,3,7,6
2026-09-07,PHC-057,Guwahati PHC-3,Guwahati,Assam,15.6113,89.058,Iron Folic Acid Tablets,strips,581.9,22,13,7,6
2026-09-08,PHC-057,Guwahati PHC-3,Guwahati,Assam,15.6113,89.058,Iron Folic Acid Tablets,strips,588.2,22,14,7,5
2026-09-09,PHC-057,Guwahati PHC-3,Guwahati,Assam,15.6113,89.058,Iron Folic Acid Tablets,strips,590.8,22,20,7,6
2026-09-10,PHC-057,Guwahati PHC-3,Guwahati,Assam,15.6113,89.058,Iron Folic Acid Tablets,strips,591.6,22,19,7,4
2026-09-11,PHC-057,Guwahati PHC-3,Guwahati,Assam,15.6113,89.058,Iron Folic Acid Tablets,strips,592.4,22,15,7,2
2026-09-12,PHC-057,Guwahati PHC-3,Guwahati,Assam,15.6113,89.058,Iron Folic Acid Tablets,strips,591.2,22,15,7,6
2026-09-13,PHC-057,Guwahati PHC-3,Guwahati,Assam,15.6113,89.058,Iron Folic Acid Tablets,strips,581.6,22,10,7,6
2026-09-14,PHC-057,Guwahati PHC-3,Guwahati,Assam,15.6113,89.058,Iron Folic Acid Tablets,strips,578.2,22,13,7,4
2026-09-15,PHC-057,Guwahati PHC-3,Guwahati,Assam,15.6113,89.058,Iron Folic Acid Tablets,strips,583.3,22,15,7,7
2026-09-16,PHC-057,Guwahati PHC-3,Guwahati,Assam,15.6113,89.058,Iron Folic Acid Tablets,strips,583.6,22,12,7,7
2026-09-17,PHC-057,Guwahati PHC-3,Guwahati,Assam,15.6113,89.058,Iron Folic Acid Tablets,strips,578.5,22,19,7,4
2026-09-18,PHC-057,Guwahati PHC-3,Guwahati,Assam,15.6113,89.058,Iron Folic Acid Tablets,strips,585.8,22,10,7,6
2026-09-19,PHC-057,Guwahati PHC-3,Guwahati,Assam,15.6113,89.058,Iron Folic Acid Tablets,strips,574.8,22,13,7,7
2026-09-20,PHC-057,Guwahati PHC-3,Guwahati,Assam,15.6113,89.058,Iron Folic Acid Tablets,strips,574.2,22,21,7,5
2026-09-21,PHC-057,Guwahati PHC-3,Guwahati,Assam,15.6113,89.058,Iron Folic Acid Tablets,strips,583.1,22,16,7,7
2026-09-22,PHC-057,Guwahati PHC-3,Guwahati,Assam,15.6113,89.058,Iron Folic Acid Tablets,strips,587.5,22,13,7,5
2026-09-23,PHC-057,Guwahati PHC-3,Guwahati,Assam,15.6113,89.058,Iron Folic Acid Tablets,strips,588.9,22,19,7,6
2026-09-24,PHC-057,Guwahati PHC-3,Guwahati,Assam,15.6113,89.058,Iron Folic Acid Tablets,strips,580.8,22,13,7,4
2026-09-25,PHC-057,Guwahati PHC-3,Guwahati,Assam,15.6113,89.058,Iron Folic Acid Tablets,strips,580.0,22,11,7,6
2026-09-26,PHC-057,Guwahati PHC-3,Guwahati,Assam,15.6113,89.058,Iron Folic Acid Tablets,strips,567.5,22,7,7,5
2026-08-28,PHC-058,Dibrugarh PHC-1,Dibrugarh,Assam,20.3614,75.1193,Paracetamol,units,678.6,29,17,14,12
2026-08-29,PHC-058,Dibrugarh PHC-1,Dibrugarh,Assam,20.3614,75.1193,Paracetamol,units,673.7,29,21,14,12
2026-08-30,PHC-058,Dibrugarh PHC-1,Dibrugarh,Assam,20.3614,75.1193,Paracetamol,units,674.7,29,18,14,11
2026-08-31,PHC-058,Dibrugarh PHC-1,Dibrugarh,Assam,20.3614,75.1193,Paracetamol,units,680.7,29,15,14,11
2026-09-01,PHC-058,Dibrugarh PHC-1,Dibrugarh,Assam,20.3614,75.1193,Paracetamol,units,677.9,29,13,14,12
2026-09-02,PHC-058,Dibrugarh PHC-1,Dibrugarh,Assam,20.3614,75.1193,Paracetamol,units,682.5,29,20,14,9
2026-09-03,PHC-058,Dibrugarh PHC-1,Dibrugarh,Assam,20.3614,75.1193,Paracetamol,units,685.5,29,24,14,12
2026-09-04,PHC-058,Dibrugarh PHC-1,Dibrugarh,Assam,20.3614,75.1193,Paracetamol,units,694.3,29,20,14,13
2026-09-05,PHC-058,Dibrugarh PHC-1,Dibrugarh,Assam,20.3614,75.1193,Paracetamol,units,696.4,29,25,14,12
2026-09-06,PHC-058,Dibrugarh PHC-1,Dibrugarh,Assam,20.3614,75.1193,Paracetamol,units,696.6,29,17,14,13
2026-09-07,PHC-058,Dibrugarh PHC-1,Dibrugarh,Assam,20.3614,75.1193,Paracetamol,units,692.9,29,15,14,11
2026-09-08,PHC-058,Dibrugarh PHC-1,Dibrugarh,Assam,20.3614,75.1193,Paracetamol,units,696.9,29,16,14,12
2026-09-09,PHC-058,Dibrugarh PHC-1,Dibrugarh,Assam,20.3614,75.1193,Paracetamol,units,700.5,29,23,14,12
2026-09-10,PHC-058,Dibrugarh PHC-1,Dibrugarh,Assam,20.3614,75.1193,Paracetamol,units,703.3,29,22,14,12
2026-09-11,PHC-058,Dibrugarh PHC-1,Dibrugarh,Assam,20.3614,75.1193,Paracetamol,units,715.0,29,20,14,10
2026-09-12,PHC-058,Dibrugarh PHC-1,Dibrugarh,Assam,20.3614,75.1193,Paracetamol,units,719.3,29,22,14,11
2026-09-13,PHC-058,Dibrugarh PHC-1,Dibrugarh,Assam,20.3614,75.1193,Paracetamol,units,719.7,29,21,14,13
2026-09-14,PHC-058,Dibrugarh PHC-1,Dibrugarh,Assam,20.3614,75.1193,Paracetamol,units,731.6,29,18,14,13
2026-09-15,PHC-058,Dibrugarh PHC-1,Dibrugarh,Assam,20.3614,75.1193,Paracetamol,units,730.3,29,25,14,11
2026-09-16,PHC-058,Dibrugarh PHC-1,Dibrugarh,Assam,20.3614,75.1193,Paracetamol,units,721.3,29,22,14,13
2026-09-17,PHC-058,Dibrugarh PHC-1,Dibrugarh,Assam,20.3614,75.1193,Paracetamol,units,714.3,29,17,14,11
2026-09-18,PHC-058,Dibrugarh PHC-1,Dibrugarh,Assam,20.3614,75.1193,Paracetamol,units,711.7,29,19,14,11
2026-09-19,PHC-058,Dibrugarh PHC-1,Dibrugarh,Assam,20.3614,75.1193,Paracetamol,units,707.1,29,24,14,11
2026-09-20,PHC-058,Dibrugarh PHC-1,Dibrugarh,Assam,20.3614,75.1193,Paracetamol,units,708.3,29,19,14,10
2026-09-21,PHC-058,Dibrugarh PHC-1,Dibrugarh,Assam,20.3614,75.1193,Paracetamol,units,703.3,29,17,14,13
2026-09-22,PHC-058,Dibrugarh PHC-1,Dibrugarh,Assam,20.3614,75.1193,Paracetamol,units,699.2,29,17,14,11
2026-09-23,PHC-058,Dibrugarh PHC-1,Dibrugarh,Assam,20.3614,75.1193,Paracetamol,units,699.1,29,20,14,11
2026-09-24,PHC-058,Dibrugarh PHC-1,Dibrugarh,Assam,20.3614,75.1193,Paracetamol,units,705.8,29,19,14,13
2026-09-25,PHC-058,Dibrugarh PHC-1,Dibrugarh,Assam,20.3614,75.1193,Paracetamol,units,699.1,29,18,14,11
2026-09-26,PHC-058,Dibrugarh PHC-1,Dibrugarh,Assam,20.3614,75.1193,Paracetamol,units,693.9,29,16,14,11
2026-08-28,PHC-058,Dibrugarh PHC-1,Dibrugarh,Assam,20.3614,75.1193,ORS Sachets,packets,325.1,29,22,14,11
2026-08-29,PHC-058,Dibrugarh PHC-1,Dibrugarh,Assam,20.3614,75.1193,ORS Sachets,packets,320.1,29,20,14,10
2026-08-30,PHC-058,Dibrugarh PHC-1,Dibrugarh,Assam,20.3614,75.1193,ORS Sachets,packets,327.9,29,11,14,13
2026-08-31,PHC-058,Dibrugarh PHC-1,Dibrugarh,Assam,20.3614,75.1193,ORS Sachets,packets,320.1,29,12,14,12
2026-09-01,PHC-058,Dibrugarh PHC-1,Dibrugarh,Assam,20.3614,75.1193,ORS Sachets,packets,313.3,29,17,14,12
2026-09-02,PHC-058,Dibrugarh PHC-1,Dibrugarh,Assam,20.3614,75.1193,ORS Sachets,packets,311.8,29,19,14,13
2026-09-03,PHC-058,Dibrugarh PHC-1,Dibrugarh,Assam,20.3614,75.1193,ORS Sachets,packets,313.3,29,17,14,11
2026-09-04,PHC-058,Dibrugarh PHC-1,Dibrugarh,Assam,20.3614,75.1193,ORS Sachets,packets,311.6,29,22,14,10
2026-09-05,PHC-058,Dibrugarh PHC-1,Dibrugarh,Assam,20.3614,75.1193,ORS Sachets,packets,311.5,29,19,14,12
2026-09-06,PHC-058,Dibrugarh PHC-1,Dibrugarh,Assam,20.3614,75.1193,ORS Sachets,packets,311.7,29,14,14,11
2026-09-07,PHC-058,Dibrugarh PHC-1,Dibrugarh,Assam,20.3614,75.1193,ORS Sachets,packets,313.7,29,12,14,11
2026-09-08,PHC-058,Dibrugarh PHC-1,Dibrugarh,Assam,20.3614,75.1193,ORS Sachets,packets,314.3,29,12,14,11
2026-09-09,PHC-058,Dibrugarh PHC-1,Dibrugarh,Assam,20.3614,75.1193,ORS Sachets,packets,314.1,29,24,14,10
2026-09-10,PHC-058,Dibrugarh PHC-1,Dibrugarh,Assam,20.3614,75.1193,ORS Sachets,packets,312.2,29,21,14,13
2026-09-11,PHC-058,Dibrugarh PHC-1,Dibrugarh,Assam,20.3614,75.1193,ORS Sachets,packets,308.6,29,17,14,14
2026-09-12,PHC-058,Dibrugarh PHC-1,Dibrugarh,Assam,20.3614,75.1193,ORS Sachets,packets,309.1,29,18,14,10
2026-09-13,PHC-058,Dibrugarh PHC-1,Dibrugarh,Assam,20.3614,75.1193,ORS Sachets,packets,310.9,29,8,14,10
2026-09-14,PHC-058,Dibrugarh PHC-1,Dibrugarh,Assam,20.3614,75.1193,ORS Sachets,packets,312.5,29,14,14,12
2026-09-15,PHC-058,Dibrugarh PHC-1,Dibrugarh,Assam,20.3614,75.1193,ORS Sachets,packets,312.6,29,19,14,12
2026-09-16,PHC-058,Dibrugarh PHC-1,Dibrugarh,Assam,20.3614,75.1193,ORS Sachets,packets,313.5,29,18,14,11
2026-09-17,PHC-058,Dibrugarh PHC-1,Dibrugarh,Assam,20.3614,75.1193,ORS Sachets,packets,317.2,29,15,14,13
2026-09-18,PHC-058,Dibrugarh PHC-1,Dibrugarh,Assam,20.3614,75.1193,ORS Sachets,packets,319.1,29,25,14,11
2026-09-19,PHC-058,Dibrugarh PHC-1,Dibrugarh,Assam,20.3614,75.1193,ORS Sachets,packets,317.5,29,17,14,12
2026-09-20,PHC-058,Dibrugarh PHC-1,Dibrugarh,Assam,20.3614,75.1193,ORS Sachets,packets,316.5,29,25,14,11
2026-09-21,PHC-058,Dibrugarh PHC-1,Dibrugarh,Assam,20.3614,75.1193,ORS Sachets,packets,318.8,29,21,14,13
2026-09-22,PHC-058,Dibrugarh PHC-1,Dibrugarh,Assam,20.3614,75.1193,ORS Sachets,packets,320.2,29,16,14,9
2026-09-23,PHC-058,Dibrugarh PHC-1,Dibrugarh,Assam,20.3614,75.1193,ORS Sachets,packets,321.1,29,12,14,9
2026-09-24,PHC-058,Dibrugarh PHC-1,Dibrugarh,Assam,20.3614,75.1193,ORS Sachets,packets,323.8,29,16,14,12
2026-09-25,PHC-058,Dibrugarh PHC-1,Dibrugarh,Assam,20.3614,75.1193,ORS Sachets,packets,327.4,29,26,14,14
2026-09-26,PHC-058,Dibrugarh PHC-1,Dibrugarh,Assam,20.3614,75.1193,ORS Sachets,packets,326.1,29,17,14,13
2026-08-28,PHC-058,Dibrugarh PHC-1,Dibrugarh,Assam,20.3614,75.1193,Insulin,vials,85.9,29,13,14,10
2026-08-29,PHC-058,Dibrugarh PHC-1,Dibrugarh,Assam,20.3614,75.1193,Insulin,vials,87.0,29,14,14,13
2026-08-30,PHC-058,Dibrugarh PHC-1,Dibrugarh,Assam,20.3614,75.1193,Insulin,vials,86.4,29,18,14,12
2026-08-31,PHC-058,Dibrugarh PHC-1,Dibrugarh,Assam,20.3614,75.1193,Insulin,vials,86.6,29,24,14,12
2026-09-01,PHC-058,Dibrugarh PHC-1,Dibrugarh,Assam,20.3614,75.1193,Insulin,vials,84.5,29,12,14,13
2026-09-02,PHC-058,Dibrugarh PHC-1,Dibrugarh,Assam,20.3614,75.1193,Insulin,vials,84.1,29,21,14,14
2026-09-03,PHC-058,Dibrugarh PHC-1,Dibrugarh,Assam,20.3614,75.1193,Insulin,vials,84.0,29,17,14,11
2026-09-04,PHC-058,Dibrugarh PHC-1,Dibrugarh,Assam,20.3614,75.1193,Insulin,vials,83.6,29,21,14,11
2026-09-05,PHC-058,Dibrugarh PHC-1,Dibrugarh,Assam,20.3614,75.1193,Insulin,vials,83.5,29,15,14,13
2026-09-06,PHC-058,Dibrugarh PHC-1,Dibrugarh,Assam,20.3614,75.1193,Insulin,vials,83.4,29,17,14,13
2026-09-07,PHC-058,Dibrugarh PHC-1,Dibrugarh,Assam,20.3614,75.1193,Insulin,vials,84.1,29,16,14,13
2026-09-08,PHC-058,Dibrugarh PHC-1,Dibrugarh,Assam,20.3614,75.1193,Insulin,vials,85.1,29,21,14,10
2026-09-09,PHC-058,Dibrugarh PHC-1,Dibrugarh,Assam,20.3614,75.1193,Insulin,vials,86.1,29,22,14,13
2026-09-10,PHC-058,Dibrugarh PHC-1,Dibrugarh,Assam,20.3614,75.1193,Insulin,vials,87.4,29,14,14,10
2026-09-11,PHC-058,Dibrugarh PHC-1,Dibrugarh,Assam,20.3614,75.1193,Insulin,vials,88.2,29,12,14,10
2026-09-12,PHC-058,Dibrugarh PHC-1,Dibrugarh,Assam,20.3614,75.1193,Insulin,vials,89.0,29,11,14,12
2026-09-13,PHC-058,Dibrugarh PHC-1,Dibrugarh,Assam,20.3614,75.1193,Insulin,vials,88.0,29,13,14,12
2026-09-14,PHC-058,Dibrugarh PHC-1,Dibrugarh,Assam,20.3614,75.1193,Insulin,vials,87.9,29,19,14,12
2026-09-15,PHC-058,Dibrugarh PHC-1,Dibrugarh,Assam,20.3614,75.1193,Insulin,vials,88.2,29,12,14,12
2026-09-16,PHC-058,Dibrugarh PHC-1,Dibrugarh,Assam,20.3614,75.1193,Insulin,vials,88.0,29,16,14,14
2026-09-17,PHC-058,Dibrugarh PHC-1,Dibrugarh,Assam,20.3614,75.1193,Insulin,vials,88.5,29,21,14,11
2026-09-18,PHC-058,Dibrugarh PHC-1,Dibrugarh,Assam,20.3614,75.1193,Insulin,vials,88.0,29,17,14,12
2026-09-19,PHC-058,Dibrugarh PHC-1,Dibrugarh,Assam,20.3614,75.1193,Insulin,vials,92.4,29,15,14,13
2026-09-20,PHC-058,Dibrugarh PHC-1,Dibrugarh,Assam,20.3614,75.1193,Insulin,vials,92.5,29,23,14,9
2026-09-21,PHC-058,Dibrugarh PHC-1,Dibrugarh,Assam,20.3614,75.1193,Insulin,vials,92.0,29,15,14,11
2026-09-22,PHC-058,Dibrugarh PHC-1,Dibrugarh,Assam,20.3614,75.1193,Insulin,vials,91.1,29,19,14,11
2026-09-23,PHC-058,Dibrugarh PHC-1,Dibrugarh,Assam,20.3614,75.1193,Insulin,vials,92.1,29,19,14,11
2026-09-24,PHC-058,Dibrugarh PHC-1,Dibrugarh,Assam,20.3614,75.1193,Insulin,vials,93.1,29,28,14,11
2026-09-25,PHC-058,Dibrugarh PHC-1,Dibrugarh,Assam,20.3614,75.1193,Insulin,vials,91.6,29,15,14,11
2026-09-26,PHC-058,Dibrugarh PHC-1,Dibrugarh,Assam,20.3614,75.1193,Insulin,vials,90.9,29,16,14,10
2026-08-28,PHC-058,Dibrugarh PHC-1,Dibrugarh,Assam,20.3614,75.1193,Amoxicillin,strips,467.4,29,9,14,11
2026-08-29,PHC-058,Dibrugarh PHC-1,Dibrugarh,Assam,20.3614,75.1193,Amoxicillin,strips,470.4,29,15,14,11
2026-08-30,PHC-058,Dibrugarh PHC-1,Dibrugarh,Assam,20.3614,75.1193,Amoxicillin,strips,476.0,29,15,14,13
2026-08-31,PHC-058,Dibrugarh PHC-1,Dibrugarh,Assam,20.3614,75.1193,Amoxicillin,strips,481.9,29,18,14,10
2026-09-01,PHC-058,Dibrugarh PHC-1,Dibrugarh,Assam,20.3614,75.1193,Amoxicillin,strips,485.5,29,15,14,12
2026-09-02,PHC-058,Dibrugarh PHC-1,Dibrugarh,Assam,20.3614,75.1193,Amoxicillin,strips,489.6,29,10,14,13
2026-09-03,PHC-058,Dibrugarh PHC-1,Dibrugarh,Assam,20.3614,75.1193,Amoxicillin,strips,493.0,29,23,14,11
2026-09-04,PHC-058,Dibrugarh PHC-1,Dibrugarh,Assam,20.3614,75.1193,Amoxicillin,strips,498.1,29,12,14,11
2026-09-05,PHC-058,Dibrugarh PHC-1,Dibrugarh,Assam,20.3614,75.1193,Amoxicillin,strips,501.5,29,14,14,12
2026-09-06,PHC-058,Dibrugarh PHC-1,Dibrugarh,Assam,20.3614,75.1193,Amoxicillin,strips,505.0,29,15,14,13
2026-09-07,PHC-058,Dibrugarh PHC-1,Dibrugarh,Assam,20.3614,75.1193,Amoxicillin,strips,509.7,29,17,14,10
2026-09-08,PHC-058,Dibrugarh PHC-1,Dibrugarh,Assam,20.3614,75.1193,Amoxicillin,strips,514.7,29,15,14,13
2026-09-09,PHC-058,Dibrugarh PHC-1,Dibrugarh,Assam,20.3614,75.1193,Amoxicillin,strips,518.0,29,19,14,9
2026-09-10,PHC-058,Dibrugarh PHC-1,Dibrugarh,Assam,20.3614,75.1193,Amoxicillin,strips,521.2,29,16,14,12
2026-09-11,PHC-058,Dibrugarh PHC-1,Dibrugarh,Assam,20.3614,75.1193,Amoxicillin,strips,527.1,29,13,14,11
2026-09-12,PHC-058,Dibrugarh PHC-1,Dibrugarh,Assam,20.3614,75.1193,Amoxicillin,strips,529.3,29,19,14,12
2026-09-13,PHC-058,Dibrugarh PHC-1,Dibrugarh,Assam,20.3614,75.1193,Amoxicillin,strips,534.6,29,25,14,12
2026-09-14,PHC-058,Dibrugarh PHC-1,Dibrugarh,Assam,20.3614,75.1193,Amoxicillin,strips,539.2,29,19,14,12
2026-09-15,PHC-058,Dibrugarh PHC-1,Dibrugarh,Assam,20.3614,75.1193,Amoxicillin,strips,543.3,29,16,14,13
2026-09-16,PHC-058,Dibrugarh PHC-1,Dibrugarh,Assam,20.3614,75.1193,Amoxicillin,strips,547.7,29,8,14,13
2026-09-17,PHC-058,Dibrugarh PHC-1,Dibrugarh,Assam,20.3614,75.1193,Amoxicillin,strips,549.7,29,18,14,13
2026-09-18,PHC-058,Dibrugarh PHC-1,Dibrugarh,Assam,20.3614,75.1193,Amoxicillin,strips,553.7,29,20,14,13
2026-09-19,PHC-058,Dibrugarh PHC-1,Dibrugarh,Assam,20.3614,75.1193,Amoxicillin,strips,556.5,29,11,14,13
2026-09-20,PHC-058,Dibrugarh PHC-1,Dibrugarh,Assam,20.3614,75.1193,Amoxicillin,strips,558.7,29,19,14,13
2026-09-21,PHC-058,Dibrugarh PHC-1,Dibrugarh,Assam,20.3614,75.1193,Amoxicillin,strips,562.8,29,19,14,11
2026-09-22,PHC-058,Dibrugarh PHC-1,Dibrugarh,Assam,20.3614,75.1193,Amoxicillin,strips,568.6,29,14,14,11
2026-09-23,PHC-058,Dibrugarh PHC-1,Dibrugarh,Assam,20.3614,75.1193,Amoxicillin,strips,570.6,29,10,14,12
2026-09-24,PHC-058,Dibrugarh PHC-1,Dibrugarh,Assam,20.3614,75.1193,Amoxicillin,strips,573.1,29,18,14,12
2026-09-25,PHC-058,Dibrugarh PHC-1,Dibrugarh,Assam,20.3614,75.1193,Amoxicillin,strips,578.3,29,12,14,11
2026-09-26,PHC-058,Dibrugarh PHC-1,Dibrugarh,Assam,20.3614,75.1193,Amoxicillin,strips,582.0,29,18,14,10
2026-08-28,PHC-058,Dibrugarh PHC-1,Dibrugarh,Assam,20.3614,75.1193,Iron Folic Acid Tablets,strips,336.7,29,13,14,12
2026-08-29,PHC-058,Dibrugarh PHC-1,Dibrugarh,Assam,20.3614,75.1193,Iron Folic Acid Tablets,strips,302.9,29,19,14,12
2026-08-30,PHC-058,Dibrugarh PHC-1,Dibrugarh,Assam,20.3614,75.1193,Iron Folic Acid Tablets,strips,267.0,29,18,14,10
2026-08-31,PHC-058,Dibrugarh PHC-1,Dibrugarh,Assam,20.3614,75.1193,Iron Folic Acid Tablets,strips,247.4,29,18,14,10
2026-09-01,PHC-058,Dibrugarh PHC-1,Dibrugarh,Assam,20.3614,75.1193,Iron Folic Acid Tablets,strips,219.8,29,19,14,13
2026-09-02,PHC-058,Dibrugarh PHC-1,Dibrugarh,Assam,20.3614,75.1193,Iron Folic Acid Tablets,strips,179.6,29,17,14,11
2026-09-03,PHC-058,Dibrugarh PHC-1,Dibrugarh,Assam,20.3614,75.1193,Iron Folic Acid Tablets,strips,152.3,29,18,14,11
2026-09-04,PHC-058,Dibrugarh PHC-1,Dibrugarh,Assam,20.3614,75.1193,Iron Folic Acid Tablets,strips,113.5,29,22,14,14
2026-09-05,PHC-058,Dibrugarh PHC-1,Dibrugarh,Assam,20.3614,75.1193,Iron Folic Acid Tablets,strips,90.9,29,15,14,10
2026-09-06,PHC-058,Dibrugarh PHC-1,Dibrugarh,Assam,20.3614,75.1193,Iron Folic Acid Tablets,strips,44.8,29,20,14,12
2026-09-07,PHC-058,Dibrugarh PHC-1,Dibrugarh,Assam,20.3614,75.1193,Iron Folic Acid Tablets,strips,1.9,29,14,14,11
2026-09-08,PHC-058,Dibrugarh PHC-1,Dibrugarh,Assam,20.3614,75.1193,Iron Folic Acid Tablets,strips,0.0,29,13,14,13
2026-09-09,PHC-058,Dibrugarh PHC-1,Dibrugarh,Assam,20.3614,75.1193,Iron Folic Acid Tablets,strips,0.0,29,14,14,10
2026-09-10,PHC-058,Dibrugarh PHC-1,Dibrugarh,Assam,20.3614,75.1193,Iron Folic Acid Tablets,strips,0.0,29,19,14,10
2026-09-11,PHC-058,Dibrugarh PHC-1,Dibrugarh,Assam,20.3614,75.1193,Iron Folic Acid Tablets,strips,0.0,29,16,14,12
2026-09-12,PHC-058,Dibrugarh PHC-1,Dibrugarh,Assam,20.3614,75.1193,Iron Folic Acid Tablets,strips,0.0,29,24,14,11
2026-09-13,PHC-058,Dibrugarh PHC-1,Dibrugarh,Assam,20.3614,75.1193,Iron Folic Acid Tablets,strips,0.0,29,11,14,12
2026-09-14,PHC-058,Dibrugarh PHC-1,Dibrugarh,Assam,20.3614,75.1193,Iron Folic Acid Tablets,strips,0.0,29,18,14,14
2026-09-15,PHC-058,Dibrugarh PHC-1,Dibrugarh,Assam,20.3614,75.1193,Iron Folic Acid Tablets,strips,0.0,29,15,14,12
2026-09-16,PHC-058,Dibrugarh PHC-1,Dibrugarh,Assam,20.3614,75.1193,Iron Folic Acid Tablets,strips,0.0,29,13,14,10
2026-09-17,PHC-058,Dibrugarh PHC-1,Dibrugarh,Assam,20.3614,75.1193,Iron Folic Acid Tablets,strips,0.0,29,17,14,13
2026-09-18,PHC-058,Dibrugarh PHC-1,Dibrugarh,Assam,20.3614,75.1193,Iron Folic Acid Tablets,strips,0.0,29,13,14,13
2026-09-19,PHC-058,Dibrugarh PHC-1,Dibrugarh,Assam,20.3614,75.1193,Iron Folic Acid Tablets,strips,0.0,29,17,14,12
2026-09-20,PHC-058,Dibrugarh PHC-1,Dibrugarh,Assam,20.3614,75.1193,Iron Folic Acid Tablets,strips,0.0,29,19,14,12
2026-09-21,PHC-058,Dibrugarh PHC-1,Dibrugarh,Assam,20.3614,75.1193,Iron Folic Acid Tablets,strips,0.0,29,14,14,10
2026-09-22,PHC-058,Dibrugarh PHC-1,Dibrugarh,Assam,20.3614,75.1193,Iron Folic Acid Tablets,strips,0.0,29,12,14,11
2026-09-23,PHC-058,Dibrugarh PHC-1,Dibrugarh,Assam,20.3614,75.1193,Iron Folic Acid Tablets,strips,0.0,29,24,14,13
2026-09-24,PHC-058,Dibrugarh PHC-1,Dibrugarh,Assam,20.3614,75.1193,Iron Folic Acid Tablets,strips,0.0,29,17,14,13
2026-09-25,PHC-058,Dibrugarh PHC-1,Dibrugarh,Assam,20.3614,75.1193,Iron Folic Acid Tablets,strips,0.0,29,25,14,10
2026-09-26,PHC-058,Dibrugarh PHC-1,Dibrugarh,Assam,20.3614,75.1193,Iron Folic Acid Tablets,strips,0.0,29,11,14,12
2026-08-28,PHC-059,Dibrugarh PHC-2,Dibrugarh,Assam,11.9506,70.8982,Paracetamol,units,527.7,15,9,9,8
2026-08-29,PHC-059,Dibrugarh PHC-2,Dibrugarh,Assam,11.9506,70.8982,Paracetamol,units,531.3,15,8,9,8
2026-08-30,PHC-059,Dibrugarh PHC-2,Dibrugarh,Assam,11.9506,70.8982,Paracetamol,units,537.0,15,10,9,7
2026-08-31,PHC-059,Dibrugarh PHC-2,Dibrugarh,Assam,11.9506,70.8982,Paracetamol,units,542.6,15,6,9,4
2026-09-01,PHC-059,Dibrugarh PHC-2,Dibrugarh,Assam,11.9506,70.8982,Paracetamol,units,547.5,15,4,9,9
2026-09-02,PHC-059,Dibrugarh PHC-2,Dibrugarh,Assam,11.9506,70.8982,Paracetamol,units,552.2,15,6,9,9
2026-09-03,PHC-059,Dibrugarh PHC-2,Dibrugarh,Assam,11.9506,70.8982,Paracetamol,units,558.5,15,8,9,8
2026-09-04,PHC-059,Dibrugarh PHC-2,Dibrugarh,Assam,11.9506,70.8982,Paracetamol,units,562.1,15,11,9,6
2026-09-05,PHC-059,Dibrugarh PHC-2,Dibrugarh,Assam,11.9506,70.8982,Paracetamol,units,567.3,15,8,9,6
2026-09-06,PHC-059,Dibrugarh PHC-2,Dibrugarh,Assam,11.9506,70.8982,Paracetamol,units,571.7,15,4,9,8
2026-09-07,PHC-059,Dibrugarh PHC-2,Dibrugarh,Assam,11.9506,70.8982,Paracetamol,units,578.1,15,7,9,7
2026-09-08,PHC-059,Dibrugarh PHC-2,Dibrugarh,Assam,11.9506,70.8982,Paracetamol,units,584.5,15,11,9,6
2026-09-09,PHC-059,Dibrugarh PHC-2,Dibrugarh,Assam,11.9506,70.8982,Paracetamol,units,588.5,15,8,9,6
2026-09-10,PHC-059,Dibrugarh PHC-2,Dibrugarh,Assam,11.9506,70.8982,Paracetamol,units,592.3,15,7,9,5
2026-09-11,PHC-059,Dibrugarh PHC-2,Dibrugarh,Assam,11.9506,70.8982,Paracetamol,units,599.4,15,12,9,7
2026-09-12,PHC-059,Dibrugarh PHC-2,Dibrugarh,Assam,11.9506,70.8982,Paracetamol,units,603.8,15,8,9,7
2026-09-13,PHC-059,Dibrugarh PHC-2,Dibrugarh,Assam,11.9506,70.8982,Paracetamol,units,606.6,15,9,9,5
2026-09-14,PHC-059,Dibrugarh PHC-2,Dibrugarh,Assam,11.9506,70.8982,Paracetamol,units,610.3,15,11,9,8
2026-09-15,PHC-059,Dibrugarh PHC-2,Dibrugarh,Assam,11.9506,70.8982,Paracetamol,units,613.9,15,8,9,8
2026-09-16,PHC-059,Dibrugarh PHC-2,Dibrugarh,Assam,11.9506,70.8982,Paracetamol,units,621.1,15,9,9,8
2026-09-17,PHC-059,Dibrugarh PHC-2,Dibrugarh,Assam,11.9506,70.8982,Paracetamol,units,624.3,15,11,9,7
2026-09-18,PHC-059,Dibrugarh PHC-2,Dibrugarh,Assam,11.9506,70.8982,Paracetamol,units,629.9,15,11,9,7
2026-09-19,PHC-059,Dibrugarh PHC-2,Dibrugarh,Assam,11.9506,70.8982,Paracetamol,units,635.3,15,9,9,8
2026-09-20,PHC-059,Dibrugarh PHC-2,Dibrugarh,Assam,11.9506,70.8982,Paracetamol,units,639.5,15,11,9,7
2026-09-21,PHC-059,Dibrugarh PHC-2,Dibrugarh,Assam,11.9506,70.8982,Paracetamol,units,645.2,15,7,9,7
2026-09-22,PHC-059,Dibrugarh PHC-2,Dibrugarh,Assam,11.9506,70.8982,Paracetamol,units,652.6,15,9,9,9
2026-09-23,PHC-059,Dibrugarh PHC-2,Dibrugarh,Assam,11.9506,70.8982,Paracetamol,units,658.7,15,9,9,8
2026-09-24,PHC-059,Dibrugarh PHC-2,Dibrugarh,Assam,11.9506,70.8982,Paracetamol,units,663.2,15,6,9,8
2026-09-25,PHC-059,Dibrugarh PHC-2,Dibrugarh,Assam,11.9506,70.8982,Paracetamol,units,668.7,15,11,9,7
2026-09-26,PHC-059,Dibrugarh PHC-2,Dibrugarh,Assam,11.9506,70.8982,Paracetamol,units,672.3,15,11,9,8
2026-08-28,PHC-059,Dibrugarh PHC-2,Dibrugarh,Assam,11.9506,70.8982,ORS Sachets,packets,334.4,15,10,9,8
2026-08-29,PHC-059,Dibrugarh PHC-2,Dibrugarh,Assam,11.9506,70.8982,ORS Sachets,packets,334.4,15,9,9,7
2026-08-30,PHC-059,Dibrugarh PHC-2,Dibrugarh,Assam,11.9506,70.8982,ORS Sachets,packets,335.2,15,6,9,8
2026-08-31,PHC-059,Dibrugarh PHC-2,Dibrugarh,Assam,11.9506,70.8982,ORS Sachets,packets,330.4,15,8,9,7
2026-09-01,PHC-059,Dibrugarh PHC-2,Dibrugarh,Assam,11.9506,70.8982,ORS Sachets,packets,328.4,15,9,9,8
2026-09-02,PHC-059,Dibrugarh PHC-2,Dibrugarh,Assam,11.9506,70.8982,ORS Sachets,packets,329.1,15,7,9,6
2026-09-03,PHC-059,Dibrugarh PHC-2,Dibrugarh,Assam,11.9506,70.8982,ORS Sachets,packets,330.4,15,10,9,6
2026-09-04,PHC-059,Dibrugarh PHC-2,Dibrugarh,Assam,11.9506,70.8982,ORS Sachets,packets,329.8,15,10,9,8
2026-09-05,PHC-059,Dibrugarh PHC-2,Dibrugarh,Assam,11.9506,70.8982,ORS Sachets,packets,334.1,15,9,9,7
2026-09-06,PHC-059,Dibrugarh PHC-2,Dibrugarh,Assam,11.9506,70.8982,ORS Sachets,packets,334.2,15,7,9,6
2026-09-07,PHC-059,Dibrugarh PHC-2,Dibrugarh,Assam,11.9506,70.8982,ORS Sachets,packets,330.5,15,12,9,7
2026-09-08,PHC-059,Dibrugarh PHC-2,Dibrugarh,Assam,11.9506,70.8982,ORS Sachets,packets,331.9,15,10,9,6
2026-09-09,PHC-059,Dibrugarh PHC-2,Dibrugarh,Assam,11.9506,70.8982,ORS Sachets,packets,339.5,15,9,9,6
2026-09-10,PHC-059,Dibrugarh PHC-2,Dibrugarh,Assam,11.9506,70.8982,ORS Sachets,packets,340.4,15,9,9,6
2026-09-11,PHC-059,Dibrugarh PHC-2,Dibrugarh,Assam,11.9506,70.8982,ORS Sachets,packets,341.9,15,7,9,6
2026-09-12,PHC-059,Dibrugarh PHC-2,Dibrugarh,Assam,11.9506,70.8982,ORS Sachets,packets,336.7,15,9,9,9
2026-09-13,PHC-059,Dibrugarh PHC-2,Dibrugarh,Assam,11.9506,70.8982,ORS Sachets,packets,338.2,15,10,9,5
2026-09-14,PHC-059,Dibrugarh PHC-2,Dibrugarh,Assam,11.9506,70.8982,ORS Sachets,packets,340.2,15,6,9,6
2026-09-15,PHC-059,Dibrugarh PHC-2,Dibrugarh,Assam,11.9506,70.8982,ORS Sachets,packets,341.7,15,7,9,7
2026-09-16,PHC-059,Dibrugarh PHC-2,Dibrugarh,Assam,11.9506,70.8982,ORS Sachets,packets,341.8,15,11,9,7
2026-09-17,PHC-059,Dibrugarh PHC-2,Dibrugarh,Assam,11.9506,70.8982,ORS Sachets,packets,341.6,15,7,9,6
2026-09-18,PHC-059,Dibrugarh PHC-2,Dibrugarh,Assam,11.9506,70.8982,ORS Sachets,packets,346.3,15,4,9,8
2026-09-19,PHC-059,Dibrugarh PHC-2,Dibrugarh,Assam,11.9506,70.8982,ORS Sachets,packets,342.4,15,7,9,6
2026-09-20,PHC-059,Dibrugarh PHC-2,Dibrugarh,Assam,11.9506,70.8982,ORS Sachets,packets,348.0,15,6,9,5
2026-09-21,PHC-059,Dibrugarh PHC-2,Dibrugarh,Assam,11.9506,70.8982,ORS Sachets,packets,350.3,15,11,9,6
2026-09-22,PHC-059,Dibrugarh PHC-2,Dibrugarh,Assam,11.9506,70.8982,ORS Sachets,packets,348.7,15,10,9,7
2026-09-23,PHC-059,Dibrugarh PHC-2,Dibrugarh,Assam,11.9506,70.8982,ORS Sachets,packets,349.7,15,8,9,7
2026-09-24,PHC-059,Dibrugarh PHC-2,Dibrugarh,Assam,11.9506,70.8982,ORS Sachets,packets,345.7,15,13,9,9
2026-09-25,PHC-059,Dibrugarh PHC-2,Dibrugarh,Assam,11.9506,70.8982,ORS Sachets,packets,348.7,15,13,9,9
2026-09-26,PHC-059,Dibrugarh PHC-2,Dibrugarh,Assam,11.9506,70.8982,ORS Sachets,packets,348.4,15,5,9,8
2026-08-28,PHC-059,Dibrugarh PHC-2,Dibrugarh,Assam,11.9506,70.8982,Insulin,vials,103.1,15,9,9,6
2026-08-29,PHC-059,Dibrugarh PHC-2,Dibrugarh,Assam,11.9506,70.8982,Insulin,vials,99.8,15,7,9,8
2026-08-30,PHC-059,Dibrugarh PHC-2,Dibrugarh,Assam,11.9506,70.8982,Insulin,vials,96.1,15,10,9,9
2026-08-31,PHC-059,Dibrugarh PHC-2,Dibrugarh,Assam,11.9506,70.8982,Insulin,vials,94.7,15,9,9,8
2026-09-01,PHC-059,Dibrugarh PHC-2,Dibrugarh,Assam,11.9506,70.8982,Insulin,vials,91.5,15,8,9,8
2026-09-02,PHC-059,Dibrugarh PHC-2,Dibrugarh,Assam,11.9506,70.8982,Insulin,vials,88.3,15,10,9,5
2026-09-03,PHC-059,Dibrugarh PHC-2,Dibrugarh,Assam,11.9506,70.8982,Insulin,vials,85.9,15,10,9,7
2026-09-04,PHC-059,Dibrugarh PHC-2,Dibrugarh,Assam,11.9506,70.8982,Insulin,vials,83.7,15,13,9,6
2026-09-05,PHC-059,Dibrugarh PHC-2,Dibrugarh,Assam,11.9506,70.8982,Insulin,vials,79.9,15,8,9,7
2026-09-06,PHC-059,Dibrugarh PHC-2,Dibrugarh,Assam,11.9506,70.8982,Insulin,vials,76.1,15,6,9,8
2026-09-07,PHC-059,Dibrugarh PHC-2,Dibrugarh,Assam,11.9506,70.8982,Insulin,vials,73.2,15,10,9,8
2026-09-08,PHC-059,Dibrugarh PHC-2,Dibrugarh,Assam,11.9506,70.8982,Insulin,vials,71.2,15,13,9,7
2026-09-09,PHC-059,Dibrugarh PHC-2,Dibrugarh,Assam,11.9506,70.8982,Insulin,vials,67.8,15,8,9,5
2026-09-10,PHC-059,Dibrugarh PHC-2,Dibrugarh,Assam,11.9506,70.8982,Insulin,vials,66.0,15,8,9,7
2026-09-11,PHC-059,Dibrugarh PHC-2,Dibrugarh,Assam,11.9506,70.8982,Insulin,vials,63.2,15,10,9,8
2026-09-12,PHC-059,Dibrugarh PHC-2,Dibrugarh,Assam,11.9506,70.8982,Insulin,vials,61.2,15,8,9,6
2026-09-13,PHC-059,Dibrugarh PHC-2,Dibrugarh,Assam,11.9506,70.8982,Insulin,vials,59.1,15,12,9,9
2026-09-14,PHC-059,Dibrugarh PHC-2,Dibrugarh,Assam,11.9506,70.8982,Insulin,vials,56.7,15,13,9,7
2026-09-15,PHC-059,Dibrugarh PHC-2,Dibrugarh,Assam,11.9506,70.8982,Insulin,vials,53.8,15,5,9,6
2026-09-16,PHC-059,Dibrugarh PHC-2,Dibrugarh,Assam,11.9506,70.8982,Insulin,vials,50.2,15,8,9,6
2026-09-17,PHC-059,Dibrugarh PHC-2,Dibrugarh,Assam,11.9506,70.8982,Insulin,vials,47.4,15,6,9,6
2026-09-18,PHC-059,Dibrugarh PHC-2,Dibrugarh,Assam,11.9506,70.8982,Insulin,vials,45.7,15,13,9,9
2026-09-19,PHC-059,Dibrugarh PHC-2,Dibrugarh,Assam,11.9506,70.8982,Insulin,vials,44.1,15,7,9,6
2026-09-20,PHC-059,Dibrugarh PHC-2,Dibrugarh,Assam,11.9506,70.8982,Insulin,vials,42.6,15,8,9,8
2026-09-21,PHC-059,Dibrugarh PHC-2,Dibrugarh,Assam,11.9506,70.8982,Insulin,vials,40.4,15,9,9,9
2026-09-22,PHC-059,Dibrugarh PHC-2,Dibrugarh,Assam,11.9506,70.8982,Insulin,vials,37.5,15,10,9,8
2026-09-23,PHC-059,Dibrugarh PHC-2,Dibrugarh,Assam,11.9506,70.8982,Insulin,vials,33.7,15,10,9,9
2026-09-24,PHC-059,Dibrugarh PHC-2,Dibrugarh,Assam,11.9506,70.8982,Insulin,vials,31.8,15,9,9,5
2026-09-25,PHC-059,Dibrugarh PHC-2,Dibrugarh,Assam,11.9506,70.8982,Insulin,vials,29.4,15,10,9,7
2026-09-26,PHC-059,Dibrugarh PHC-2,Dibrugarh,Assam,11.9506,70.8982,Insulin,vials,25.7,15,7,9,7
2026-08-28,PHC-059,Dibrugarh PHC-2,Dibrugarh,Assam,11.9506,70.8982,Amoxicillin,strips,471.1,15,7,9,5
2026-08-29,PHC-059,Dibrugarh PHC-2,Dibrugarh,Assam,11.9506,70.8982,Amoxicillin,strips,475.1,15,10,9,5
2026-08-30,PHC-059,Dibrugarh PHC-2,Dibrugarh,Assam,11.9506,70.8982,Amoxicillin,strips,478.6,15,8,9,6
2026-08-31,PHC-059,Dibrugarh PHC-2,Dibrugarh,Assam,11.9506,70.8982,Amoxicillin,strips,480.9,15,11,9,7
2026-09-01,PHC-059,Dibrugarh PHC-2,Dibrugarh,Assam,11.9506,70.8982,Amoxicillin,strips,486.7,15,7,9,7
2026-09-02,PHC-059,Dibrugarh PHC-2,Dibrugarh,Assam,11.9506,70.8982,Amoxicillin,strips,491.2,15,8,9,8
2026-09-03,PHC-059,Dibrugarh PHC-2,Dibrugarh,Assam,11.9506,70.8982,Amoxicillin,strips,496.6,15,7,9,7
2026-09-04,PHC-059,Dibrugarh PHC-2,Dibrugarh,Assam,11.9506,70.8982,Amoxicillin,strips,502.5,15,10,9,7
2026-09-05,PHC-059,Dibrugarh PHC-2,Dibrugarh,Assam,11.9506,70.8982,Amoxicillin,strips,506.2,15,8,9,8
2026-09-06,PHC-059,Dibrugarh PHC-2,Dibrugarh,Assam,11.9506,70.8982,Amoxicillin,strips,509.4,15,11,9,6
2026-09-07,PHC-059,Dibrugarh PHC-2,Dibrugarh,Assam,11.9506,70.8982,Amoxicillin,strips,512.7,15,9,9,8
2026-09-08,PHC-059,Dibrugarh PHC-2,Dibrugarh,Assam,11.9506,70.8982,Amoxicillin,strips,518.1,15,4,9,7
2026-09-09,PHC-059,Dibrugarh PHC-2,Dibrugarh,Assam,11.9506,70.8982,Amoxicillin,strips,523.6,15,9,9,9
2026-09-10,PHC-059,Dibrugarh PHC-2,Dibrugarh,Assam,11.9506,70.8982,Amoxicillin,strips,527.9,15,5,9,9
2026-09-11,PHC-059,Dibrugarh PHC-2,Dibrugarh,Assam,11.9506,70.8982,Amoxicillin,strips,533.8,15,9,9,5
2026-09-12,PHC-059,Dibrugarh PHC-2,Dibrugarh,Assam,11.9506,70.8982,Amoxicillin,strips,538.8,15,10,9,8
2026-09-13,PHC-059,Dibrugarh PHC-2,Dibrugarh,Assam,11.9506,70.8982,Amoxicillin,strips,543.2,15,7,9,8
2026-09-14,PHC-059,Dibrugarh PHC-2,Dibrugarh,Assam,11.9506,70.8982,Amoxicillin,strips,547.2,15,9,9,9
2026-09-15,PHC-059,Dibrugarh PHC-2,Dibrugarh,Assam,11.9506,70.8982,Amoxicillin,strips,552.1,15,11,9,7
2026-09-16,PHC-059,Dibrugarh PHC-2,Dibrugarh,Assam,11.9506,70.8982,Amoxicillin,strips,555.2,15,6,9,8
2026-09-17,PHC-059,Dibrugarh PHC-2,Dibrugarh,Assam,11.9506,70.8982,Amoxicillin,strips,559.5,15,10,9,7
2026-09-18,PHC-059,Dibrugarh PHC-2,Dibrugarh,Assam,11.9506,70.8982,Amoxicillin,strips,561.7,15,6,9,7
2026-09-19,PHC-059,Dibrugarh PHC-2,Dibrugarh,Assam,11.9506,70.8982,Amoxicillin,strips,565.4,15,10,9,8
2026-09-20,PHC-059,Dibrugarh PHC-2,Dibrugarh,Assam,11.9506,70.8982,Amoxicillin,strips,571.3,15,5,9,6
2026-09-21,PHC-059,Dibrugarh PHC-2,Dibrugarh,Assam,11.9506,70.8982,Amoxicillin,strips,576.8,15,12,9,9
2026-09-22,PHC-059,Dibrugarh PHC-2,Dibrugarh,Assam,11.9506,70.8982,Amoxicillin,strips,579.1,15,12,9,9
2026-09-23,PHC-059,Dibrugarh PHC-2,Dibrugarh,Assam,11.9506,70.8982,Amoxicillin,strips,583.5,15,6,9,5
2026-09-24,PHC-059,Dibrugarh PHC-2,Dibrugarh,Assam,11.9506,70.8982,Amoxicillin,strips,587.5,15,9,9,7
2026-09-25,PHC-059,Dibrugarh PHC-2,Dibrugarh,Assam,11.9506,70.8982,Amoxicillin,strips,592.0,15,5,9,7
2026-09-26,PHC-059,Dibrugarh PHC-2,Dibrugarh,Assam,11.9506,70.8982,Amoxicillin,strips,596.2,15,4,9,6
2026-08-28,PHC-059,Dibrugarh PHC-2,Dibrugarh,Assam,11.9506,70.8982,Iron Folic Acid Tablets,strips,698.8,15,6,9,8
2026-08-29,PHC-059,Dibrugarh PHC-2,Dibrugarh,Assam,11.9506,70.8982,Iron Folic Acid Tablets,strips,705.4,15,8,9,8
2026-08-30,PHC-059,Dibrugarh PHC-2,Dibrugarh,Assam,11.9506,70.8982,Iron Folic Acid Tablets,strips,708.8,15,7,9,6
2026-08-31,PHC-059,Dibrugarh PHC-2,Dibrugarh,Assam,11.9506,70.8982,Iron Folic Acid Tablets,strips,711.9,15,6,9,7
2026-09-01,PHC-059,Dibrugarh PHC-2,Dibrugarh,Assam,11.9506,70.8982,Iron Folic Acid Tablets,strips,720.1,15,8,9,8
2026-09-02,PHC-059,Dibrugarh PHC-2,Dibrugarh,Assam,11.9506,70.8982,Iron Folic Acid Tablets,strips,724.4,15,5,9,7
2026-09-03,PHC-059,Dibrugarh PHC-2,Dibrugarh,Assam,11.9506,70.8982,Iron Folic Acid Tablets,strips,732.8,15,8,9,7
2026-09-04,PHC-059,Dibrugarh PHC-2,Dibrugarh,Assam,11.9506,70.8982,Iron Folic Acid Tablets,strips,740.1,15,6,9,7
2026-09-05,PHC-059,Dibrugarh PHC-2,Dibrugarh,Assam,11.9506,70.8982,Iron Folic Acid Tablets,strips,746.3,15,11,9,7
2026-09-06,PHC-059,Dibrugarh PHC-2,Dibrugarh,Assam,11.9506,70.8982,Iron Folic Acid Tablets,strips,749.5,15,11,9,8
2026-09-07,PHC-059,Dibrugarh PHC-2,Dibrugarh,Assam,11.9506,70.8982,Iron Folic Acid Tablets,strips,755.3,15,1,9,6
2026-09-08,PHC-059,Dibrugarh PHC-2,Dibrugarh,Assam,11.9506,70.8982,Iron Folic Acid Tablets,strips,759.0,15,11,9,5
2026-09-09,PHC-059,Dibrugarh PHC-2,Dibrugarh,Assam,11.9506,70.8982,Iron Folic Acid Tablets,strips,765.2,15,10,9,9
2026-09-10,PHC-059,Dibrugarh PHC-2,Dibrugarh,Assam,11.9506,70.8982,Iron Folic Acid Tablets,strips,772.5,15,12,9,8
2026-09-11,PHC-059,Dibrugarh PHC-2,Dibrugarh,Assam,11.9506,70.8982,Iron Folic Acid Tablets,strips,781.1,15,8,9,8
2026-09-12,PHC-059,Dibrugarh PHC-2,Dibrugarh,Assam,11.9506,70.8982,Iron Folic Acid Tablets,strips,789.8,15,8,9,8
2026-09-13,PHC-059,Dibrugarh PHC-2,Dibrugarh,Assam,11.9506,70.8982,Iron Folic Acid Tablets,strips,797.2,15,7,9,8
2026-09-14,PHC-059,Dibrugarh PHC-2,Dibrugarh,Assam,11.9506,70.8982,Iron Folic Acid Tablets,strips,801.8,15,11,9,6
2026-09-15,PHC-059,Dibrugarh PHC-2,Dibrugarh,Assam,11.9506,70.8982,Iron Folic Acid Tablets,strips,805.0,15,8,9,6
2026-09-16,PHC-059,Dibrugarh PHC-2,Dibrugarh,Assam,11.9506,70.8982,Iron Folic Acid Tablets,strips,811.1,15,11,9,6
2026-09-17,PHC-059,Dibrugarh PHC-2,Dibrugarh,Assam,11.9506,70.8982,Iron Folic Acid Tablets,strips,815.6,15,9,9,5
2026-09-18,PHC-059,Dibrugarh PHC-2,Dibrugarh,Assam,11.9506,70.8982,Iron Folic Acid Tablets,strips,823.5,15,12,9,8
2026-09-19,PHC-059,Dibrugarh PHC-2,Dibrugarh,Assam,11.9506,70.8982,Iron Folic Acid Tablets,strips,826.5,15,12,9,9
2026-09-20,PHC-059,Dibrugarh PHC-2,Dibrugarh,Assam,11.9506,70.8982,Iron Folic Acid Tablets,strips,833.5,15,12,9,6
2026-09-21,PHC-059,Dibrugarh PHC-2,Dibrugarh,Assam,11.9506,70.8982,Iron Folic Acid Tablets,strips,839.0,15,4,9,7
2026-09-22,PHC-059,Dibrugarh PHC-2,Dibrugarh,Assam,11.9506,70.8982,Iron Folic Acid Tablets,strips,845.2,15,7,9,7
2026-09-23,PHC-059,Dibrugarh PHC-2,Dibrugarh,Assam,11.9506,70.8982,Iron Folic Acid Tablets,strips,852.9,15,9,9,9
2026-09-24,PHC-059,Dibrugarh PHC-2,Dibrugarh,Assam,11.9506,70.8982,Iron Folic Acid Tablets,strips,859.4,15,10,9,7
2026-09-25,PHC-059,Dibrugarh PHC-2,Dibrugarh,Assam,11.9506,70.8982,Iron Folic Acid Tablets,strips,866.0,15,8,9,6
2026-09-26,PHC-059,Dibrugarh PHC-2,Dibrugarh,Assam,11.9506,70.8982,Iron Folic Acid Tablets,strips,874.8,15,10,9,6
2026-08-28,PHC-060,Dibrugarh PHC-3,Dibrugarh,Assam,31.817,87.8335,Paracetamol,units,408.6,11,8,12,11
2026-08-29,PHC-060,Dibrugarh PHC-3,Dibrugarh,Assam,31.817,87.8335,Paracetamol,units,413.1,11,6,12,10
2026-08-30,PHC-060,Dibrugarh PHC-3,Dibrugarh,Assam,31.817,87.8335,Paracetamol,units,417.8,11,5,12,10
2026-08-31,PHC-060,Dibrugarh PHC-3,Dibrugarh,Assam,31.817,87.8335,Paracetamol,units,421.4,11,6,12,8
2026-09-01,PHC-060,Dibrugarh PHC-3,Dibrugarh,Assam,31.817,87.8335,Paracetamol,units,428.0,11,7,12,9
2026-09-02,PHC-060,Dibrugarh PHC-3,Dibrugarh,Assam,31.817,87.8335,Paracetamol,units,434.0,11,6,12,9
2026-09-03,PHC-060,Dibrugarh PHC-3,Dibrugarh,Assam,31.817,87.8335,Paracetamol,units,436.9,11,4,12,10
2026-09-04,PHC-060,Dibrugarh PHC-3,Dibrugarh,Assam,31.817,87.8335,Paracetamol,units,444.0,11,6,12,9
2026-09-05,PHC-060,Dibrugarh PHC-3,Dibrugarh,Assam,31.817,87.8335,Paracetamol,units,448.4,11,8,12,9
2026-09-06,PHC-060,Dibrugarh PHC-3,Dibrugarh,Assam,31.817,87.8335,Paracetamol,units,451.1,11,6,12,11
2026-09-07,PHC-060,Dibrugarh PHC-3,Dibrugarh,Assam,31.817,87.8335,Paracetamol,units,456.2,11,8,12,9
2026-09-08,PHC-060,Dibrugarh PHC-3,Dibrugarh,Assam,31.817,87.8335,Paracetamol,units,459.7,11,7,12,10
2026-09-09,PHC-060,Dibrugarh PHC-3,Dibrugarh,Assam,31.817,87.8335,Paracetamol,units,466.4,11,3,12,11
2026-09-10,PHC-060,Dibrugarh PHC-3,Dibrugarh,Assam,31.817,87.8335,Paracetamol,units,471.2,11,10,12,8
2026-09-11,PHC-060,Dibrugarh PHC-3,Dibrugarh,Assam,31.817,87.8335,Paracetamol,units,475.8,11,4,12,9
2026-09-12,PHC-060,Dibrugarh PHC-3,Dibrugarh,Assam,31.817,87.8335,Paracetamol,units,481.1,11,7,12,9
2026-09-13,PHC-060,Dibrugarh PHC-3,Dibrugarh,Assam,31.817,87.8335,Paracetamol,units,485.5,11,7,12,11
2026-09-14,PHC-060,Dibrugarh PHC-3,Dibrugarh,Assam,31.817,87.8335,Paracetamol,units,491.5,11,7,12,10
2026-09-15,PHC-060,Dibrugarh PHC-3,Dibrugarh,Assam,31.817,87.8335,Paracetamol,units,494.9,11,7,12,8
2026-09-16,PHC-060,Dibrugarh PHC-3,Dibrugarh,Assam,31.817,87.8335,Paracetamol,units,499.0,11,5,12,8
2026-09-17,PHC-060,Dibrugarh PHC-3,Dibrugarh,Assam,31.817,87.8335,Paracetamol,units,502.8,11,4,12,9
2026-09-18,PHC-060,Dibrugarh PHC-3,Dibrugarh,Assam,31.817,87.8335,Paracetamol,units,510.0,11,5,12,10
2026-09-19,PHC-060,Dibrugarh PHC-3,Dibrugarh,Assam,31.817,87.8335,Paracetamol,units,517.4,11,3,12,11
2026-09-20,PHC-060,Dibrugarh PHC-3,Dibrugarh,Assam,31.817,87.8335,Paracetamol,units,523.8,11,5,12,11
2026-09-21,PHC-060,Dibrugarh PHC-3,Dibrugarh,Assam,31.817,87.8335,Paracetamol,units,527.2,11,5,12,9
2026-09-22,PHC-060,Dibrugarh PHC-3,Dibrugarh,Assam,31.817,87.8335,Paracetamol,units,534.0,11,6,12,10
2026-09-23,PHC-060,Dibrugarh PHC-3,Dibrugarh,Assam,31.817,87.8335,Paracetamol,units,536.7,11,3,12,9
2026-09-24,PHC-060,Dibrugarh PHC-3,Dibrugarh,Assam,31.817,87.8335,Paracetamol,units,541.8,11,6,12,12
2026-09-25,PHC-060,Dibrugarh PHC-3,Dibrugarh,Assam,31.817,87.8335,Paracetamol,units,544.6,11,8,12,11
2026-09-26,PHC-060,Dibrugarh PHC-3,Dibrugarh,Assam,31.817,87.8335,Paracetamol,units,550.3,11,7,12,9
2026-08-28,PHC-060,Dibrugarh PHC-3,Dibrugarh,Assam,31.817,87.8335,ORS Sachets,packets,306.7,11,6,12,11
2026-08-29,PHC-060,Dibrugarh PHC-3,Dibrugarh,Assam,31.817,87.8335,ORS Sachets,packets,309.8,11,4,12,10
2026-08-30,PHC-060,Dibrugarh PHC-3,Dibrugarh,Assam,31.817,87.8335,ORS Sachets,packets,308.0,11,7,12,9
2026-08-31,PHC-060,Dibrugarh PHC-3,Dibrugarh,Assam,31.817,87.8335,ORS Sachets,packets,307.3,11,5,12,12
2026-09-01,PHC-060,Dibrugarh PHC-3,Dibrugarh,Assam,31.817,87.8335,ORS Sachets,packets,302.3,11,5,12,10
2026-09-02,PHC-060,Dibrugarh PHC-3,Dibrugarh,Assam,31.817,87.8335,ORS Sachets,packets,304.3,11,8,12,9
2026-09-03,PHC-060,Dibrugarh PHC-3,Dibrugarh,Assam,31.817,87.8335,ORS Sachets,packets,298.7,11,6,12,8
2026-09-04,PHC-060,Dibrugarh PHC-3,Dibrugarh,Assam,31.817,87.8335,ORS Sachets,packets,302.6,11,7,12,10
2026-09-05,PHC-060,Dibrugarh PHC-3,Dibrugarh,Assam,31.817,87.8335,ORS Sachets,packets,303.2,11,6,12,10
2026-09-06,PHC-060,Dibrugarh PHC-3,Dibrugarh,Assam,31.817,87.8335,ORS Sachets,packets,305.5,11,6,12,10
2026-09-07,PHC-060,Dibrugarh PHC-3,Dibrugarh,Assam,31.817,87.8335,ORS Sachets,packets,307.9,11,5,12,9
2026-09-08,PHC-060,Dibrugarh PHC-3,Dibrugarh,Assam,31.817,87.8335,ORS Sachets,packets,306.3,11,4,12,9
2026-09-09,PHC-060,Dibrugarh PHC-3,Dibrugarh,Assam,31.817,87.8335,ORS Sachets,packets,301.4,11,6,12,9
2026-09-10,PHC-060,Dibrugarh PHC-3,Dibrugarh,Assam,31.817,87.8335,ORS Sachets,packets,300.4,11,8,12,10
2026-09-11,PHC-060,Dibrugarh PHC-3,Dibrugarh,Assam,31.817,87.8335,ORS Sachets,packets,304.2,11,6,12,9
2026-09-12,PHC-060,Dibrugarh PHC-3,Dibrugarh,Assam,31.817,87.8335,ORS Sachets,packets,305.1,11,4,12,10
2026-09-13,PHC-060,Dibrugarh PHC-3,Dibrugarh,Assam,31.817,87.8335,ORS Sachets,packets,303.8,11,5,12,9
2026-09-14,PHC-060,Dibrugarh PHC-3,Dibrugarh,Assam,31.817,87.8335,ORS Sachets,packets,302.7,11,8,12,10
2026-09-15,PHC-060,Dibrugarh PHC-3,Dibrugarh,Assam,31.817,87.8335,ORS Sachets,packets,303.5,11,4,12,10
2026-09-16,PHC-060,Dibrugarh PHC-3,Dibrugarh,Assam,31.817,87.8335,ORS Sachets,packets,306.1,11,8,12,8
2026-09-17,PHC-060,Dibrugarh PHC-3,Dibrugarh,Assam,31.817,87.8335,ORS Sachets,packets,303.3,11,10,12,9
2026-09-18,PHC-060,Dibrugarh PHC-3,Dibrugarh,Assam,31.817,87.8335,ORS Sachets,packets,312.2,11,5,12,8
2026-09-19,PHC-060,Dibrugarh PHC-3,Dibrugarh,Assam,31.817,87.8335,ORS Sachets,packets,312.6,11,6,12,9
2026-09-20,PHC-060,Dibrugarh PHC-3,Dibrugarh,Assam,31.817,87.8335,ORS Sachets,packets,312.8,11,8,12,10
2026-09-21,PHC-060,Dibrugarh PHC-3,Dibrugarh,Assam,31.817,87.8335,ORS Sachets,packets,312.1,11,7,12,12
2026-09-22,PHC-060,Dibrugarh PHC-3,Dibrugarh,Assam,31.817,87.8335,ORS Sachets,packets,315.7,11,6,12,8
2026-09-23,PHC-060,Dibrugarh PHC-3,Dibrugarh,Assam,31.817,87.8335,ORS Sachets,packets,321.1,11,8,12,9
2026-09-24,PHC-060,Dibrugarh PHC-3,Dibrugarh,Assam,31.817,87.8335,ORS Sachets,packets,317.7,11,7,12,10
2026-09-25,PHC-060,Dibrugarh PHC-3,Dibrugarh,Assam,31.817,87.8335,ORS Sachets,packets,318.3,11,4,12,10
2026-09-26,PHC-060,Dibrugarh PHC-3,Dibrugarh,Assam,31.817,87.8335,ORS Sachets,packets,319.2,11,5,12,7
2026-08-28,PHC-060,Dibrugarh PHC-3,Dibrugarh,Assam,31.817,87.8335,Insulin,vials,71.5,11,7,12,10
2026-08-29,PHC-060,Dibrugarh PHC-3,Dibrugarh,Assam,31.817,87.8335,Insulin,vials,62.6,11,9,12,10
2026-08-30,PHC-060,Dibrugarh PHC-3,Dibrugarh,Assam,31.817,87.8335,Insulin,vials,55.5,11,7,12,9
2026-08-31,PHC-060,Dibrugarh PHC-3,Dibrugarh,Assam,31.817,87.8335,Insulin,vials,48.8,11,8,12,10
2026-09-01,PHC-060,Dibrugarh PHC-3,Dibrugarh,Assam,31.817,87.8335,Insulin,vials,41.4,11,5,12,11
2026-09-02,PHC-060,Dibrugarh PHC-3,Dibrugarh,Assam,31.817,87.8335,Insulin,vials,37.2,11,5,12,12
2026-09-03,PHC-060,Dibrugarh PHC-3,Dibrugarh,Assam,31.817,87.8335,Insulin,vials,30.3,11,8,12,12
2026-09-04,PHC-060,Dibrugarh PHC-3,Dibrugarh,Assam,31.817,87.8335,Insulin,vials,26.0,11,7,12,12
2026-09-05,PHC-060,Dibrugarh PHC-3,Dibrugarh,Assam,31.817,87.8335,Insulin,vials,19.8,11,10,12,9
2026-09-06,PHC-060,Dibrugarh PHC-3,Dibrugarh,Assam,31.817,87.8335,Insulin,vials,15.5,11,6,12,9
2026-09-07,PHC-060,Dibrugarh PHC-3,Dibrugarh,Assam,31.817,87.8335,Insulin,vials,8.6,11,6,12,10
2026-09-08,PHC-060,Dibrugarh PHC-3,Dibrugarh,Assam,31.817,87.8335,Insulin,vials,4.1,11,7,12,10
2026-09-09,PHC-060,Dibrugarh PHC-3,Dibrugarh,Assam,31.817,87.8335,Insulin,vials,0.0,11,5,12,11
2026-09-10,PHC-060,Dibrugarh PHC-3,Dibrugarh,Assam,31.817,87.8335,Insulin,vials,0.0,11,7,12,10
2026-09-11,PHC-060,Dibrugarh PHC-3,Dibrugarh,Assam,31.817,87.8335,Insulin,vials,0.0,11,8,12,8
2026-09-12,PHC-060,Dibrugarh PHC-3,Dibrugarh,Assam,31.817,87.8335,Insulin,vials,0.0,11,6,12,10
2026-09-13,PHC-060,Dibrugarh PHC-3,Dibrugarh,Assam,31.817,87.8335,Insulin,vials,0.0,11,4,12,10
2026-09-14,PHC-060,Dibrugarh PHC-3,Dibrugarh,Assam,31.817,87.8335,Insulin,vials,0.0,11,5,12,9
2026-09-15,PHC-060,Dibrugarh PHC-3,Dibrugarh,Assam,31.817,87.8335,Insulin,vials,0.0,11,6,12,11
2026-09-16,PHC-060,Dibrugarh PHC-3,Dibrugarh,Assam,31.817,87.8335,Insulin,vials,0.0,11,4,12,11
2026-09-17,PHC-060,Dibrugarh PHC-3,Dibrugarh,Assam,31.817,87.8335,Insulin,vials,0.0,11,5,12,10
2026-09-18,PHC-060,Dibrugarh PHC-3,Dibrugarh,Assam,31.817,87.8335,Insulin,vials,0.0,11,7,12,9
2026-09-19,PHC-060,Dibrugarh PHC-3,Dibrugarh,Assam,31.817,87.8335,Insulin,vials,0.0,11,8,12,9
2026-09-20,PHC-060,Dibrugarh PHC-3,Dibrugarh,Assam,31.817,87.8335,Insulin,vials,0.0,11,8,12,8
2026-09-21,PHC-060,Dibrugarh PHC-3,Dibrugarh,Assam,31.817,87.8335,Insulin,vials,0.0,11,7,12,10
2026-09-22,PHC-060,Dibrugarh PHC-3,Dibrugarh,Assam,31.817,87.8335,Insulin,vials,0.0,11,6,12,12
2026-09-23,PHC-060,Dibrugarh PHC-3,Dibrugarh,Assam,31.817,87.8335,Insulin,vials,0.0,11,5,12,9
2026-09-24,PHC-060,Dibrugarh PHC-3,Dibrugarh,Assam,31.817,87.8335,Insulin,vials,0.0,11,9,12,11
2026-09-25,PHC-060,Dibrugarh PHC-3,Dibrugarh,Assam,31.817,87.8335,Insulin,vials,0.0,11,8,12,8
2026-09-26,PHC-060,Dibrugarh PHC-3,Dibrugarh,Assam,31.817,87.8335,Insulin,vials,0.0,11,5,12,9
2026-08-28,PHC-060,Dibrugarh PHC-3,Dibrugarh,Assam,31.817,87.8335,Amoxicillin,strips,546.1,11,8,12,10
2026-08-29,PHC-060,Dibrugarh PHC-3,Dibrugarh,Assam,31.817,87.8335,Amoxicillin,strips,546.5,11,4,12,7
2026-08-30,PHC-060,Dibrugarh PHC-3,Dibrugarh,Assam,31.817,87.8335,Amoxicillin,strips,550.3,11,6,12,9
2026-08-31,PHC-060,Dibrugarh PHC-3,Dibrugarh,Assam,31.817,87.8335,Amoxicillin,strips,553.6,11,7,12,10
2026-09-01,PHC-060,Dibrugarh PHC-3,Dibrugarh,Assam,31.817,87.8335,Amoxicillin,strips,551.5,11,4,12,10
2026-09-02,PHC-060,Dibrugarh PHC-3,Dibrugarh,Assam,31.817,87.8335,Amoxicillin,strips,549.2,11,9,12,10
2026-09-03,PHC-060,Dibrugarh PHC-3,Dibrugarh,Assam,31.817,87.8335,Amoxicillin,strips,547.6,11,5,12,8
2026-09-04,PHC-060,Dibrugarh PHC-3,Dibrugarh,Assam,31.817,87.8335,Amoxicillin,strips,542.6,11,7,12,9
2026-09-05,PHC-060,Dibrugarh PHC-3,Dibrugarh,Assam,31.817,87.8335,Amoxicillin,strips,543.4,11,6,12,10
2026-09-06,PHC-060,Dibrugarh PHC-3,Dibrugarh,Assam,31.817,87.8335,Amoxicillin,strips,543.3,11,7,12,10
2026-09-07,PHC-060,Dibrugarh PHC-3,Dibrugarh,Assam,31.817,87.8335,Amoxicillin,strips,540.1,11,6,12,12
2026-09-08,PHC-060,Dibrugarh PHC-3,Dibrugarh,Assam,31.817,87.8335,Amoxicillin,strips,540.3,11,6,12,8
2026-09-09,PHC-060,Dibrugarh PHC-3,Dibrugarh,Assam,31.817,87.8335,Amoxicillin,strips,540.0,11,7,12,10
2026-09-10,PHC-060,Dibrugarh PHC-3,Dibrugarh,Assam,31.817,87.8335,Amoxicillin,strips,544.1,11,4,12,10
2026-09-11,PHC-060,Dibrugarh PHC-3,Dibrugarh,Assam,31.817,87.8335,Amoxicillin,strips,544.7,11,6,12,9
2026-09-12,PHC-060,Dibrugarh PHC-3,Dibrugarh,Assam,31.817,87.8335,Amoxicillin,strips,545.4,11,7,12,10
2026-09-13,PHC-060,Dibrugarh PHC-3,Dibrugarh,Assam,31.817,87.8335,Amoxicillin,strips,542.5,11,7,12,10
2026-09-14,PHC-060,Dibrugarh PHC-3,Dibrugarh,Assam,31.817,87.8335,Amoxicillin,strips,544.9,11,7,12,8
2026-09-15,PHC-060,Dibrugarh PHC-3,Dibrugarh,Assam,31.817,87.8335,Amoxicillin,strips,539.6,11,6,12,6
2026-09-16,PHC-060,Dibrugarh PHC-3,Dibrugarh,Assam,31.817,87.8335,Amoxicillin,strips,542.5,11,6,12,8
2026-09-17,PHC-060,Dibrugarh PHC-3,Dibrugarh,Assam,31.817,87.8335,Amoxicillin,strips,545.2,11,5,12,9
2026-09-18,PHC-060,Dibrugarh PHC-3,Dibrugarh,Assam,31.817,87.8335,Amoxicillin,strips,547.3,11,4,12,10
2026-09-19,PHC-060,Dibrugarh PHC-3,Dibrugarh,Assam,31.817,87.8335,Amoxicillin,strips,547.1,11,4,12,11
2026-09-20,PHC-060,Dibrugarh PHC-3,Dibrugarh,Assam,31.817,87.8335,Amoxicillin,strips,547.5,11,5,12,10
2026-09-21,PHC-060,Dibrugarh PHC-3,Dibrugarh,Assam,31.817,87.8335,Amoxicillin,strips,542.2,11,8,12,12
2026-09-22,PHC-060,Dibrugarh PHC-3,Dibrugarh,Assam,31.817,87.8335,Amoxicillin,strips,544.3,11,9,12,8
2026-09-23,PHC-060,Dibrugarh PHC-3,Dibrugarh,Assam,31.817,87.8335,Amoxicillin,strips,541.0,11,4,12,9
2026-09-24,PHC-060,Dibrugarh PHC-3,Dibrugarh,Assam,31.817,87.8335,Amoxicillin,strips,540.1,11,4,12,10
2026-09-25,PHC-060,Dibrugarh PHC-3,Dibrugarh,Assam,31.817,87.8335,Amoxicillin,strips,544.8,11,6,12,11
2026-09-26,PHC-060,Dibrugarh PHC-3,Dibrugarh,Assam,31.817,87.8335,Amoxicillin,strips,538.1,11,7,12,12
2026-08-28,PHC-060,Dibrugarh PHC-3,Dibrugarh,Assam,31.817,87.8335,Iron Folic Acid Tablets,strips,834.1,11,5,12,9
2026-08-29,PHC-060,Dibrugarh PHC-3,Dibrugarh,Assam,31.817,87.8335,Iron Folic Acid Tablets,strips,836.6,11,5,12,8
2026-08-30,PHC-060,Dibrugarh PHC-3,Dibrugarh,Assam,31.817,87.8335,Iron Folic Acid Tablets,strips,840.2,11,6,12,11
2026-08-31,PHC-060,Dibrugarh PHC-3,Dibrugarh,Assam,31.817,87.8335,Iron Folic Acid Tablets,strips,841.5,11,6,12,9
2026-09-01,PHC-060,Dibrugarh PHC-3,Dibrugarh,Assam,31.817,87.8335,Iron Folic Acid Tablets,strips,846.3,11,7,12,12
2026-09-02,PHC-060,Dibrugarh PHC-3,Dibrugarh,Assam,31.817,87.8335,Iron Folic Acid Tablets,strips,850.2,11,7,12,7
2026-09-03,PHC-060,Dibrugarh PHC-3,Dibrugarh,Assam,31.817,87.8335,Iron Folic Acid Tablets,strips,857.8,11,6,12,10
2026-09-04,PHC-060,Dibrugarh PHC-3,Dibrugarh,Assam,31.817,87.8335,Iron Folic Acid Tablets,strips,855.9,11,5,12,11
2026-09-05,PHC-060,Dibrugarh PHC-3,Dibrugarh,Assam,31.817,87.8335,Iron Folic Acid Tablets,strips,867.2,11,5,12,9
2026-09-06,PHC-060,Dibrugarh PHC-3,Dibrugarh,Assam,31.817,87.8335,Iron Folic Acid Tablets,strips,863.7,11,4,12,9
2026-09-07,PHC-060,Dibrugarh PHC-3,Dibrugarh,Assam,31.817,87.8335,Iron Folic Acid Tablets,strips,859.4,11,8,12,11
2026-09-08,PHC-060,Dibrugarh PHC-3,Dibrugarh,Assam,31.817,87.8335,Iron Folic Acid Tablets,strips,868.8,11,4,12,9
2026-09-09,PHC-060,Dibrugarh PHC-3,Dibrugarh,Assam,31.817,87.8335,Iron Folic Acid Tablets,strips,869.5,11,8,12,9
2026-09-10,PHC-060,Dibrugarh PHC-3,Dibrugarh,Assam,31.817,87.8335,Iron Folic Acid Tablets,strips,869.2,11,5,12,8
2026-09-11,PHC-060,Dibrugarh PHC-3,Dibrugarh,Assam,31.817,87.8335,Iron Folic Acid Tablets,strips,868.4,11,8,12,8
2026-09-12,PHC-060,Dibrugarh PHC-3,Dibrugarh,Assam,31.817,87.8335,Iron Folic Acid Tablets,strips,879.4,11,5,12,10
2026-09-13,PHC-060,Dibrugarh PHC-3,Dibrugarh,Assam,31.817,87.8335,Iron Folic Acid Tablets,strips,881.5,11,6,12,9
2026-09-14,PHC-060,Dibrugarh PHC-3,Dibrugarh,Assam,31.817,87.8335,Iron Folic Acid Tablets,strips,878.2,11,6,12,10
2026-09-15,PHC-060,Dibrugarh PHC-3,Dibrugarh,Assam,31.817,87.8335,Iron Folic Acid Tablets,strips,884.5,11,5,12,10
2026-09-16,PHC-060,Dibrugarh PHC-3,Dibrugarh,Assam,31.817,87.8335,Iron Folic Acid Tablets,strips,895.4,11,6,12,9
2026-09-17,PHC-060,Dibrugarh PHC-3,Dibrugarh,Assam,31.817,87.8335,Iron Folic Acid Tablets,strips,896.3,11,5,12,11
2026-09-18,PHC-060,Dibrugarh PHC-3,Dibrugarh,Assam,31.817,87.8335,Iron Folic Acid Tablets,strips,901.8,11,5,12,9
2026-09-19,PHC-060,Dibrugarh PHC-3,Dibrugarh,Assam,31.817,87.8335,Iron Folic Acid Tablets,strips,903.2,11,7,12,10
2026-09-20,PHC-060,Dibrugarh PHC-3,Dibrugarh,Assam,31.817,87.8335,Iron Folic Acid Tablets,strips,908.0,11,4,12,9
2026-09-21,PHC-060,Dibrugarh PHC-3,Dibrugarh,Assam,31.817,87.8335,Iron Folic Acid Tablets,strips,900.9,11,5,12,12
2026-09-22,PHC-060,Dibrugarh PHC-3,Dibrugarh,Assam,31.817,87.8335,Iron Folic Acid Tablets,strips,919.1,11,7,12,10
2026-09-23,PHC-060,Dibrugarh PHC-3,Dibrugarh,Assam,31.817,87.8335,Iron Folic Acid Tablets,strips,917.3,11,8,12,11
2026-09-24,PHC-060,Dibrugarh PHC-3,Dibrugarh,Assam,31.817,87.8335,Iron Folic Acid Tablets,strips,911.1,11,7,12,9
2026-09-25,PHC-060,Dibrugarh PHC-3,Dibrugarh,Assam,31.817,87.8335,Iron Folic Acid Tablets,strips,916.5,11,4,12,12
2026-09-26,PHC-060,Dibrugarh PHC-3,Dibrugarh,Assam,31.817,87.8335,Iron Folic Acid Tablets,strips,914.9,11,6,12,9
2026-08-28,PHC-061,Silchar PHC-1,Silchar,Assam,29.379,87.8689,Paracetamol,units,294.0,12,5,10,8
2026-08-29,PHC-061,Silchar PHC-1,Silchar,Assam,29.379,87.8689,Paracetamol,units,265.5,12,4,10,6
2026-08-30,PHC-061,Silchar PHC-1,Silchar,Assam,29.379,87.8689,Paracetamol,units,228.1,12,7,10,9
2026-08-31,PHC-061,Silchar PHC-1,Silchar,Assam,29.379,87.8689,Paracetamol,units,209.4,12,8,10,9
2026-09-01,PHC-061,Silchar PHC-1,Silchar,Assam,29.379,87.8689,Paracetamol,units,174.4,12,10,10,8
2026-09-02,PHC-061,Silchar PHC-1,Silchar,Assam,29.379,87.8689,Paracetamol,units,130.2,12,8,10,7
2026-09-03,PHC-061,Silchar PHC-1,Silchar,Assam,29.379,87.8689,Paracetamol,units,111.4,12,3,10,8
2026-09-04,PHC-061,Silchar PHC-1,Silchar,Assam,29.379,87.8689,Paracetamol,units,90.9,12,6,10,8
2026-09-05,PHC-061,Silchar PHC-1,Silchar,Assam,29.379,87.8689,Paracetamol,units,70.3,12,5,10,10
2026-09-06,PHC-061,Silchar PHC-1,Silchar,Assam,29.379,87.8689,Paracetamol,units,49.8,12,5,10,9
2026-09-07,PHC-061,Silchar PHC-1,Silchar,Assam,29.379,87.8689,Paracetamol,units,21.9,12,7,10,7
2026-09-08,PHC-061,Silchar PHC-1,Silchar,Assam,29.379,87.8689,Paracetamol,units,0.0,12,8,10,7
2026-09-09,PHC-061,Silchar PHC-1,Silchar,Assam,29.379,87.8689,Paracetamol,units,0.0,12,6,10,8
2026-09-10,PHC-061,Silchar PHC-1,Silchar,Assam,29.379,87.8689,Paracetamol,units,0.0,12,7,10,7
2026-09-11,PHC-061,Silchar PHC-1,Silchar,Assam,29.379,87.8689,Paracetamol,units,0.0,12,7,10,7
2026-09-12,PHC-061,Silchar PHC-1,Silchar,Assam,29.379,87.8689,Paracetamol,units,0.0,12,8,10,7
2026-09-13,PHC-061,Silchar PHC-1,Silchar,Assam,29.379,87.8689,Paracetamol,units,0.0,12,4,10,7
2026-09-14,PHC-061,Silchar PHC-1,Silchar,Assam,29.379,87.8689,Paracetamol,units,0.0,12,8,10,7
2026-09-15,PHC-061,Silchar PHC-1,Silchar,Assam,29.379,87.8689,Paracetamol,units,0.0,12,7,10,6
2026-09-16,PHC-061,Silchar PHC-1,Silchar,Assam,29.379,87.8689,Paracetamol,units,0.0,12,9,10,6
2026-09-17,PHC-061,Silchar PHC-1,Silchar,Assam,29.379,87.8689,Paracetamol,units,0.0,12,6,10,6
2026-09-18,PHC-061,Silchar PHC-1,Silchar,Assam,29.379,87.8689,Paracetamol,units,0.0,12,8,10,8
2026-09-19,PHC-061,Silchar PHC-1,Silchar,Assam,29.379,87.8689,Paracetamol,units,0.0,12,11,10,8
2026-09-20,PHC-061,Silchar PHC-1,Silchar,Assam,29.379,87.8689,Paracetamol,units,0.0,12,9,10,8
2026-09-21,PHC-061,Silchar PHC-1,Silchar,Assam,29.379,87.8689,Paracetamol,units,0.0,12,6,10,8
2026-09-22,PHC-061,Silchar PHC-1,Silchar,Assam,29.379,87.8689,Paracetamol,units,0.0,12,6,10,6
2026-09-23,PHC-061,Silchar PHC-1,Silchar,Assam,29.379,87.8689,Paracetamol,units,0.0,12,8,10,6
2026-09-24,PHC-061,Silchar PHC-1,Silchar,Assam,29.379,87.8689,Paracetamol,units,0.0,12,9,10,9
2026-09-25,PHC-061,Silchar PHC-1,Silchar,Assam,29.379,87.8689,Paracetamol,units,0.0,12,8,10,8
2026-09-26,PHC-061,Silchar PHC-1,Silchar,Assam,29.379,87.8689,Paracetamol,units,0.0,12,5,10,3
2026-08-28,PHC-061,Silchar PHC-1,Silchar,Assam,29.379,87.8689,ORS Sachets,packets,190.0,12,9,10,8
2026-08-29,PHC-061,Silchar PHC-1,Silchar,Assam,29.379,87.8689,ORS Sachets,packets,180.4,12,4,10,6
2026-08-30,PHC-061,Silchar PHC-1,Silchar,Assam,29.379,87.8689,ORS Sachets,packets,179.1,12,6,10,7
2026-08-31,PHC-061,Silchar PHC-1,Silchar,Assam,29.379,87.8689,ORS Sachets,packets,183.1,12,7,10,9
2026-09-01,PHC-061,Silchar PHC-1,Silchar,Assam,29.379,87.8689,ORS Sachets,packets,185.5,12,6,10,8
2026-09-02,PHC-061,Silchar PHC-1,Silchar,Assam,29.379,87.8689,ORS Sachets,packets,183.8,12,8,10,7
2026-09-03,PHC-061,Silchar PHC-1,Silchar,Assam,29.379,87.8689,ORS Sachets,packets,177.8,12,7,10,8
2026-09-04,PHC-061,Silchar PHC-1,Silchar,Assam,29.379,87.8689,ORS Sachets,packets,176.3,12,6,10,7
2026-09-05,PHC-061,Silchar PHC-1,Silchar,Assam,29.379,87.8689,ORS Sachets,packets,172.9,12,3,10,7
2026-09-06,PHC-061,Silchar PHC-1,Silchar,Assam,29.379,87.8689,ORS Sachets,packets,172.4,12,8,10,9
2026-09-07,PHC-061,Silchar PHC-1,Silchar,Assam,29.379,87.8689,ORS Sachets,packets,169.7,12,7,10,8
2026-09-08,PHC-061,Silchar PHC-1,Silchar,Assam,29.379,87.8689,ORS Sachets,packets,172.1,12,8,10,8
2026-09-09,PHC-061,Silchar PHC-1,Silchar,Assam,29.379,87.8689,ORS Sachets,packets,173.5,12,5,10,7
2026-09-10,PHC-061,Silchar PHC-1,Silchar,Assam,29.379,87.8689,ORS Sachets,packets,170.3,12,7,10,8
2026-09-11,PHC-061,Silchar PHC-1,Silchar,Assam,29.379,87.8689,ORS Sachets,packets,168.9,12,10,10,9
2026-09-12,PHC-061,Silchar PHC-1,Silchar,Assam,29.379,87.8689,ORS Sachets,packets,169.2,12,9,10,7
2026-09-13,PHC-061,Silchar PHC-1,Silchar,Assam,29.379,87.8689,ORS Sachets,packets,169.8,12,7,10,9
2026-09-14,PHC-061,Silchar PHC-1,Silchar,Assam,29.379,87.8689,ORS Sachets,packets,167.2,12,4,10,7
2026-09-15,PHC-061,Silchar PHC-1,Silchar,Assam,29.379,87.8689,ORS Sachets,packets,163.5,12,3,10,8
2026-09-16,PHC-061,Silchar PHC-1,Silchar,Assam,29.379,87.8689,ORS Sachets,packets,156.9,12,7,10,8
2026-09-17,PHC-061,Silchar PHC-1,Silchar,Assam,29.379,87.8689,ORS Sachets,packets,157.0,12,8,10,8
2026-09-18,PHC-061,Silchar PHC-1,Silchar,Assam,29.379,87.8689,ORS Sachets,packets,155.1,12,9,10,9
2026-09-19,PHC-061,Silchar PHC-1,Silchar,Assam,29.379,87.8689,ORS Sachets,packets,150.5,12,5,10,9
2026-09-20,PHC-061,Silchar PHC-1,Silchar,Assam,29.379,87.8689,ORS Sachets,packets,153.7,12,7,10,8
2026-09-21,PHC-061,Silchar PHC-1,Silchar,Assam,29.379,87.8689,ORS Sachets,packets,157.1,12,7,10,6
2026-09-22,PHC-061,Silchar PHC-1,Silchar,Assam,29.379,87.8689,ORS Sachets,packets,150.6,12,9,10,10
2026-09-23,PHC-061,Silchar PHC-1,Silchar,Assam,29.379,87.8689,ORS Sachets,packets,150.0,12,4,10,7
2026-09-24,PHC-061,Silchar PHC-1,Silchar,Assam,29.379,87.8689,ORS Sachets,packets,149.8,12,9,10,10
2026-09-25,PHC-061,Silchar PHC-1,Silchar,Assam,29.379,87.8689,ORS Sachets,packets,141.1,12,5,10,9
2026-09-26,PHC-061,Silchar PHC-1,Silchar,Assam,29.379,87.8689,ORS Sachets,packets,140.3,12,6,10,7
2026-08-28,PHC-061,Silchar PHC-1,Silchar,Assam,29.379,87.8689,Insulin,vials,134.9,12,4,10,8
2026-08-29,PHC-061,Silchar PHC-1,Silchar,Assam,29.379,87.8689,Insulin,vials,135.2,12,8,10,7
2026-08-30,PHC-061,Silchar PHC-1,Silchar,Assam,29.379,87.8689,Insulin,vials,135.0,12,8,10,8
2026-08-31,PHC-061,Silchar PHC-1,Silchar,Assam,29.379,87.8689,Insulin,vials,133.1,12,8,10,7
2026-09-01,PHC-061,Silchar PHC-1,Silchar,Assam,29.379,87.8689,Insulin,vials,134.8,12,5,10,7
2026-09-02,PHC-061,Silchar PHC-1,Silchar,Assam,29.379,87.8689,Insulin,vials,134.3,12,5,10,8
2026-09-03,PHC-061,Silchar PHC-1,Silchar,Assam,29.379,87.8689,Insulin,vials,134.8,12,5,10,7
2026-09-04,PHC-061,Silchar PHC-1,Silchar,Assam,29.379,87.8689,Insulin,vials,134.6,12,6,10,7
2026-09-05,PHC-061,Silchar PHC-1,Silchar,Assam,29.379,87.8689,Insulin,vials,133.8,12,6,10,8
2026-09-06,PHC-061,Silchar PHC-1,Silchar,Assam,29.379,87.8689,Insulin,vials,134.8,12,4,10,5
2026-09-07,PHC-061,Silchar PHC-1,Silchar,Assam,29.379,87.8689,Insulin,vials,134.0,12,1,10,10
2026-09-08,PHC-061,Silchar PHC-1,Silchar,Assam,29.379,87.8689,Insulin,vials,135.0,12,6,10,9
2026-09-09,PHC-061,Silchar PHC-1,Silchar,Assam,29.379,87.8689,Insulin,vials,135.5,12,7,10,8
2026-09-10,PHC-061,Silchar PHC-1,Silchar,Assam,29.379,87.8689,Insulin,vials,137.5,12,7,10,7
2026-09-11,PHC-061,Silchar PHC-1,Silchar,Assam,29.379,87.8689,Insulin,vials,137.9,12,6,10,8
2026-09-12,PHC-061,Silchar PHC-1,Silchar,Assam,29.379,87.8689,Insulin,vials,138.0,12,5,10,8
2026-09-13,PHC-061,Silchar PHC-1,Silchar,Assam,29.379,87.8689,Insulin,vials,138.6,12,9,10,7
2026-09-14,PHC-061,Silchar PHC-1,Silchar,Assam,29.379,87.8689,Insulin,vials,138.5,12,8,10,8
2026-09-15,PHC-061,Silchar PHC-1,Silchar,Assam,29.379,87.8689,Insulin,vials,138.6,12,6,10,10
2026-09-16,PHC-061,Silchar PHC-1,Silchar,Assam,29.379,87.8689,Insulin,vials,138.8,12,8,10,9
2026-09-17,PHC-061,Silchar PHC-1,Silchar,Assam,29.379,87.8689,Insulin,vials,140.2,12,3,10,7
2026-09-18,PHC-061,Silchar PHC-1,Silchar,Assam,29.379,87.8689,Insulin,vials,139.5,12,5,10,7
2026-09-19,PHC-061,Silchar PHC-1,Silchar,Assam,29.379,87.8689,Insulin,vials,140.2,12,8,10,8
2026-09-20,PHC-061,Silchar PHC-1,Silchar,Assam,29.379,87.8689,Insulin,vials,139.1,12,7,10,10
2026-09-21,PHC-061,Silchar PHC-1,Silchar,Assam,29.379,87.8689,Insulin,vials,140.8,12,6,10,9
2026-09-22,PHC-061,Silchar PHC-1,Silchar,Assam,29.379,87.8689,Insulin,vials,141.4,12,9,10,7
2026-09-23,PHC-061,Silchar PHC-1,Silchar,Assam,29.379,87.8689,Insulin,vials,143.9,12,8,10,8
2026-09-24,PHC-061,Silchar PHC-1,Silchar,Assam,29.379,87.8689,Insulin,vials,141.2,12,7,10,7
2026-09-25,PHC-061,Silchar PHC-1,Silchar,Assam,29.379,87.8689,Insulin,vials,141.2,12,1,10,9
2026-09-26,PHC-061,Silchar PHC-1,Silchar,Assam,29.379,87.8689,Insulin,vials,141.4,12,6,10,8
2026-08-28,PHC-061,Silchar PHC-1,Silchar,Assam,29.379,87.8689,Amoxicillin,strips,287.5,12,10,10,7
2026-08-29,PHC-061,Silchar PHC-1,Silchar,Assam,29.379,87.8689,Amoxicillin,strips,293.7,12,6,10,9
2026-08-30,PHC-061,Silchar PHC-1,Silchar,Assam,29.379,87.8689,Amoxicillin,strips,292.9,12,8,10,9
2026-08-31,PHC-061,Silchar PHC-1,Silchar,Assam,29.379,87.8689,Amoxicillin,strips,293.8,12,5,10,10
2026-09-01,PHC-061,Silchar PHC-1,Silchar,Assam,29.379,87.8689,Amoxicillin,strips,302.2,12,7,10,7
2026-09-02,PHC-061,Silchar PHC-1,Silchar,Assam,29.379,87.8689,Amoxicillin,strips,296.8,12,11,10,9
2026-09-03,PHC-061,Silchar PHC-1,Silchar,Assam,29.379,87.8689,Amoxicillin,strips,298.9,12,6,10,7
2026-09-04,PHC-061,Silchar PHC-1,Silchar,Assam,29.379,87.8689,Amoxicillin,strips,299.1,12,6,10,9
2026-09-05,PHC-061,Silchar PHC-1,Silchar,Assam,29.379,87.8689,Amoxicillin,strips,301.0,12,8,10,6
2026-09-06,PHC-061,Silchar PHC-1,Silchar,Assam,29.379,87.8689,Amoxicillin,strips,299.2,12,8,10,9
2026-09-07,PHC-061,Silchar PHC-1,Silchar,Assam,29.379,87.8689,Amoxicillin,strips,299.6,12,7,10,9
2026-09-08,PHC-061,Silchar PHC-1,Silchar,Assam,29.379,87.8689,Amoxicillin,strips,294.9,12,6,10,6
2026-09-09,PHC-061,Silchar PHC-1,Silchar,Assam,29.379,87.8689,Amoxicillin,strips,294.0,12,7,10,8
2026-09-10,PHC-061,Silchar PHC-1,Silchar,Assam,29.379,87.8689,Amoxicillin,strips,297.0,12,7,10,8
2026-09-11,PHC-061,Silchar PHC-1,Silchar,Assam,29.379,87.8689,Amoxicillin,strips,296.9,12,11,10,6
2026-09-12,PHC-061,Silchar PHC-1,Silchar,Assam,29.379,87.8689,Amoxicillin,strips,292.4,12,7,10,8
2026-09-13,PHC-061,Silchar PHC-1,Silchar,Assam,29.379,87.8689,Amoxicillin,strips,297.5,12,7,10,9
2026-09-14,PHC-061,Silchar PHC-1,Silchar,Assam,29.379,87.8689,Amoxicillin,strips,291.6,12,8,10,6
2026-09-15,PHC-061,Silchar PHC-1,Silchar,Assam,29.379,87.8689,Amoxicillin,strips,291.1,12,7,10,7
2026-09-16,PHC-061,Silchar PHC-1,Silchar,Assam,29.379,87.8689,Amoxicillin,strips,287.1,12,8,10,6
2026-09-17,PHC-061,Silchar PHC-1,Silchar,Assam,29.379,87.8689,Amoxicillin,strips,292.5,12,11,10,6
2026-09-18,PHC-061,Silchar PHC-1,Silchar,Assam,29.379,87.8689,Amoxicillin,strips,290.7,12,11,10,8
2026-09-19,PHC-061,Silchar PHC-1,Silchar,Assam,29.379,87.8689,Amoxicillin,strips,291.8,12,5,10,6
2026-09-20,PHC-061,Silchar PHC-1,Silchar,Assam,29.379,87.8689,Amoxicillin,strips,303.7,12,7,10,9
2026-09-21,PHC-061,Silchar PHC-1,Silchar,Assam,29.379,87.8689,Amoxicillin,strips,302.9,12,8,10,7
2026-09-22,PHC-061,Silchar PHC-1,Silchar,Assam,29.379,87.8689,Amoxicillin,strips,298.9,12,8,10,8
2026-09-23,PHC-061,Silchar PHC-1,Silchar,Assam,29.379,87.8689,Amoxicillin,strips,303.6,12,6,10,9
2026-09-24,PHC-061,Silchar PHC-1,Silchar,Assam,29.379,87.8689,Amoxicillin,strips,306.1,12,3,10,7
2026-09-25,PHC-061,Silchar PHC-1,Silchar,Assam,29.379,87.8689,Amoxicillin,strips,308.8,12,8,10,7
2026-09-26,PHC-061,Silchar PHC-1,Silchar,Assam,29.379,87.8689,Amoxicillin,strips,308.1,12,7,10,10
2026-08-28,PHC-061,Silchar PHC-1,Silchar,Assam,29.379,87.8689,Iron Folic Acid Tablets,strips,713.9,12,8,10,6
2026-08-29,PHC-061,Silchar PHC-1,Silchar,Assam,29.379,87.8689,Iron Folic Acid Tablets,strips,702.6,12,8,10,8
2026-08-30,PHC-061,Silchar PHC-1,Silchar,Assam,29.379,87.8689,Iron Folic Acid Tablets,strips,684.0,12,3,10,9
2026-08-31,PHC-061,Silchar PHC-1,Silchar,Assam,29.379,87.8689,Iron Folic Acid Tablets,strips,664.1,12,7,10,8
2026-09-01,PHC-061,Silchar PHC-1,Silchar,Assam,29.379,87.8689,Iron Folic Acid Tablets,strips,642.5,12,6,10,8
2026-09-02,PHC-061,Silchar PHC-1,Silchar,Assam,29.379,87.8689,Iron Folic Acid Tablets,strips,634.1,12,6,10,8
2026-09-03,PHC-061,Silchar PHC-1,Silchar,Assam,29.379,87.8689,Iron Folic Acid Tablets,strips,617.6,12,8,10,7
2026-09-04,PHC-061,Silchar PHC-1,Silchar,Assam,29.379,87.8689,Iron Folic Acid Tablets,strips,602.0,12,6,10,8
2026-09-05,PHC-061,Silchar PHC-1,Silchar,Assam,29.379,87.8689,Iron Folic Acid Tablets,strips,592.4,12,7,10,10
2026-09-06,PHC-061,Silchar PHC-1,Silchar,Assam,29.379,87.8689,Iron Folic Acid Tablets,strips,578.5,12,6,10,8
2026-09-07,PHC-061,Silchar PHC-1,Silchar,Assam,29.379,87.8689,Iron Folic Acid Tablets,strips,558.8,12,7,10,7
2026-09-08,PHC-061,Silchar PHC-1,Silchar,Assam,29.379,87.8689,Iron Folic Acid Tablets,strips,543.0,12,5,10,9
2026-09-09,PHC-061,Silchar PHC-1,Silchar,Assam,29.379,87.8689,Iron Folic Acid Tablets,strips,529.8,12,7,10,6
2026-09-10,PHC-061,Silchar PHC-1,Silchar,Assam,29.379,87.8689,Iron Folic Acid Tablets,strips,517.3,12,6,10,6
2026-09-11,PHC-061,Silchar PHC-1,Silchar,Assam,29.379,87.8689,Iron Folic Acid Tablets,strips,506.4,12,2,10,8
2026-09-12,PHC-061,Silchar PHC-1,Silchar,Assam,29.379,87.8689,Iron Folic Acid Tablets,strips,491.9,12,9,10,6
2026-09-13,PHC-061,Silchar PHC-1,Silchar,Assam,29.379,87.8689,Iron Folic Acid Tablets,strips,477.9,12,9,10,9
2026-09-14,PHC-061,Silchar PHC-1,Silchar,Assam,29.379,87.8689,Iron Folic Acid Tablets,strips,468.9,12,11,10,7
2026-09-15,PHC-061,Silchar PHC-1,Silchar,Assam,29.379,87.8689,Iron Folic Acid Tablets,strips,456.7,12,6,10,6
2026-09-16,PHC-061,Silchar PHC-1,Silchar,Assam,29.379,87.8689,Iron Folic Acid Tablets,strips,444.8,12,3,10,7
2026-09-17,PHC-061,Silchar PHC-1,Silchar,Assam,29.379,87.8689,Iron Folic Acid Tablets,strips,426.3,12,7,10,7
2026-09-18,PHC-061,Silchar PHC-1,Silchar,Assam,29.379,87.8689,Iron Folic Acid Tablets,strips,409.3,12,8,10,7
2026-09-19,PHC-061,Silchar PHC-1,Silchar,Assam,29.379,87.8689,Iron Folic Acid Tablets,strips,391.1,12,5,10,9
2026-09-20,PHC-061,Silchar PHC-1,Silchar,Assam,29.379,87.8689,Iron Folic Acid Tablets,strips,379.2,12,6,10,6
2026-09-21,PHC-061,Silchar PHC-1,Silchar,Assam,29.379,87.8689,Iron Folic Acid Tablets,strips,360.0,12,10,10,10
2026-09-22,PHC-061,Silchar PHC-1,Silchar,Assam,29.379,87.8689,Iron Folic Acid Tablets,strips,340.8,12,6,10,8
2026-09-23,PHC-061,Silchar PHC-1,Silchar,Assam,29.379,87.8689,Iron Folic Acid Tablets,strips,319.4,12,5,10,10
2026-09-24,PHC-061,Silchar PHC-1,Silchar,Assam,29.379,87.8689,Iron Folic Acid Tablets,strips,309.6,12,5,10,9
2026-09-25,PHC-061,Silchar PHC-1,Silchar,Assam,29.379,87.8689,Iron Folic Acid Tablets,strips,291.5,12,3,10,7
2026-09-26,PHC-061,Silchar PHC-1,Silchar,Assam,29.379,87.8689,Iron Folic Acid Tablets,strips,279.0,12,7,10,8
2026-08-28,PHC-062,Silchar PHC-2,Silchar,Assam,15.5823,85.4402,Paracetamol,units,315.9,16,12,11,10
2026-08-29,PHC-062,Silchar PHC-2,Silchar,Assam,15.5823,85.4402,Paracetamol,units,321.7,16,10,11,8
2026-08-30,PHC-062,Silchar PHC-2,Silchar,Assam,15.5823,85.4402,Paracetamol,units,328.2,16,14,11,8
2026-08-31,PHC-062,Silchar PHC-2,Silchar,Assam,15.5823,85.4402,Paracetamol,units,332.8,16,5,11,10
2026-09-01,PHC-062,Silchar PHC-2,Silchar,Assam,15.5823,85.4402,Paracetamol,units,337.7,16,13,11,11
2026-09-02,PHC-062,Silchar PHC-2,Silchar,Assam,15.5823,85.4402,Paracetamol,units,341.0,16,9,11,9
2026-09-03,PHC-062,Silchar PHC-2,Silchar,Assam,15.5823,85.4402,Paracetamol,units,347.3,16,10,11,9
2026-09-04,PHC-062,Silchar PHC-2,Silchar,Assam,15.5823,85.4402,Paracetamol,units,352.1,16,7,11,11
2026-09-05,PHC-062,Silchar PHC-2,Silchar,Assam,15.5823,85.4402,Paracetamol,units,356.6,16,7,11,9
2026-09-06,PHC-062,Silchar PHC-2,Silchar,Assam,15.5823,85.4402,Paracetamol,units,361.1,16,5,11,8
2026-09-07,PHC-062,Silchar PHC-2,Silchar,Assam,15.5823,85.4402,Paracetamol,units,368.6,16,7,11,8
2026-09-08,PHC-062,Silchar PHC-2,Silchar,Assam,15.5823,85.4402,Paracetamol,units,371.5,16,7,11,8
2026-09-09,PHC-062,Silchar PHC-2,Silchar,Assam,15.5823,85.4402,Paracetamol,units,374.9,16,14,11,8
2026-09-10,PHC-062,Silchar PHC-2,Silchar,Assam,15.5823,85.4402,Paracetamol,units,381.4,16,10,11,7
2026-09-11,PHC-062,Silchar PHC-2,Silchar,Assam,15.5823,85.4402,Paracetamol,units,387.4,16,2,11,9
2026-09-12,PHC-062,Silchar PHC-2,Silchar,Assam,15.5823,85.4402,Paracetamol,units,390.2,16,9,11,11
2026-09-13,PHC-062,Silchar PHC-2,Silchar,Assam,15.5823,85.4402,Paracetamol,units,395.7,16,7,11,8
2026-09-14,PHC-062,Silchar PHC-2,Silchar,Assam,15.5823,85.4402,Paracetamol,units,401.2,16,7,11,10
2026-09-15,PHC-062,Silchar PHC-2,Silchar,Assam,15.5823,85.4402,Paracetamol,units,408.7,16,11,11,10
2026-09-16,PHC-062,Silchar PHC-2,Silchar,Assam,15.5823,85.4402,Paracetamol,units,415.5,16,8,11,9
2026-09-17,PHC-062,Silchar PHC-2,Silchar,Assam,15.5823,85.4402,Paracetamol,units,421.4,16,12,11,8
2026-09-18,PHC-062,Silchar PHC-2,Silchar,Assam,15.5823,85.4402,Paracetamol,units,427.4,16,12,11,8
2026-09-19,PHC-062,Silchar PHC-2,Silchar,Assam,15.5823,85.4402,Paracetamol,units,433.4,16,9,11,8
2026-09-20,PHC-062,Silchar PHC-2,Silchar,Assam,15.5823,85.4402,Paracetamol,units,438.5,16,7,11,8
2026-09-21,PHC-062,Silchar PHC-2,Silchar,Assam,15.5823,85.4402,Paracetamol,units,445.2,16,11,11,8
2026-09-22,PHC-062,Silchar PHC-2,Silchar,Assam,15.5823,85.4402,Paracetamol,units,451.4,16,12,11,8
2026-09-23,PHC-062,Silchar PHC-2,Silchar,Assam,15.5823,85.4402,Paracetamol,units,456.2,16,9,11,9
2026-09-24,PHC-062,Silchar PHC-2,Silchar,Assam,15.5823,85.4402,Paracetamol,units,463.3,16,10,11,11
2026-09-25,PHC-062,Silchar PHC-2,Silchar,Assam,15.5823,85.4402,Paracetamol,units,467.9,16,12,11,9
2026-09-26,PHC-062,Silchar PHC-2,Silchar,Assam,15.5823,85.4402,Paracetamol,units,475.2,16,4,11,11
2026-08-28,PHC-062,Silchar PHC-2,Silchar,Assam,15.5823,85.4402,ORS Sachets,packets,225.5,16,9,11,7
2026-08-29,PHC-062,Silchar PHC-2,Silchar,Assam,15.5823,85.4402,ORS Sachets,packets,229.2,16,13,11,9
2026-08-30,PHC-062,Silchar PHC-2,Silchar,Assam,15.5823,85.4402,ORS Sachets,packets,231.6,16,8,11,11
2026-08-31,PHC-062,Silchar PHC-2,Silchar,Assam,15.5823,85.4402,ORS Sachets,packets,233.5,16,11,11,8
2026-09-01,PHC-062,Silchar PHC-2,Silchar,Assam,15.5823,85.4402,ORS Sachets,packets,237.6,16,11,11,10
2026-09-02,PHC-062,Silchar PHC-2,Silchar,Assam,15.5823,85.4402,ORS Sachets,packets,240.4,16,9,11,9
2026-09-03,PHC-062,Silchar PHC-2,Silchar,Assam,15.5823,85.4402,ORS Sachets,packets,244.3,16,14,11,8
2026-09-04,PHC-062,Silchar PHC-2,Silchar,Assam,15.5823,85.4402,ORS Sachets,packets,245.9,16,9,11,8
2026-09-05,PHC-062,Silchar PHC-2,Silchar,Assam,15.5823,85.4402,ORS Sachets,packets,248.7,16,9,11,9
2026-09-06,PHC-062,Silchar PHC-2,Silchar,Assam,15.5823,85.4402,ORS Sachets,packets,250.2,16,9,11,8
2026-09-07,PHC-062,Silchar PHC-2,Silchar,Assam,15.5823,85.4402,ORS Sachets,packets,252.5,16,10,11,9
2026-09-08,PHC-062,Silchar PHC-2,Silchar,Assam,15.5823,85.4402,ORS Sachets,packets,254.1,16,10,11,10
2026-09-09,PHC-062,Silchar PHC-2,Silchar,Assam,15.5823,85.4402,ORS Sachets,packets,257.3,16,10,11,7
2026-09-10,PHC-062,Silchar PHC-2,Silchar,Assam,15.5823,85.4402,ORS Sachets,packets,259.1,16,8,11,9
2026-09-11,PHC-062,Silchar PHC-2,Silchar,Assam,15.5823,85.4402,ORS Sachets,packets,263.2,16,14,11,6
2026-09-12,PHC-062,Silchar PHC-2,Silchar,Assam,15.5823,85.4402,ORS Sachets,packets,266.1,16,10,11,7
2026-09-13,PHC-062,Silchar PHC-2,Silchar,Assam,15.5823,85.4402,ORS Sachets,packets,270.5,16,10,11,6
2026-09-14,PHC-062,Silchar PHC-2,Silchar,Assam,15.5823,85.4402,ORS Sachets,packets,274.1,16,10,11,11
2026-09-15,PHC-062,Silchar PHC-2,Silchar,Assam,15.5823,85.4402,ORS Sachets,packets,275.7,16,3,11,11
2026-09-16,PHC-062,Silchar PHC-2,Silchar,Assam,15.5823,85.4402,ORS Sachets,packets,278.8,16,4,11,9
2026-09-17,PHC-062,Silchar PHC-2,Silchar,Assam,15.5823,85.4402,ORS Sachets,packets,281.2,16,8,11,8
2026-09-18,PHC-062,Silchar PHC-2,Silchar,Assam,15.5823,85.4402,ORS Sachets,packets,285.2,16,8,11,9
2026-09-19,PHC-062,Silchar PHC-2,Silchar,Assam,15.5823,85.4402,ORS Sachets,packets,288.0,16,4,11,9
2026-09-20,PHC-062,Silchar PHC-2,Silchar,Assam,15.5823,85.4402,ORS Sachets,packets,289.7,16,10,11,8
2026-09-21,PHC-062,Silchar PHC-2,Silchar,Assam,15.5823,85.4402,ORS Sachets,packets,293.7,16,12,11,8
2026-09-22,PHC-062,Silchar PHC-2,Silchar,Assam,15.5823,85.4402,ORS Sachets,packets,297.5,16,11,11,10
2026-09-23,PHC-062,Silchar PHC-2,Silchar,Assam,15.5823,85.4402,ORS Sachets,packets,299.1,16,7,11,9
2026-09-24,PHC-062,Silchar PHC-2,Silchar,Assam,15.5823,85.4402,ORS Sachets,packets,303.1,16,4,11,8
2026-09-25,PHC-062,Silchar PHC-2,Silchar,Assam,15.5823,85.4402,ORS Sachets,packets,307.3,16,13,11,8
2026-09-26,PHC-062,Silchar PHC-2,Silchar,Assam,15.5823,85.4402,ORS Sachets,packets,310.0,16,9,11,8
2026-08-28,PHC-062,Silchar PHC-2,Silchar,Assam,15.5823,85.4402,Insulin,vials,118.6,16,7,11,9
2026-08-29,PHC-062,Silchar PHC-2,Silchar,Assam,15.5823,85.4402,Insulin,vials,110.9,16,5,11,9
2026-08-30,PHC-062,Silchar PHC-2,Silchar,Assam,15.5823,85.4402,Insulin,vials,106.8,16,7,11,10
2026-08-31,PHC-062,Silchar PHC-2,Silchar,Assam,15.5823,85.4402,Insulin,vials,103.8,16,13,11,9
2026-09-01,PHC-062,Silchar PHC-2,Silchar,Assam,15.5823,85.4402,Insulin,vials,95.1,16,11,11,9
2026-09-02,PHC-062,Silchar PHC-2,Silchar,Assam,15.5823,85.4402,Insulin,vials,86.5,16,9,11,8
2026-09-03,PHC-062,Silchar PHC-2,Silchar,Assam,15.5823,85.4402,Insulin,vials,81.5,16,9,11,7
2026-09-04,PHC-062,Silchar PHC-2,Silchar,Assam,15.5823,85.4402,Insulin,vials,78.2,16,7,11,9
2026-09-05,PHC-062,Silchar PHC-2,Silchar,Assam,15.5823,85.4402,Insulin,vials,70.9,16,7,11,9
2026-09-06,PHC-062,Silchar PHC-2,Silchar,Assam,15.5823,85.4402,Insulin,vials,67.0,16,9,11,8
2026-09-07,PHC-062,Silchar PHC-2,Silchar,Assam,15.5823,85.4402,Insulin,vials,58.1,16,14,11,8
2026-09-08,PHC-062,Silchar PHC-2,Silchar,Assam,15.5823,85.4402,Insulin,vials,49.9,16,10,11,8
2026-09-09,PHC-062,Silchar PHC-2,Silchar,Assam,15.5823,85.4402,Insulin,vials,42.9,16,9,11,10
2026-09-10,PHC-062,Silchar PHC-2,Silchar,Assam,15.5823,85.4402,Insulin,vials,37.5,16,9,11,10
2026-09-11,PHC-062,Silchar PHC-2,Silchar,Assam,15.5823,85.4402,Insulin,vials,33.8,16,6,11,8
2026-09-12,PHC-062,Silchar PHC-2,Silchar,Assam,15.5823,85.4402,Insulin,vials,27.1,16,8,11,8
2026-09-13,PHC-062,Silchar PHC-2,Silchar,Assam,15.5823,85.4402,Insulin,vials,21.5,16,9,11,9
2026-09-14,PHC-062,Silchar PHC-2,Silchar,Assam,15.5823,85.4402,Insulin,vials,16.8,16,7,11,10
2026-09-15,PHC-062,Silchar PHC-2,Silchar,Assam,15.5823,85.4402,Insulin,vials,9.5,16,6,11,11
2026-09-16,PHC-062,Silchar PHC-2,Silchar,Assam,15.5823,85.4402,Insulin,vials,1.6,16,7,11,9
2026-09-17,PHC-062,Silchar PHC-2,Silchar,Assam,15.5823,85.4402,Insulin,vials,0.0,16,9,11,8
2026-09-18,PHC-062,Silchar PHC-2,Silchar,Assam,15.5823,85.4402,Insulin,vials,0.0,16,8,11,9
2026-09-19,PHC-062,Silchar PHC-2,Silchar,Assam,15.5823,85.4402,Insulin,vials,0.0,16,6,11,8
2026-09-20,PHC-062,Silchar PHC-2,Silchar,Assam,15.5823,85.4402,Insulin,vials,0.0,16,10,11,10
2026-09-21,PHC-062,Silchar PHC-2,Silchar,Assam,15.5823,85.4402,Insulin,vials,0.0,16,10,11,9
2026-09-22,PHC-062,Silchar PHC-2,Silchar,Assam,15.5823,85.4402,Insulin,vials,0.0,16,11,11,9
2026-09-23,PHC-062,Silchar PHC-2,Silchar,Assam,15.5823,85.4402,Insulin,vials,0.0,16,9,11,10
2026-09-24,PHC-062,Silchar PHC-2,Silchar,Assam,15.5823,85.4402,Insulin,vials,0.0,16,12,11,7
2026-09-25,PHC-062,Silchar PHC-2,Silchar,Assam,15.5823,85.4402,Insulin,vials,0.0,16,7,11,9
2026-09-26,PHC-062,Silchar PHC-2,Silchar,Assam,15.5823,85.4402,Insulin,vials,0.0,16,5,11,9
2026-08-28,PHC-062,Silchar PHC-2,Silchar,Assam,15.5823,85.4402,Amoxicillin,strips,359.4,16,9,11,8
2026-08-29,PHC-062,Silchar PHC-2,Silchar,Assam,15.5823,85.4402,Amoxicillin,strips,348.1,16,12,11,9
2026-08-30,PHC-062,Silchar PHC-2,Silchar,Assam,15.5823,85.4402,Amoxicillin,strips,333.9,16,12,11,8
2026-08-31,PHC-062,Silchar PHC-2,Silchar,Assam,15.5823,85.4402,Amoxicillin,strips,326.2,16,9,11,8
2026-09-01,PHC-062,Silchar PHC-2,Silchar,Assam,15.5823,85.4402,Amoxicillin,strips,316.7,16,9,11,7
2026-09-02,PHC-062,Silchar PHC-2,Silchar,Assam,15.5823,85.4402,Amoxicillin,strips,304.2,16,13,11,9
2026-09-03,PHC-062,Silchar PHC-2,Silchar,Assam,15.5823,85.4402,Amoxicillin,strips,295.6,16,8,11,8
2026-09-04,PHC-062,Silchar PHC-2,Silchar,Assam,15.5823,85.4402,Amoxicillin,strips,289.3,16,11,11,9
2026-09-05,PHC-062,Silchar PHC-2,Silchar,Assam,15.5823,85.4402,Amoxicillin,strips,279.8,16,7,11,10
2026-09-06,PHC-062,Silchar PHC-2,Silchar,Assam,15.5823,85.4402,Amoxicillin,strips,272.6,16,9,11,8
2026-09-07,PHC-062,Silchar PHC-2,Silchar,Assam,15.5823,85.4402,Amoxicillin,strips,262.0,16,10,11,7
2026-09-08,PHC-062,Silchar PHC-2,Silchar,Assam,15.5823,85.4402,Amoxicillin,strips,256.7,16,11,11,9
2026-09-09,PHC-062,Silchar PHC-2,Silchar,Assam,15.5823,85.4402,Amoxicillin,strips,248.3,16,12,11,10
2026-09-10,PHC-062,Silchar PHC-2,Silchar,Assam,15.5823,85.4402,Amoxicillin,strips,237.4,16,9,11,9
2026-09-11,PHC-062,Silchar PHC-2,Silchar,Assam,15.5823,85.4402,Amoxicillin,strips,231.2,16,8,11,8
2026-09-12,PHC-062,Silchar PHC-2,Silchar,Assam,15.5823,85.4402,Amoxicillin,strips,219.5,16,8,11,10
2026-09-13,PHC-062,Silchar PHC-2,Silchar,Assam,15.5823,85.4402,Amoxicillin,strips,213.4,16,13,11,8
2026-09-14,PHC-062,Silchar PHC-2,Silchar,Assam,15.5823,85.4402,Amoxicillin,strips,205.6,16,5,11,10
2026-09-15,PHC-062,Silchar PHC-2,Silchar,Assam,15.5823,85.4402,Amoxicillin,strips,198.3,16,6,11,10
2026-09-16,PHC-062,Silchar PHC-2,Silchar,Assam,15.5823,85.4402,Amoxicillin,strips,186.8,16,11,11,9
2026-09-17,PHC-062,Silchar PHC-2,Silchar,Assam,15.5823,85.4402,Amoxicillin,strips,175.4,16,10,11,10
2026-09-18,PHC-062,Silchar PHC-2,Silchar,Assam,15.5823,85.4402,Amoxicillin,strips,165.3,16,8,11,9
2026-09-19,PHC-062,Silchar PHC-2,Silchar,Assam,15.5823,85.4402,Amoxicillin,strips,158.9,16,8,11,11
2026-09-20,PHC-062,Silchar PHC-2,Silchar,Assam,15.5823,85.4402,Amoxicillin,strips,153.0,16,7,11,11
2026-09-21,PHC-062,Silchar PHC-2,Silchar,Assam,15.5823,85.4402,Amoxicillin,strips,147.3,16,11,11,9
2026-09-22,PHC-062,Silchar PHC-2,Silchar,Assam,15.5823,85.4402,Amoxicillin,strips,137.8,16,4,11,10
2026-09-23,PHC-062,Silchar PHC-2,Silchar,Assam,15.5823,85.4402,Amoxicillin,strips,130.2,16,12,11,9
2026-09-24,PHC-062,Silchar PHC-2,Silchar,Assam,15.5823,85.4402,Amoxicillin,strips,116.6,16,9,11,10
2026-09-25,PHC-062,Silchar PHC-2,Silchar,Assam,15.5823,85.4402,Amoxicillin,strips,110.1,16,10,11,9
2026-09-26,PHC-062,Silchar PHC-2,Silchar,Assam,15.5823,85.4402,Amoxicillin,strips,101.1,16,11,11,7
2026-08-28,PHC-062,Silchar PHC-2,Silchar,Assam,15.5823,85.4402,Iron Folic Acid Tablets,strips,384.7,16,14,11,9
2026-08-29,PHC-062,Silchar PHC-2,Silchar,Assam,15.5823,85.4402,Iron Folic Acid Tablets,strips,378.8,16,12,11,8
2026-08-30,PHC-062,Silchar PHC-2,Silchar,Assam,15.5823,85.4402,Iron Folic Acid Tablets,strips,376.0,16,12,11,9
2026-08-31,PHC-062,Silchar PHC-2,Silchar,Assam,15.5823,85.4402,Iron Folic Acid Tablets,strips,373.5,16,12,11,9
2026-09-01,PHC-062,Silchar PHC-2,Silchar,Assam,15.5823,85.4402,Iron Folic Acid Tablets,strips,378.5,16,1,11,10
2026-09-02,PHC-062,Silchar PHC-2,Silchar,Assam,15.5823,85.4402,Iron Folic Acid Tablets,strips,376.3,16,13,11,11
2026-09-03,PHC-062,Silchar PHC-2,Silchar,Assam,15.5823,85.4402,Iron Folic Acid Tablets,strips,380.4,16,11,11,11
2026-09-04,PHC-062,Silchar PHC-2,Silchar,Assam,15.5823,85.4402,Iron Folic Acid Tablets,strips,381.2,16,7,11,9
2026-09-05,PHC-062,Silchar PHC-2,Silchar,Assam,15.5823,85.4402,Iron Folic Acid Tablets,strips,381.0,16,7,11,9
2026-09-06,PHC-062,Silchar PHC-2,Silchar,Assam,15.5823,85.4402,Iron Folic Acid Tablets,strips,381.8,16,9,11,9
2026-09-07,PHC-062,Silchar PHC-2,Silchar,Assam,15.5823,85.4402,Iron Folic Acid Tablets,strips,386.2,16,14,11,8
2026-09-08,PHC-062,Silchar PHC-2,Silchar,Assam,15.5823,85.4402,Iron Folic Acid Tablets,strips,387.9,16,10,11,7
2026-09-09,PHC-062,Silchar PHC-2,Silchar,Assam,15.5823,85.4402,Iron Folic Acid Tablets,strips,387.9,16,5,11,8
2026-09-10,PHC-062,Silchar PHC-2,Silchar,Assam,15.5823,85.4402,Iron Folic Acid Tablets,strips,386.6,16,12,11,8
2026-09-11,PHC-062,Silchar PHC-2,Silchar,Assam,15.5823,85.4402,Iron Folic Acid Tablets,strips,383.1,16,8,11,9
2026-09-12,PHC-062,Silchar PHC-2,Silchar,Assam,15.5823,85.4402,Iron Folic Acid Tablets,strips,376.7,16,8,11,7
2026-09-13,PHC-062,Silchar PHC-2,Silchar,Assam,15.5823,85.4402,Iron Folic Acid Tablets,strips,355.4,16,11,11,10
2026-09-14,PHC-062,Silchar PHC-2,Silchar,Assam,15.5823,85.4402,Iron Folic Acid Tablets,strips,371.7,16,11,11,8
2026-09-15,PHC-062,Silchar PHC-2,Silchar,Assam,15.5823,85.4402,Iron Folic Acid Tablets,strips,367.4,16,5,11,11
2026-09-16,PHC-062,Silchar PHC-2,Silchar,Assam,15.5823,85.4402,Iron Folic Acid Tablets,strips,357.1,16,6,11,10
2026-09-17,PHC-062,Silchar PHC-2,Silchar,Assam,15.5823,85.4402,Iron Folic Acid Tablets,strips,351.4,16,14,11,11
2026-09-18,PHC-062,Silchar PHC-2,Silchar,Assam,15.5823,85.4402,Iron Folic Acid Tablets,strips,350.5,16,11,11,8
2026-09-19,PHC-062,Silchar PHC-2,Silchar,Assam,15.5823,85.4402,Iron Folic Acid Tablets,strips,333.9,16,9,11,10
2026-09-20,PHC-062,Silchar PHC-2,Silchar,Assam,15.5823,85.4402,Iron Folic Acid Tablets,strips,337.6,16,11,11,11
2026-09-21,PHC-062,Silchar PHC-2,Silchar,Assam,15.5823,85.4402,Iron Folic Acid Tablets,strips,339.2,16,9,11,9
2026-09-22,PHC-062,Silchar PHC-2,Silchar,Assam,15.5823,85.4402,Iron Folic Acid Tablets,strips,348.8,16,8,11,8
2026-09-23,PHC-062,Silchar PHC-2,Silchar,Assam,15.5823,85.4402,Iron Folic Acid Tablets,strips,341.4,16,9,11,9
2026-09-24,PHC-062,Silchar PHC-2,Silchar,Assam,15.5823,85.4402,Iron Folic Acid Tablets,strips,344.8,16,8,11,7
2026-09-25,PHC-062,Silchar PHC-2,Silchar,Assam,15.5823,85.4402,Iron Folic Acid Tablets,strips,346.0,16,11,11,10
2026-09-26,PHC-062,Silchar PHC-2,Silchar,Assam,15.5823,85.4402,Iron Folic Acid Tablets,strips,343.8,16,12,11,11
2026-08-28,PHC-063,Silchar PHC-3,Silchar,Assam,16.9678,71.8893,Paracetamol,units,677.9,24,15,12,9
2026-08-29,PHC-063,Silchar PHC-3,Silchar,Assam,16.9678,71.8893,Paracetamol,units,674.3,24,13,12,9
2026-08-30,PHC-063,Silchar PHC-3,Silchar,Assam,16.9678,71.8893,Paracetamol,units,674.9,24,17,12,9
2026-08-31,PHC-063,Silchar PHC-3,Silchar,Assam,16.9678,71.8893,Paracetamol,units,677.7,24,17,12,8
2026-09-01,PHC-063,Silchar PHC-3,Silchar,Assam,16.9678,71.8893,Paracetamol,units,672.0,24,17,12,12
2026-09-02,PHC-063,Silchar PHC-3,Silchar,Assam,16.9678,71.8893,Paracetamol,units,668.8,24,15,12,10
2026-09-03,PHC-063,Silchar PHC-3,Silchar,Assam,16.9678,71.8893,Paracetamol,units,669.0,24,12,12,8
2026-09-04,PHC-063,Silchar PHC-3,Silchar,Assam,16.9678,71.8893,Paracetamol,units,664.9,24,12,12,10
2026-09-05,PHC-063,Silchar PHC-3,Silchar,Assam,16.9678,71.8893,Paracetamol,units,661.2,24,10,12,9
2026-09-06,PHC-063,Silchar PHC-3,Silchar,Assam,16.9678,71.8893,Paracetamol,units,657.8,24,16,12,11
2026-09-07,PHC-063,Silchar PHC-3,Silchar,Assam,16.9678,71.8893,Paracetamol,units,665.5,24,16,12,10
2026-09-08,PHC-063,Silchar PHC-3,Silchar,Assam,16.9678,71.8893,Paracetamol,units,665.0,24,15,12,10
2026-09-09,PHC-063,Silchar PHC-3,Silchar,Assam,16.9678,71.8893,Paracetamol,units,666.1,24,14,12,10
2026-09-10,PHC-063,Silchar PHC-3,Silchar,Assam,16.9678,71.8893,Paracetamol,units,661.8,24,11,12,9
2026-09-11,PHC-063,Silchar PHC-3,Silchar,Assam,16.9678,71.8893,Paracetamol,units,659.3,24,16,12,10
2026-09-12,PHC-063,Silchar PHC-3,Silchar,Assam,16.9678,71.8893,Paracetamol,units,667.8,24,17,12,10
2026-09-13,PHC-063,Silchar PHC-3,Silchar,Assam,16.9678,71.8893,Paracetamol,units,668.5,24,8,12,9
2026-09-14,PHC-063,Silchar PHC-3,Silchar,Assam,16.9678,71.8893,Paracetamol,units,661.9,24,11,12,9
2026-09-15,PHC-063,Silchar PHC-3,Silchar,Assam,16.9678,71.8893,Paracetamol,units,665.6,24,18,12,9
2026-09-16,PHC-063,Silchar PHC-3,Silchar,Assam,16.9678,71.8893,Paracetamol,units,655.4,24,13,12,10
2026-09-17,PHC-063,Silchar PHC-3,Silchar,Assam,16.9678,71.8893,Paracetamol,units,658.3,24,16,12,9
2026-09-18,PHC-063,Silchar PHC-3,Silchar,Assam,16.9678,71.8893,Paracetamol,units,654.4,24,13,12,9
2026-09-19,PHC-063,Silchar PHC-3,Silchar,Assam,16.9678,71.8893,Paracetamol,units,651.5,24,20,12,12
2026-09-20,PHC-063,Silchar PHC-3,Silchar,Assam,16.9678,71.8893,Paracetamol,units,649.3,24,12,12,10
2026-09-21,PHC-063,Silchar PHC-3,Silchar,Assam,16.9678,71.8893,Paracetamol,units,648.7,24,12,12,10
2026-09-22,PHC-063,Silchar PHC-3,Silchar,Assam,16.9678,71.8893,Paracetamol,units,647.2,24,14,12,9
2026-09-23,PHC-063,Silchar PHC-3,Silchar,Assam,16.9678,71.8893,Paracetamol,units,647.1,24,12,12,9
2026-09-24,PHC-063,Silchar PHC-3,Silchar,Assam,16.9678,71.8893,Paracetamol,units,645.0,24,21,12,10
2026-09-25,PHC-063,Silchar PHC-3,Silchar,Assam,16.9678,71.8893,Paracetamol,units,650.3,24,11,12,12
2026-09-26,PHC-063,Silchar PHC-3,Silchar,Assam,16.9678,71.8893,Paracetamol,units,652.1,24,14,12,10
2026-08-28,PHC-063,Silchar PHC-3,Silchar,Assam,16.9678,71.8893,ORS Sachets,packets,357.1,24,10,12,12
2026-08-29,PHC-063,Silchar PHC-3,Silchar,Assam,16.9678,71.8893,ORS Sachets,packets,356.2,24,12,12,12
2026-08-30,PHC-063,Silchar PHC-3,Silchar,Assam,16.9678,71.8893,ORS Sachets,packets,358.5,24,13,12,10
2026-08-31,PHC-063,Silchar PHC-3,Silchar,Assam,16.9678,71.8893,ORS Sachets,packets,358.0,24,14,12,11
2026-09-01,PHC-063,Silchar PHC-3,Silchar,Assam,16.9678,71.8893,ORS Sachets,packets,357.2,24,9,12,12
2026-09-02,PHC-063,Silchar PHC-3,Silchar,Assam,16.9678,71.8893,ORS Sachets,packets,358.7,24,20,12,10
2026-09-03,PHC-063,Silchar PHC-3,Silchar,Assam,16.9678,71.8893,ORS Sachets,packets,354.8,24,9,12,10
2026-09-04,PHC-063,Silchar PHC-3,Silchar,Assam,16.9678,71.8893,ORS Sachets,packets,353.7,24,14,12,11
2026-09-05,PHC-063,Silchar PHC-3,Silchar,Assam,16.9678,71.8893,ORS Sachets,packets,351.6,24,12,12,11
2026-09-06,PHC-063,Silchar PHC-3,Silchar,Assam,16.9678,71.8893,ORS Sachets,packets,352.6,24,19,12,12
2026-09-07,PHC-063,Silchar PHC-3,Silchar,Assam,16.9678,71.8893,ORS Sachets,packets,353.9,24,10,12,10
2026-09-08,PHC-063,Silchar PHC-3,Silchar,Assam,16.9678,71.8893,ORS Sachets,packets,357.6,24,12,12,10
2026-09-09,PHC-063,Silchar PHC-3,Silchar,Assam,16.9678,71.8893,ORS Sachets,packets,364.9,24,20,12,11
2026-09-10,PHC-063,Silchar PHC-3,Silchar,Assam,16.9678,71.8893,ORS Sachets,packets,363.1,24,17,12,9
2026-09-11,PHC-063,Silchar PHC-3,Silchar,Assam,16.9678,71.8893,ORS Sachets,packets,366.5,24,16,12,10
2026-09-12,PHC-063,Silchar PHC-3,Silchar,Assam,16.9678,71.8893,ORS Sachets,packets,366.2,24,6,12,8
2026-09-13,PHC-063,Silchar PHC-3,Silchar,Assam,16.9678,71.8893,ORS Sachets,packets,363.0,24,14,12,8
2026-09-14,PHC-063,Silchar PHC-3,Silchar,Assam,16.9678,71.8893,ORS Sachets,packets,363.0,24,17,12,11
2026-09-15,PHC-063,Silchar PHC-3,Silchar,Assam,16.9678,71.8893,ORS Sachets,packets,363.9,24,9,12,10
2026-09-16,PHC-063,Silchar PHC-3,Silchar,Assam,16.9678,71.8893,ORS Sachets,packets,363.6,24,19,12,11
2026-09-17,PHC-063,Silchar PHC-3,Silchar,Assam,16.9678,71.8893,ORS Sachets,packets,363.1,24,12,12,8
2026-09-18,PHC-063,Silchar PHC-3,Silchar,Assam,16.9678,71.8893,ORS Sachets,packets,367.2,24,19,12,8
2026-09-19,PHC-063,Silchar PHC-3,Silchar,Assam,16.9678,71.8893,ORS Sachets,packets,362.5,24,10,12,10
2026-09-20,PHC-063,Silchar PHC-3,Silchar,Assam,16.9678,71.8893,ORS Sachets,packets,358.0,24,20,12,10
2026-09-21,PHC-063,Silchar PHC-3,Silchar,Assam,16.9678,71.8893,ORS Sachets,packets,358.3,24,14,12,10
2026-09-22,PHC-063,Silchar PHC-3,Silchar,Assam,16.9678,71.8893,ORS Sachets,packets,359.7,24,17,12,8
2026-09-23,PHC-063,Silchar PHC-3,Silchar,Assam,16.9678,71.8893,ORS Sachets,packets,361.0,24,12,12,10
2026-09-24,PHC-063,Silchar PHC-3,Silchar,Assam,16.9678,71.8893,ORS Sachets,packets,359.8,24,12,12,8
2026-09-25,PHC-063,Silchar PHC-3,Silchar,Assam,16.9678,71.8893,ORS Sachets,packets,363.5,24,13,12,11
2026-09-26,PHC-063,Silchar PHC-3,Silchar,Assam,16.9678,71.8893,ORS Sachets,packets,361.8,24,15,12,10
2026-08-28,PHC-063,Silchar PHC-3,Silchar,Assam,16.9678,71.8893,Insulin,vials,106.7,24,13,12,11
2026-08-29,PHC-063,Silchar PHC-3,Silchar,Assam,16.9678,71.8893,Insulin,vials,107.6,24,17,12,11
2026-08-30,PHC-063,Silchar PHC-3,Silchar,Assam,16.9678,71.8893,Insulin,vials,108.7,24,8,12,9
2026-08-31,PHC-063,Silchar PHC-3,Silchar,Assam,16.9678,71.8893,Insulin,vials,109.4,24,17,12,9
2026-09-01,PHC-063,Silchar PHC-3,Silchar,Assam,16.9678,71.8893,Insulin,vials,110.0,24,11,12,9
2026-09-02,PHC-063,Silchar PHC-3,Silchar,Assam,16.9678,71.8893,Insulin,vials,110.6,24,12,12,10
2026-09-03,PHC-063,Silchar PHC-3,Silchar,Assam,16.9678,71.8893,Insulin,vials,111.7,24,13,12,9
2026-09-04,PHC-063,Silchar PHC-3,Silchar,Assam,16.9678,71.8893,Insulin,vials,112.3,24,8,12,9
2026-09-05,PHC-063,Silchar PHC-3,Silchar,Assam,16.9678,71.8893,Insulin,vials,113.7,24,16,12,10
2026-09-06,PHC-063,Silchar PHC-3,Silchar,Assam,16.9678,71.8893,Insulin,vials,114.6,24,16,12,9
2026-09-07,PHC-063,Silchar PHC-3,Silchar,Assam,16.9678,71.8893,Insulin,vials,115.5,24,13,12,9
2026-09-08,PHC-063,Silchar PHC-3,Silchar,Assam,16.9678,71.8893,Insulin,vials,116.1,24,17,12,8
2026-09-09,PHC-063,Silchar PHC-3,Silchar,Assam,16.9678,71.8893,Insulin,vials,117.0,24,13,12,9
2026-09-10,PHC-063,Silchar PHC-3,Silchar,Assam,16.9678,71.8893,Insulin,vials,118.2,24,14,12,7
2026-09-11,PHC-063,Silchar PHC-3,Silchar,Assam,16.9678,71.8893,Insulin,vials,118.8,24,17,12,11
2026-09-12,PHC-063,Silchar PHC-3,Silchar,Assam,16.9678,71.8893,Insulin,vials,119.4,24,19,12,10
2026-09-13,PHC-063,Silchar PHC-3,Silchar,Assam,16.9678,71.8893,Insulin,vials,120.6,24,11,12,12
2026-09-14,PHC-063,Silchar PHC-3,Silchar,Assam,16.9678,71.8893,Insulin,vials,121.4,24,20,12,11
2026-09-15,PHC-063,Silchar PHC-3,Silchar,Assam,16.9678,71.8893,Insulin,vials,121.9,24,15,12,9
2026-09-16,PHC-063,Silchar PHC-3,Silchar,Assam,16.9678,71.8893,Insulin,vials,123.1,24,16,12,10
2026-09-17,PHC-063,Silchar PHC-3,Silchar,Assam,16.9678,71.8893,Insulin,vials,124.2,24,14,12,11
2026-09-18,PHC-063,Silchar PHC-3,Silchar,Assam,16.9678,71.8893,Insulin,vials,125.6,24,17,12,8
2026-09-19,PHC-063,Silchar PHC-3,Silchar,Assam,16.9678,71.8893,Insulin,vials,127.0,24,13,12,11
2026-09-20,PHC-063,Silchar PHC-3,Silchar,Assam,16.9678,71.8893,Insulin,vials,128.1,24,18,12,9
2026-09-21,PHC-063,Silchar PHC-3,Silchar,Assam,16.9678,71.8893,Insulin,vials,129.2,24,11,12,9
2026-09-22,PHC-063,Silchar PHC-3,Silchar,Assam,16.9678,71.8893,Insulin,vials,130.4,24,19,12,9
2026-09-23,PHC-063,Silchar PHC-3,Silchar,Assam,16.9678,71.8893,Insulin,vials,131.3,24,8,12,10
2026-09-24,PHC-063,Silchar PHC-3,Silchar,Assam,16.9678,71.8893,Insulin,vials,132.5,24,16,12,9
2026-09-25,PHC-063,Silchar PHC-3,Silchar,Assam,16.9678,71.8893,Insulin,vials,133.2,24,13,12,11
2026-09-26,PHC-063,Silchar PHC-3,Silchar,Assam,16.9678,71.8893,Insulin,vials,134.3,24,8,12,9
2026-08-28,PHC-063,Silchar PHC-3,Silchar,Assam,16.9678,71.8893,Amoxicillin,strips,518.0,24,14,12,10
2026-08-29,PHC-063,Silchar PHC-3,Silchar,Assam,16.9678,71.8893,Amoxicillin,strips,519.4,24,10,12,9
2026-08-30,PHC-063,Silchar PHC-3,Silchar,Assam,16.9678,71.8893,Amoxicillin,strips,521.6,24,8,12,8
2026-08-31,PHC-063,Silchar PHC-3,Silchar,Assam,16.9678,71.8893,Amoxicillin,strips,520.9,24,13,12,11
2026-09-01,PHC-063,Silchar PHC-3,Silchar,Assam,16.9678,71.8893,Amoxicillin,strips,524.8,24,15,12,9
2026-09-02,PHC-063,Silchar PHC-3,Silchar,Assam,16.9678,71.8893,Amoxicillin,strips,531.1,24,18,12,11
2026-09-03,PHC-063,Silchar PHC-3,Silchar,Assam,16.9678,71.8893,Amoxicillin,strips,533.7,24,15,12,10
2026-09-04,PHC-063,Silchar PHC-3,Silchar,Assam,16.9678,71.8893,Amoxicillin,strips,532.1,24,15,12,8
2026-09-05,PHC-063,Silchar PHC-3,Silchar,Assam,16.9678,71.8893,Amoxicillin,strips,538.2,24,16,12,9
2026-09-06,PHC-063,Silchar PHC-3,Silchar,Assam,16.9678,71.8893,Amoxicillin,strips,535.5,24,12,12,8
2026-09-07,PHC-063,Silchar PHC-3,Silchar,Assam,16.9678,71.8893,Amoxicillin,strips,537.9,24,16,12,12
2026-09-08,PHC-063,Silchar PHC-3,Silchar,Assam,16.9678,71.8893,Amoxicillin,strips,527.4,24,21,12,9
2026-09-09,PHC-063,Silchar PHC-3,Silchar,Assam,16.9678,71.8893,Amoxicillin,strips,527.9,24,15,12,10
2026-09-10,PHC-063,Silchar PHC-3,Silchar,Assam,16.9678,71.8893,Amoxicillin,strips,521.3,24,23,12,10
2026-09-11,PHC-063,Silchar PHC-3,Silchar,Assam,16.9678,71.8893,Amoxicillin,strips,525.9,24,10,12,11
2026-09-12,PHC-063,Silchar PHC-3,Silchar,Assam,16.9678,71.8893,Amoxicillin,strips,528.0,24,15,12,7
2026-09-13,PHC-063,Silchar PHC-3,Silchar,Assam,16.9678,71.8893,Amoxicillin,strips,532.5,24,13,12,12
2026-09-14,PHC-063,Silchar PHC-3,Silchar,Assam,16.9678,71.8893,Amoxicillin,strips,531.2,24,13,12,12
2026-09-15,PHC-063,Silchar PHC-3,Silchar,Assam,16.9678,71.8893,Amoxicillin,strips,529.8,24,19,12,11
2026-09-16,PHC-063,Silchar PHC-3,Silchar,Assam,16.9678,71.8893,Amoxicillin,strips,530.2,24,11,12,8
2026-09-17,PHC-063,Silchar PHC-3,Silchar,Assam,16.9678,71.8893,Amoxicillin,strips,537.3,24,14,12,8
2026-09-18,PHC-063,Silchar PHC-3,Silchar,Assam,16.9678,71.8893,Amoxicillin,strips,534.9,24,12,12,12
2026-09-19,PHC-063,Silchar PHC-3,Silchar,Assam,16.9678,71.8893,Amoxicillin,strips,535.5,24,12,12,9
2026-09-20,PHC-063,Silchar PHC-3,Silchar,Assam,16.9678,71.8893,Amoxicillin,strips,535.9,24,11,12,10
2026-09-21,PHC-063,Silchar PHC-3,Silchar,Assam,16.9678,71.8893,Amoxicillin,strips,534.6,24,11,12,11
2026-09-22,PHC-063,Silchar PHC-3,Silchar,Assam,16.9678,71.8893,Amoxicillin,strips,532.5,24,9,12,7
2026-09-23,PHC-063,Silchar PHC-3,Silchar,Assam,16.9678,71.8893,Amoxicillin,strips,535.5,24,18,12,10
2026-09-24,PHC-063,Silchar PHC-3,Silchar,Assam,16.9678,71.8893,Amoxicillin,strips,541.6,24,14,12,9
2026-09-25,PHC-063,Silchar PHC-3,Silchar,Assam,16.9678,71.8893,Amoxicillin,strips,543.2,24,16,12,9
2026-09-26,PHC-063,Silchar PHC-3,Silchar,Assam,16.9678,71.8893,Amoxicillin,strips,542.0,24,17,12,8
2026-08-28,PHC-063,Silchar PHC-3,Silchar,Assam,16.9678,71.8893,Iron Folic Acid Tablets,strips,689.7,24,10,12,11
2026-08-29,PHC-063,Silchar PHC-3,Silchar,Assam,16.9678,71.8893,Iron Folic Acid Tablets,strips,691.6,24,18,12,9
2026-08-30,PHC-063,Silchar PHC-3,Silchar,Assam,16.9678,71.8893,Iron Folic Acid Tablets,strips,693.2,24,14,12,9
2026-08-31,PHC-063,Silchar PHC-3,Silchar,Assam,16.9678,71.8893,Iron Folic Acid Tablets,strips,695.9,24,16,12,9
2026-09-01,PHC-063,Silchar PHC-3,Silchar,Assam,16.9678,71.8893,Iron Folic Acid Tablets,strips,694.9,24,18,12,9
2026-09-02,PHC-063,Silchar PHC-3,Silchar,Assam,16.9678,71.8893,Iron Folic Acid Tablets,strips,697.0,24,21,12,9
2026-09-03,PHC-063,Silchar PHC-3,Silchar,Assam,16.9678,71.8893,Iron Folic Acid Tablets,strips,699.3,24,9,12,7
2026-09-04,PHC-063,Silchar PHC-3,Silchar,Assam,16.9678,71.8893,Iron Folic Acid Tablets,strips,704.3,24,20,12,9
2026-09-05,PHC-063,Silchar PHC-3,Silchar,Assam,16.9678,71.8893,Iron Folic Acid Tablets,strips,709.9,24,12,12,9
2026-09-06,PHC-063,Silchar PHC-3,Silchar,Assam,16.9678,71.8893,Iron Folic Acid Tablets,strips,718.5,24,17,12,8
2026-09-07,PHC-063,Silchar PHC-3,Silchar,Assam,16.9678,71.8893,Iron Folic Acid Tablets,strips,726.8,24,15,12,9
2026-09-08,PHC-063,Silchar PHC-3,Silchar,Assam,16.9678,71.8893,Iron Folic Acid Tablets,strips,731.9,24,19,12,10
2026-09-09,PHC-063,Silchar PHC-3,Silchar,Assam,16.9678,71.8893,Iron Folic Acid Tablets,strips,730.5,24,19,12,11
2026-09-10,PHC-063,Silchar PHC-3,Silchar,Assam,16.9678,71.8893,Iron Folic Acid Tablets,strips,727.3,24,18,12,12
2026-09-11,PHC-063,Silchar PHC-3,Silchar,Assam,16.9678,71.8893,Iron Folic Acid Tablets,strips,725.9,24,18,12,10
2026-09-12,PHC-063,Silchar PHC-3,Silchar,Assam,16.9678,71.8893,Iron Folic Acid Tablets,strips,727.2,24,15,12,8
2026-09-13,PHC-063,Silchar PHC-3,Silchar,Assam,16.9678,71.8893,Iron Folic Acid Tablets,strips,730.0,24,12,12,9
2026-09-14,PHC-063,Silchar PHC-3,Silchar,Assam,16.9678,71.8893,Iron Folic Acid Tablets,strips,726.9,24,17,12,9
2026-09-15,PHC-063,Silchar PHC-3,Silchar,Assam,16.9678,71.8893,Iron Folic Acid Tablets,strips,725.4,24,11,12,11
2026-09-16,PHC-063,Silchar PHC-3,Silchar,Assam,16.9678,71.8893,Iron Folic Acid Tablets,strips,723.3,24,11,12,10
2026-09-17,PHC-063,Silchar PHC-3,Silchar,Assam,16.9678,71.8893,Iron Folic Acid Tablets,strips,731.2,24,13,12,9
2026-09-18,PHC-063,Silchar PHC-3,Silchar,Assam,16.9678,71.8893,Iron Folic Acid Tablets,strips,732.3,24,11,12,11
2026-09-19,PHC-063,Silchar PHC-3,Silchar,Assam,16.9678,71.8893,Iron Folic Acid Tablets,strips,735.5,24,15,12,10
2026-09-20,PHC-063,Silchar PHC-3,Silchar,Assam,16.9678,71.8893,Iron Folic Acid Tablets,strips,735.5,24,22,12,12
2026-09-21,PHC-063,Silchar PHC-3,Silchar,Assam,16.9678,71.8893,Iron Folic Acid Tablets,strips,733.3,24,6,12,9
2026-09-22,PHC-063,Silchar PHC-3,Silchar,Assam,16.9678,71.8893,Iron Folic Acid Tablets,strips,731.6,24,13,12,10
2026-09-23,PHC-063,Silchar PHC-3,Silchar,Assam,16.9678,71.8893,Iron Folic Acid Tablets,strips,733.6,24,14,12,9
2026-09-24,PHC-063,Silchar PHC-3,Silchar,Assam,16.9678,71.8893,Iron Folic Acid Tablets,strips,739.1,24,11,12,10
2026-09-25,PHC-063,Silchar PHC-3,Silchar,Assam,16.9678,71.8893,Iron Folic Acid Tablets,strips,735.8,24,19,12,10
2026-09-26,PHC-063,Silchar PHC-3,Silchar,Assam,16.9678,71.8893,Iron Folic Acid Tablets,strips,742.7,24,16,12,9
